Name,Category,CategoryID,GO,Description,PARENT_GO,LogP,Enrichment,Z-score,#TotalGeneInLibrary,#GeneInGO,#GeneInHitList,#GeneInGOAndHitList,%InGO,STDV %InGO,GeneID,Hits,Log(q-value)
Protein,GO Biological Processes,19,GO:0008088,axo-dendritic transport,19_GO:0051179 localization,-4.9,40,11,795,3,20,3,15,8,3315|4137|4747,HSPB1|MAPT|NEFL,-1.1
Protein,GO Biological Processes,19,GO:0098930,axonal transport,19_GO:0051179 localization,-4.9,40,11,795,3,20,3,15,8,3315|4137|4747,HSPB1|MAPT|NEFL,-1.1
Protein,GO Biological Processes,19,GO:0007018,microtubule-based movement,19_GO:0009987 cellular process,-4.3,30,9.3,795,4,20,3,15,8,3315|4137|4747,HSPB1|MAPT|NEFL,-1.1
Protein,GO Biological Processes,19,GO:0099111,microtubule-based transport,19_GO:0051179 localization,-4.3,30,9.3,795,4,20,3,15,8,3315|4137|4747,HSPB1|MAPT|NEFL,-1.1
Protein,GO Biological Processes,19,GO:0030705,cytoskeleton-dependent intracellular transport,19_GO:0051179 localization,-4.3,30,9.3,795,4,20,3,15,8,3315|4137|4747,HSPB1|MAPT|NEFL,-1.1
Protein,GO Biological Processes,19,GO:0010970,transport along microtubule,19_GO:0051179 localization,-4.3,30,9.3,795,4,20,3,15,8,3315|4137|4747,HSPB1|MAPT|NEFL,-1.1
Protein,GO Biological Processes,19,GO:0071363,cellular response to growth factor stimulus,19_GO:0050896 response to stimulus,-3.1,3.5,4.1,795,91,20,8,40,11,301|3315|3576|4086|4137|6714|8936|10563,ANXA1|HSPB1|CXCL8|SMAD1|MAPT|SRC|WASF1|CXCL13,-0.46
Protein,GO Biological Processes,19,GO:0070848,response to growth factor,19_GO:0050896 response to stimulus,-3,3.5,4,795,92,20,8,40,11,301|3315|3576|4086|4137|6714|8936|10563,ANXA1|HSPB1|CXCL8|SMAD1|MAPT|SRC|WASF1|CXCL13,-0.46
Protein,GO Biological Processes,19,GO:0002862,negative regulation of inflammatory response to antigenic stimulus,19_GO:0002376 immune system process,-3,13,5.9,795,9,20,3,15,8,3593|5682|6714,IL12B|PSMA1|SRC,-0.46
Protein,GO Biological Processes,19,GO:0051258,protein polymerization,19_GO:0009987 cellular process,-3,13,5.9,795,9,20,3,15,8,4137|4747|8936,MAPT|NEFL|WASF1,-0.46
Protein,GO Biological Processes,19,GO:0002861,regulation of inflammatory response to antigenic stimulus,19_GO:0002376 immune system process,-2.6,9.9,5,795,12,20,3,15,8,3593|5682|6714,IL12B|PSMA1|SRC,-0.14
Protein,GO Biological Processes,19,GO:0048565,digestive tract development,19_GO:0032502 developmental process,-2.3,8,4.4,795,15,20,3,15,8,3576|6714|10551,CXCL8|SRC|AGR2,0
Protein,GO Biological Processes,19,GO:0055123,digestive system development,19_GO:0032502 developmental process,-2.3,8,4.4,795,15,20,3,15,8,3576|6714|10551,CXCL8|SRC|AGR2,0
Protein,GO Biological Processes,19,GO:0031346,positive regulation of cell projection organization,19_GO:0048518 positive regulation of biological process,-2.3,5.3,3.9,795,30,20,4,20,8.9,4086|4137|4747|6714,SMAD1|MAPT|NEFL|SRC,0
Protein,GO Biological Processes,19,GO:0097435,supramolecular fiber organization,19_GO:0009987 cellular process,-2.2,5.1,3.8,795,31,20,4,20,8.9,4137|4747|6714|8936,MAPT|NEFL|SRC|WASF1,0
Protein,GO Biological Processes,19,GO:0071222,cellular response to lipopolysaccharide,19_GO:0044419 biological process involved in interspecies interaction between organisms,-2.1,4.7,3.5,795,34,20,4,20,8.9,3576|3593|6714|10563,CXCL8|IL12B|SRC|CXCL13,0
Protein,GO Biological Processes,19,GO:0071219,cellular response to molecule of bacterial origin,19_GO:0044419 biological process involved in interspecies interaction between organisms,-2,4.5,3.4,795,35,20,4,20,8.9,3576|3593|6714|10563,CXCL8|IL12B|SRC|CXCL13,0
Protein_MCODE_ALL,GO Biological Processes,19,GO:0071396,cellular response to lipid,19_GO:0050896 response to stimulus,-4.5,13,7,795,60,4,4,1e+02,22,301|3576|6714|10563,ANXA1|CXCL8|SRC|CXCL13,-1.1
Protein_MCODE_ALL,GO Biological Processes,19,GO:0050900,leukocyte migration,19_GO:0002376 immune system process,-4.4,12,6.7,795,66,4,4,1e+02,22,301|3576|6714|10563,ANXA1|CXCL8|SRC|CXCL13,-1.1
Protein_MCODE_ALL,GO Biological Processes,19,GO:0071621,granulocyte chemotaxis,19_GO:0040011 locomotion,-3.9,23,8.1,795,26,4,3,75,22,301|3576|10563,ANXA1|CXCL8|CXCL13,-0.85
Protein_MCODE_ALL,GO Biological Processes,19,GO:0097530,granulocyte migration,19_GO:0002376 immune system process,-3.8,21,7.8,795,28,4,3,75,22,301|3576|10563,ANXA1|CXCL8|CXCL13,-0.85
Protein_MCODE_ALL,GO Biological Processes,19,GO:0071363,cellular response to growth factor stimulus,19_GO:0050896 response to stimulus,-3.8,8.7,5.6,795,91,4,4,1e+02,22,301|3576|6714|10563,ANXA1|CXCL8|SRC|CXCL13,-0.85
Protein_MCODE_ALL,GO Biological Processes,19,GO:0070848,response to growth factor,19_GO:0050896 response to stimulus,-3.8,8.6,5.5,795,92,4,4,1e+02,22,301|3576|6714|10563,ANXA1|CXCL8|SRC|CXCL13,-0.85
Protein_MCODE_ALL,GO Biological Processes,19,GO:2000147,positive regulation of cell motility,19_GO:0040011 locomotion,-3.7,8.1,5.3,795,98,4,4,1e+02,22,301|3576|6714|10563,ANXA1|CXCL8|SRC|CXCL13,-0.83
Protein_MCODE_ALL,GO Biological Processes,19,GO:0030335,positive regulation of cell migration,19_GO:0040011 locomotion,-3.7,8.1,5.3,795,98,4,4,1e+02,22,301|3576|6714|10563,ANXA1|CXCL8|SRC|CXCL13,-0.83
Protein_MCODE_ALL,GO Biological Processes,19,GO:0040017,positive regulation of locomotion,19_GO:0040011 locomotion,-3.6,8,5.3,795,100,4,4,1e+02,22,301|3576|6714|10563,ANXA1|CXCL8|SRC|CXCL13,-0.83
Protein_MCODE_ALL,GO Biological Processes,19,GO:0071222,cellular response to lipopolysaccharide,19_GO:0044419 biological process involved in interspecies interaction between organisms,-3.6,18,7,795,34,4,3,75,22,3576|6714|10563,CXCL8|SRC|CXCL13,-0.8
Protein_MCODE_ALL,GO Biological Processes,19,GO:0071219,cellular response to molecule of bacterial origin,19_GO:0044419 biological process involved in interspecies interaction between organisms,-3.5,17,6.9,795,35,4,3,75,22,3576|6714|10563,CXCL8|SRC|CXCL13,-0.79
Protein_MCODE_ALL,GO Biological Processes,19,GO:0071216,cellular response to biotic stimulus,19_GO:0050896 response to stimulus,-3.4,16,6.6,795,38,4,3,75,22,3576|6714|10563,CXCL8|SRC|CXCL13,-0.74
Protein_MCODE_ALL,GO Biological Processes,19,GO:0097529,myeloid leukocyte migration,19_GO:0002376 immune system process,-3.4,16,6.6,795,38,4,3,75,22,301|3576|10563,ANXA1|CXCL8|CXCL13,-0.74
Protein_MCODE_ALL,GO Biological Processes,19,GO:0030595,leukocyte chemotaxis,19_GO:0040011 locomotion,-3.2,14,6.1,795,44,4,3,75,22,301|3576|10563,ANXA1|CXCL8|CXCL13,-0.57
Protein_MCODE_ALL,GO Biological Processes,19,GO:0032496,response to lipopolysaccharide,19_GO:0044419 biological process involved in interspecies interaction between organisms,-3,12,5.6,795,51,4,3,75,22,3576|6714|10563,CXCL8|SRC|CXCL13,-0.46
Protein_MCODE_ALL,GO Biological Processes,19,GO:0002237,response to molecule of bacterial origin,19_GO:0044419 biological process involved in interspecies interaction between organisms,-3,11,5.5,795,52,4,3,75,22,3576|6714|10563,CXCL8|SRC|CXCL13,-0.46
Protein_MCODE_ALL,GO Biological Processes,19,GO:0060326,cell chemotaxis,19_GO:0040011 locomotion,-3,11,5.5,795,53,4,3,75,22,301|3576|10563,ANXA1|CXCL8|CXCL13,-0.46
Protein_MCODE_ALL,GO Biological Processes,19,GO:0002685,regulation of leukocyte migration,19_GO:0040011 locomotion,-3,11,5.5,795,53,4,3,75,22,301|3576|10563,ANXA1|CXCL8|CXCL13,-0.46
Protein_MCODE_ALL,GO Biological Processes,19,GO:0006897,endocytosis,19_GO:0051179 localization,-2.9,11,5.4,795,54,4,3,75,22,301|3576|6714,ANXA1|CXCL8|SRC,-0.46
Protein_MCODE_ALL,GO Biological Processes,19,GO:0098657,import into cell,19_GO:0051179 localization,-2.9,11,5.4,795,55,4,3,75,22,301|3576|6714,ANXA1|CXCL8|SRC,-0.45
Protein_MCODE_ALL,GO Biological Processes,19,GO:0022409,positive regulation of cell-cell adhesion,19_GO:0048518 positive regulation of biological process,-2.8,9.9,5.1,795,60,4,3,75,22,301|6714|10563,ANXA1|SRC|CXCL13,-0.35
Protein_MCODE_ALL,GO Biological Processes,19,GO:0042330,taxis,19_GO:0040011 locomotion,-2.5,7.5,4.4,795,79,4,3,75,22,301|3576|10563,ANXA1|CXCL8|CXCL13,-0.037
Protein_MCODE_ALL,GO Biological Processes,19,GO:0006935,chemotaxis,19_GO:0040011 locomotion,-2.5,7.5,4.4,795,79,4,3,75,22,301|3576|10563,ANXA1|CXCL8|CXCL13,-0.037
Protein_MCODE_ALL,GO Biological Processes,19,GO:0040011,locomotion,19_GO:0040011 locomotion,-2.4,7.4,4.3,795,81,4,3,75,22,301|3576|10563,ANXA1|CXCL8|CXCL13,-0.02
Protein_MCODE_ALL,GO Biological Processes,19,GO:0009617,response to bacterium,19_GO:0044419 biological process involved in interspecies interaction between organisms,-2.4,7.1,4.2,795,84,4,3,75,22,3576|6714|10563,CXCL8|SRC|CXCL13,0
Protein_MCODE_ALL,GO Biological Processes,19,GO:0022407,regulation of cell-cell adhesion,19_GO:0050789 regulation of biological process,-2.3,6.9,4.1,795,87,4,3,75,22,301|6714|10563,ANXA1|SRC|CXCL13,0
Protein_MCODE_ALL,GO Biological Processes,19,GO:0045785,positive regulation of cell adhesion,19_GO:0048518 positive regulation of biological process,-2.3,6.6,4,795,90,4,3,75,22,301|6714|10563,ANXA1|SRC|CXCL13,0
Protein_MCODE_ALL,GO Biological Processes,19,GO:0032103,positive regulation of response to external stimulus,19_GO:0048518 positive regulation of biological process,-2.2,6.4,3.9,795,93,4,3,75,22,3576|6714|10563,CXCL8|SRC|CXCL13,0
Protein_MCODE_ALL,GO Biological Processes,19,GO:0006954,inflammatory response,19_GO:0050896 response to stimulus,-2.2,6.1,3.8,795,97,4,3,75,22,301|3576|10563,ANXA1|CXCL8|CXCL13,0
Protein_SUB1_MCODE_1,GO Biological Processes,19,GO:0071396,cellular response to lipid,19_GO:0050896 response to stimulus,-4.5,13,7,795,60,4,4,1e+02,22,301|3576|6714|10563,ANXA1|CXCL8|SRC|CXCL13,-1.1
Protein_SUB1_MCODE_1,GO Biological Processes,19,GO:0050900,leukocyte migration,19_GO:0002376 immune system process,-4.4,12,6.7,795,66,4,4,1e+02,22,301|3576|6714|10563,ANXA1|CXCL8|SRC|CXCL13,-1.1
Protein_SUB1_MCODE_1,GO Biological Processes,19,GO:0071621,granulocyte chemotaxis,19_GO:0040011 locomotion,-3.9,23,8.1,795,26,4,3,75,22,301|3576|10563,ANXA1|CXCL8|CXCL13,-0.85
Protein_SUB1_MCODE_1,GO Biological Processes,19,GO:0097530,granulocyte migration,19_GO:0002376 immune system process,-3.8,21,7.8,795,28,4,3,75,22,301|3576|10563,ANXA1|CXCL8|CXCL13,-0.85
Protein_SUB1_MCODE_1,GO Biological Processes,19,GO:0071363,cellular response to growth factor stimulus,19_GO:0050896 response to stimulus,-3.8,8.7,5.6,795,91,4,4,1e+02,22,301|3576|6714|10563,ANXA1|CXCL8|SRC|CXCL13,-0.85
Protein_SUB1_MCODE_1,GO Biological Processes,19,GO:0070848,response to growth factor,19_GO:0050896 response to stimulus,-3.8,8.6,5.5,795,92,4,4,1e+02,22,301|3576|6714|10563,ANXA1|CXCL8|SRC|CXCL13,-0.85
Protein_SUB1_MCODE_1,GO Biological Processes,19,GO:2000147,positive regulation of cell motility,19_GO:0040011 locomotion,-3.7,8.1,5.3,795,98,4,4,1e+02,22,301|3576|6714|10563,ANXA1|CXCL8|SRC|CXCL13,-0.83
Protein_SUB1_MCODE_1,GO Biological Processes,19,GO:0030335,positive regulation of cell migration,19_GO:0040011 locomotion,-3.7,8.1,5.3,795,98,4,4,1e+02,22,301|3576|6714|10563,ANXA1|CXCL8|SRC|CXCL13,-0.83
Protein_SUB1_MCODE_1,GO Biological Processes,19,GO:0040017,positive regulation of locomotion,19_GO:0040011 locomotion,-3.6,8,5.3,795,100,4,4,1e+02,22,301|3576|6714|10563,ANXA1|CXCL8|SRC|CXCL13,-0.83
Protein_SUB1_MCODE_1,GO Biological Processes,19,GO:0071222,cellular response to lipopolysaccharide,19_GO:0044419 biological process involved in interspecies interaction between organisms,-3.6,18,7,795,34,4,3,75,22,3576|6714|10563,CXCL8|SRC|CXCL13,-0.8
Protein_SUB1_MCODE_1,GO Biological Processes,19,GO:0071219,cellular response to molecule of bacterial origin,19_GO:0044419 biological process involved in interspecies interaction between organisms,-3.5,17,6.9,795,35,4,3,75,22,3576|6714|10563,CXCL8|SRC|CXCL13,-0.79
Protein_SUB1_MCODE_1,GO Biological Processes,19,GO:0097529,myeloid leukocyte migration,19_GO:0002376 immune system process,-3.4,16,6.6,795,38,4,3,75,22,301|3576|10563,ANXA1|CXCL8|CXCL13,-0.74
Protein_SUB1_MCODE_1,GO Biological Processes,19,GO:0071216,cellular response to biotic stimulus,19_GO:0050896 response to stimulus,-3.4,16,6.6,795,38,4,3,75,22,3576|6714|10563,CXCL8|SRC|CXCL13,-0.74
Protein_SUB1_MCODE_1,GO Biological Processes,19,GO:0030595,leukocyte chemotaxis,19_GO:0040011 locomotion,-3.2,14,6.1,795,44,4,3,75,22,301|3576|10563,ANXA1|CXCL8|CXCL13,-0.57
Protein_SUB1_MCODE_1,GO Biological Processes,19,GO:0032496,response to lipopolysaccharide,19_GO:0044419 biological process involved in interspecies interaction between organisms,-3,12,5.6,795,51,4,3,75,22,3576|6714|10563,CXCL8|SRC|CXCL13,-0.46
Protein_SUB1_MCODE_1,GO Biological Processes,19,GO:0002237,response to molecule of bacterial origin,19_GO:0044419 biological process involved in interspecies interaction between organisms,-3,11,5.5,795,52,4,3,75,22,3576|6714|10563,CXCL8|SRC|CXCL13,-0.46
Protein_SUB1_MCODE_1,GO Biological Processes,19,GO:0060326,cell chemotaxis,19_GO:0040011 locomotion,-3,11,5.5,795,53,4,3,75,22,301|3576|10563,ANXA1|CXCL8|CXCL13,-0.46
Protein_SUB1_MCODE_1,GO Biological Processes,19,GO:0002685,regulation of leukocyte migration,19_GO:0040011 locomotion,-3,11,5.5,795,53,4,3,75,22,301|3576|10563,ANXA1|CXCL8|CXCL13,-0.46
Protein_SUB1_MCODE_1,GO Biological Processes,19,GO:0006897,endocytosis,19_GO:0051179 localization,-2.9,11,5.4,795,54,4,3,75,22,301|3576|6714,ANXA1|CXCL8|SRC,-0.46
Protein_SUB1_MCODE_1,GO Biological Processes,19,GO:0098657,import into cell,19_GO:0051179 localization,-2.9,11,5.4,795,55,4,3,75,22,301|3576|6714,ANXA1|CXCL8|SRC,-0.45
Protein_SUB1_MCODE_1,GO Biological Processes,19,GO:0022409,positive regulation of cell-cell adhesion,19_GO:0048518 positive regulation of biological process,-2.8,9.9,5.1,795,60,4,3,75,22,301|6714|10563,ANXA1|SRC|CXCL13,-0.35
Protein_SUB1_MCODE_1,GO Biological Processes,19,GO:0042330,taxis,19_GO:0040011 locomotion,-2.5,7.5,4.4,795,79,4,3,75,22,301|3576|10563,ANXA1|CXCL8|CXCL13,-0.037
Protein_SUB1_MCODE_1,GO Biological Processes,19,GO:0006935,chemotaxis,19_GO:0040011 locomotion,-2.5,7.5,4.4,795,79,4,3,75,22,301|3576|10563,ANXA1|CXCL8|CXCL13,-0.037
Protein_SUB1_MCODE_1,GO Biological Processes,19,GO:0040011,locomotion,19_GO:0040011 locomotion,-2.4,7.4,4.3,795,81,4,3,75,22,301|3576|10563,ANXA1|CXCL8|CXCL13,-0.02
Protein_SUB1_MCODE_1,GO Biological Processes,19,GO:0009617,response to bacterium,19_GO:0044419 biological process involved in interspecies interaction between organisms,-2.4,7.1,4.2,795,84,4,3,75,22,3576|6714|10563,CXCL8|SRC|CXCL13,0
Protein_SUB1_MCODE_1,GO Biological Processes,19,GO:0022407,regulation of cell-cell adhesion,19_GO:0050789 regulation of biological process,-2.3,6.9,4.1,795,87,4,3,75,22,301|6714|10563,ANXA1|SRC|CXCL13,0
Protein_SUB1_MCODE_1,GO Biological Processes,19,GO:0045785,positive regulation of cell adhesion,19_GO:0048518 positive regulation of biological process,-2.3,6.6,4,795,90,4,3,75,22,301|6714|10563,ANXA1|SRC|CXCL13,0
Protein_SUB1_MCODE_1,GO Biological Processes,19,GO:0032103,positive regulation of response to external stimulus,19_GO:0048518 positive regulation of biological process,-2.2,6.4,3.9,795,93,4,3,75,22,3576|6714|10563,CXCL8|SRC|CXCL13,0
Protein_SUB1_MCODE_1,GO Biological Processes,19,GO:0006954,inflammatory response,19_GO:0050896 response to stimulus,-2.2,6.1,3.8,795,97,4,3,75,22,301|3576|10563,ANXA1|CXCL8|CXCL13,0
