Network,Annotation
Protein,GO:0030335|positive regulation of cell migration|-5.7;GO:2000147|positive regulation of cell motility|-5.7;GO:0040017|positive regulation of locomotion|-5.6
Protein_MCODE_ALL,GO:0001704|formation of primary germ layer|-3.9;GO:0006935|chemotaxis|-3.9;GO:0042330|taxis|-3.9
Protein_SUB1_MCODE_1,GO:0071621|granulocyte chemotaxis|-5.4;GO:0097530|granulocyte migration|-5.2;GO:0097529|myeloid leukocyte migration|-4.7
Protein_SUB1_MCODE_2,GO:0001704|formation of primary germ layer|-5.0;GO:0007369|gastrulation|-4.4;GO:0044409|symbiont entry into host|-3.5
