Name,Category,CategoryID,GO,Description,PARENT_GO,LogP,Enrichment,Z-score,#TotalGeneInLibrary,#GeneInGO,#GeneInHitList,#GeneInGOAndHitList,%InGO,STDV %InGO,GeneID,Hits,Log(q-value)
Protein,GO Biological Processes,19,GO:0030335,positive regulation of cell migration,19_GO:0040011 locomotion,-5.7,4.1,5.9,795,98,26,13,50,9.8,301|1969|3480|3491|3627|3685|3791|4192|5979|6370|6678|7048|10563,ANXA1|EPHA2|IGF1R|CCN1|CXCL10|ITGAV|KDR|MDK|RET|CCL25|SPARC|TGFBR2|CXCL13,-2.3
Protein,GO Biological Processes,19,GO:2000147,positive regulation of cell motility,19_GO:0040011 locomotion,-5.7,4.1,5.9,795,98,26,13,50,9.8,301|1969|3480|3491|3627|3685|3791|4192|5979|6370|6678|7048|10563,ANXA1|EPHA2|IGF1R|CCN1|CXCL10|ITGAV|KDR|MDK|RET|CCL25|SPARC|TGFBR2|CXCL13,-2.3
Protein,GO Biological Processes,19,GO:0040017,positive regulation of locomotion,19_GO:0040011 locomotion,-5.6,4,5.8,795,100,26,13,50,9.8,301|1969|3480|3491|3627|3685|3791|4192|5979|6370|6678|7048|10563,ANXA1|EPHA2|IGF1R|CCN1|CXCL10|ITGAV|KDR|MDK|RET|CCL25|SPARC|TGFBR2|CXCL13,-2.3
Protein,GO Biological Processes,19,GO:0035924,cellular response to vascular endothelial growth factor stimulus,19_GO:0050896 response to stimulus,-5.4,8.9,7.2,795,24,26,7,27,8.7,301|1969|2064|2066|3480|3791|5979,ANXA1|EPHA2|ERBB2|ERBB4|IGF1R|KDR|RET,-2.3
Protein,GO Biological Processes,19,GO:0035790,platelet-derived growth factor receptor-alpha signaling pathway,19_GO:0050896 response to stimulus,-5.4,11,7.8,795,16,26,6,23,8.3,1969|2064|2066|3480|3791|5979,EPHA2|ERBB2|ERBB4|IGF1R|KDR|RET,-2.3
Protein,GO Biological Processes,19,GO:0036215,response to stem cell factor,19_GO:0050896 response to stimulus,-5.4,11,7.8,795,16,26,6,23,8.3,1969|2064|2066|3480|3791|5979,EPHA2|ERBB2|ERBB4|IGF1R|KDR|RET,-2.3
Protein,GO Biological Processes,19,GO:0031547,brain-derived neurotrophic factor receptor signaling pathway,19_GO:0050896 response to stimulus,-5.4,11,7.8,795,16,26,6,23,8.3,1969|2064|2066|3480|3791|5979,EPHA2|ERBB2|ERBB4|IGF1R|KDR|RET,-2.3
Protein,GO Biological Processes,19,GO:0036323,vascular endothelial growth factor receptor-1 signaling pathway,19_GO:0050896 response to stimulus,-5.4,11,7.8,795,16,26,6,23,8.3,1969|2064|2066|3480|3791|5979,EPHA2|ERBB2|ERBB4|IGF1R|KDR|RET,-2.3
Protein,GO Biological Processes,19,GO:0038109,Kit signaling pathway,19_GO:0050896 response to stimulus,-5.4,11,7.8,795,16,26,6,23,8.3,1969|2064|2066|3480|3791|5979,EPHA2|ERBB2|ERBB4|IGF1R|KDR|RET,-2.3
Protein,GO Biological Processes,19,GO:0048009,insulin-like growth factor receptor signaling pathway,19_GO:0050896 response to stimulus,-5.4,11,7.8,795,16,26,6,23,8.3,1969|2064|2066|3480|3791|5979,EPHA2|ERBB2|ERBB4|IGF1R|KDR|RET,-2.3
Protein,GO Biological Processes,19,GO:0036216,cellular response to stem cell factor stimulus,19_GO:0050896 response to stimulus,-5.4,11,7.8,795,16,26,6,23,8.3,1969|2064|2066|3480|3791|5979,EPHA2|ERBB2|ERBB4|IGF1R|KDR|RET,-2.3
Protein,GO Biological Processes,19,GO:0045785,positive regulation of cell adhesion,19_GO:0048518 positive regulation of biological process,-5.3,4.1,5.7,795,90,26,12,46,9.8,301|2064|3491|3685|3791|3956|4192|5979|6370|7048|10563|23308,ANXA1|ERBB2|CCN1|ITGAV|KDR|LGALS1|MDK|RET|CCL25|TGFBR2|CXCL13|ICOSLG,-2.3
Protein,GO Biological Processes,19,GO:0048012,hepatocyte growth factor receptor signaling pathway,19_GO:0050896 response to stimulus,-5.2,11,7.5,795,17,26,6,23,8.3,1969|2064|2066|3480|3791|5979,EPHA2|ERBB2|ERBB4|IGF1R|KDR|RET,-2.3
Protein,GO Biological Processes,19,GO:0038145,macrophage colony-stimulating factor signaling pathway,19_GO:0050896 response to stimulus,-5.2,11,7.5,795,17,26,6,23,8.3,1969|2064|2066|3480|3791|5979,EPHA2|ERBB2|ERBB4|IGF1R|KDR|RET,-2.3
Protein,GO Biological Processes,19,GO:0038063,collagen-activated tyrosine kinase receptor signaling pathway,19_GO:0050896 response to stimulus,-5.2,11,7.5,795,17,26,6,23,8.3,1969|2064|2066|3480|3791|5979,EPHA2|ERBB2|ERBB4|IGF1R|KDR|RET,-2.3
Protein,GO Biological Processes,19,GO:0036006,cellular response to macrophage colony-stimulating factor stimulus,19_GO:0050896 response to stimulus,-5.2,11,7.5,795,17,26,6,23,8.3,1969|2064|2066|3480|3791|5979,EPHA2|ERBB2|ERBB4|IGF1R|KDR|RET,-2.3
Protein,GO Biological Processes,19,GO:0036005,response to macrophage colony-stimulating factor,19_GO:0050896 response to stimulus,-5,10,7.2,795,18,26,6,23,8.3,1969|2064|2066|3480|3791|5979,EPHA2|ERBB2|ERBB4|IGF1R|KDR|RET,-2.2
Protein,GO Biological Processes,19,GO:0008286,insulin receptor signaling pathway,19_GO:0050896 response to stimulus,-5,10,7.2,795,18,26,6,23,8.3,1969|2064|2066|3480|3791|5979,EPHA2|ERBB2|ERBB4|IGF1R|KDR|RET,-2.2
Protein,GO Biological Processes,19,GO:0038127,ERBB signaling pathway,19_GO:0050896 response to stimulus,-5,7.9,6.7,795,27,26,7,27,8.7,1969|2064|2065|2066|3480|3791|5979,EPHA2|ERBB2|ERBB3|ERBB4|IGF1R|KDR|RET,-2.2
Protein,GO Biological Processes,19,GO:0035791,platelet-derived growth factor receptor-beta signaling pathway,19_GO:0050896 response to stimulus,-4.9,9.7,7,795,19,26,6,23,8.3,1969|2064|2066|3480|3791|5979,EPHA2|ERBB2|ERBB4|IGF1R|KDR|RET,-2.1
Protein,GO Biological Processes,19,GO:0038065,collagen-activated signaling pathway,19_GO:0050896 response to stimulus,-4.9,9.7,7,795,19,26,6,23,8.3,1969|2064|2066|3480|3791|5979,EPHA2|ERBB2|ERBB4|IGF1R|KDR|RET,-2.1
Protein,GO Biological Processes,19,GO:0038084,vascular endothelial growth factor signaling pathway,19_GO:0050896 response to stimulus,-4.7,9.2,6.8,795,20,26,6,23,8.3,1969|2064|2066|3480|3791|5979,EPHA2|ERBB2|ERBB4|IGF1R|KDR|RET,-1.9
Protein,GO Biological Processes,19,GO:0045765,regulation of angiogenesis,19_GO:0032502 developmental process,-4.6,5,5.7,795,55,26,9,35,9.3,356|1969|2064|3627|3791|4192|6678|7048|10563,FASLG|EPHA2|ERBB2|CXCL10|KDR|MDK|SPARC|TGFBR2|CXCL13,-1.9
Protein,GO Biological Processes,19,GO:0048010,vascular endothelial growth factor receptor signaling pathway,19_GO:0050896 response to stimulus,-4.6,8.7,6.6,795,21,26,6,23,8.3,1969|2064|2066|3480|3791|5979,EPHA2|ERBB2|ERBB4|IGF1R|KDR|RET,-1.9
Protein,GO Biological Processes,19,GO:0048013,ephrin receptor signaling pathway,19_GO:0050896 response to stimulus,-4.5,8.3,6.4,795,22,26,6,23,8.3,1969|2064|2066|3480|3791|5979,EPHA2|ERBB2|ERBB4|IGF1R|KDR|RET,-1.7
Protein,GO Biological Processes,19,GO:1901342,regulation of vasculature development,19_GO:0032502 developmental process,-4.4,4.7,5.4,795,58,26,9,35,9.3,356|1969|2064|3627|3791|4192|6678|7048|10563,FASLG|EPHA2|ERBB2|CXCL10|KDR|MDK|SPARC|TGFBR2|CXCL13,-1.7
Protein,GO Biological Processes,19,GO:0048008,platelet-derived growth factor receptor signaling pathway,19_GO:0050896 response to stimulus,-4.3,8,6.2,795,23,26,6,23,8.3,1969|2064|2066|3480|3791|5979,EPHA2|ERBB2|ERBB4|IGF1R|KDR|RET,-1.7
Protein,GO Biological Processes,19,GO:0070848,response to growth factor,19_GO:0050896 response to stimulus,-4.3,3.7,5,795,92,26,11,42,9.7,301|356|1969|2064|2066|3480|3693|3791|5979|7048|10563,ANXA1|FASLG|EPHA2|ERBB2|ERBB4|IGF1R|ITGB5|KDR|RET|TGFBR2|CXCL13,-1.7
Protein,GO Biological Processes,19,GO:0044344,cellular response to fibroblast growth factor stimulus,19_GO:0050896 response to stimulus,-4.3,6.3,5.8,795,34,26,7,27,8.7,1969|2064|2066|3480|3791|5979|10563,EPHA2|ERBB2|ERBB4|IGF1R|KDR|RET|CXCL13,-1.7
Protein,GO Biological Processes,19,GO:0071774,response to fibroblast growth factor,19_GO:0050896 response to stimulus,-4.3,6.3,5.8,795,34,26,7,27,8.7,1969|2064|2066|3480|3791|5979|10563,EPHA2|ERBB2|ERBB4|IGF1R|KDR|RET|CXCL13,-1.7
Protein,GO Biological Processes,19,GO:0032869,cellular response to insulin stimulus,19_GO:0050896 response to stimulus,-4.2,7.6,6.1,795,24,26,6,23,8.3,1969|2064|2066|3480|3791|5979,EPHA2|ERBB2|ERBB4|IGF1R|KDR|RET,-1.6
Protein,GO Biological Processes,19,GO:0002009,morphogenesis of an epithelium,19_GO:0032502 developmental process,-4,4.9,5.2,795,50,26,8,31,9.1,1969|2066|3491|3685|3693|3791|5979|7048,EPHA2|ERBB4|CCN1|ITGAV|ITGB5|KDR|RET|TGFBR2,-1.5
Protein,GO Biological Processes,19,GO:0007173,epidermal growth factor receptor signaling pathway,19_GO:0050896 response to stimulus,-4,7.1,5.8,795,26,26,6,23,8.3,1969|2064|2066|3480|3791|5979,EPHA2|ERBB2|ERBB4|IGF1R|KDR|RET,-1.4
Protein,GO Biological Processes,19,GO:0033690,positive regulation of osteoblast proliferation,19_GO:0048518 positive regulation of biological process,-3.9,23,8.1,795,4,26,3,12,6.3,3480|3491|3685,IGF1R|CCN1|ITGAV,-1.4
Protein,GO Biological Processes,19,GO:0008543,fibroblast growth factor receptor signaling pathway,19_GO:0050896 response to stimulus,-3.9,6.8,5.6,795,27,26,6,23,8.3,1969|2064|2066|3480|3791|5979,EPHA2|ERBB2|ERBB4|IGF1R|KDR|RET,-1.4
Protein,GO Biological Processes,19,GO:0048598,embryonic morphogenesis,19_GO:0032502 developmental process,-3.7,5.2,5.1,795,41,26,7,27,8.7,1969|3491|3685|3693|5979|6678|7048,EPHA2|CCN1|ITGAV|ITGB5|RET|SPARC|TGFBR2,-1.3
Protein,GO Biological Processes,19,GO:0045581,negative regulation of T cell differentiation,19_GO:0002376 immune system process,-3.6,11,6.2,795,11,26,4,15,7.1,301|2064|3956|4192,ANXA1|ERBB2|LGALS1|MDK,-1.1
Protein,GO Biological Processes,19,GO:0071363,cellular response to growth factor stimulus,19_GO:0050896 response to stimulus,-3.6,3.4,4.4,795,91,26,10,38,9.5,301|1969|2064|2066|3480|3693|3791|5979|7048|10563,ANXA1|EPHA2|ERBB2|ERBB4|IGF1R|ITGB5|KDR|RET|TGFBR2|CXCL13,-1.1
Protein,GO Biological Processes,19,GO:0045620,negative regulation of lymphocyte differentiation,19_GO:0002376 immune system process,-3.4,10,5.9,795,12,26,4,15,7.1,301|2064|3956|4192,ANXA1|ERBB2|LGALS1|MDK,-1.1
Protein,GO Biological Processes,19,GO:0071375,cellular response to peptide hormone stimulus,19_GO:0050896 response to stimulus,-3.4,5.6,4.9,795,33,26,6,23,8.3,1969|2064|2066|3480|3791|5979,EPHA2|ERBB2|ERBB4|IGF1R|KDR|RET,-1
Protein,GO Biological Processes,19,GO:0048729,tissue morphogenesis,19_GO:0032502 developmental process,-3.4,3.9,4.4,795,62,26,8,31,9.1,1969|2066|3491|3685|3693|3791|5979|7048,EPHA2|ERBB4|CCN1|ITGAV|ITGB5|KDR|RET|TGFBR2,-1
Protein,GO Biological Processes,19,GO:0042330,taxis,19_GO:0040011 locomotion,-3.3,3.5,4.3,795,79,26,9,35,9.3,301|1969|3491|3627|3685|4192|6275|6370|10563,ANXA1|EPHA2|CCN1|CXCL10|ITGAV|MDK|S100A4|CCL25|CXCL13,-1
Protein,GO Biological Processes,19,GO:0006935,chemotaxis,19_GO:0040011 locomotion,-3.3,3.5,4.3,795,79,26,9,35,9.3,301|1969|3491|3627|3685|4192|6275|6370|10563,ANXA1|EPHA2|CCN1|CXCL10|ITGAV|MDK|S100A4|CCL25|CXCL13,-1
Protein,GO Biological Processes,19,GO:0001570,vasculogenesis,19_GO:0032502 developmental process,-3.3,9.4,5.6,795,13,26,4,15,7.1,1969|3685|3791|7048,EPHA2|ITGAV|KDR|TGFBR2,-0.98
Protein,GO Biological Processes,19,GO:0040011,locomotion,19_GO:0040011 locomotion,-3.2,3.4,4.2,795,81,26,9,35,9.3,301|1969|3491|3627|3685|4192|6275|6370|10563,ANXA1|EPHA2|CCN1|CXCL10|ITGAV|MDK|S100A4|CCL25|CXCL13,-0.98
Protein,GO Biological Processes,19,GO:0001654,eye development,19_GO:0032502 developmental process,-3.2,6.6,5.1,795,23,26,5,19,7.7,356|1969|3791|5979|7048,FASLG|EPHA2|KDR|RET|TGFBR2,-0.98
Protein,GO Biological Processes,19,GO:0150063,visual system development,19_GO:0032502 developmental process,-3.2,6.6,5.1,795,23,26,5,19,7.7,356|1969|3791|5979|7048,FASLG|EPHA2|KDR|RET|TGFBR2,-0.98
Protein,GO Biological Processes,19,GO:0048880,sensory system development,19_GO:0032502 developmental process,-3.2,6.6,5.1,795,23,26,5,19,7.7,356|1969|3791|5979|7048,FASLG|EPHA2|KDR|RET|TGFBR2,-0.98
Protein,GO Biological Processes,19,GO:0007369,gastrulation,19_GO:0032502 developmental process,-3.1,8.7,5.4,795,14,26,4,15,7.1,1969|3685|3693|7048,EPHA2|ITGAV|ITGB5|TGFBR2,-0.89
Protein,GO Biological Processes,19,GO:0032868,response to insulin,19_GO:0050896 response to stimulus,-3.1,5,4.5,795,37,26,6,23,8.3,1969|2064|2066|3480|3791|5979,EPHA2|ERBB2|ERBB4|IGF1R|KDR|RET,-0.87
Protein,GO Biological Processes,19,GO:0007423,sensory organ development,19_GO:0032502 developmental process,-3,4.8,4.4,795,38,26,6,23,8.3,356|1969|3791|5979|6678|7048,FASLG|EPHA2|KDR|RET|SPARC|TGFBR2,-0.81
Protein,GO Biological Processes,19,GO:0018212,peptidyl-tyrosine modification,19_GO:0009987 cellular process,-3,8.2,5.1,795,15,26,4,15,7.1,2064|2066|3480|3791,ERBB2|ERBB4|IGF1R|KDR,-0.8
Protein,GO Biological Processes,19,GO:0018108,peptidyl-tyrosine phosphorylation,19_GO:0009987 cellular process,-3,8.2,5.1,795,15,26,4,15,7.1,2064|2066|3480|3791,ERBB2|ERBB4|IGF1R|KDR,-0.8
Protein,GO Biological Processes,19,GO:0014037,Schwann cell differentiation,19_GO:0032502 developmental process,-3,13,5.9,795,7,26,3,12,6.3,2064|2065|2817,ERBB2|ERBB3|GPC1,-0.8
Protein,GO Biological Processes,19,GO:0007507,heart development,19_GO:0032502 developmental process,-3,4,4.1,795,54,26,7,27,8.7,2064|2065|2066|3480|3491|3791|7048,ERBB2|ERBB3|ERBB4|IGF1R|CCN1|KDR|TGFBR2,-0.78
Protein,GO Biological Processes,19,GO:0032870,cellular response to hormone stimulus,19_GO:0050896 response to stimulus,-2.8,3.8,4,795,57,26,7,27,8.7,301|1969|2064|2066|3480|3791|5979,ANXA1|EPHA2|ERBB2|ERBB4|IGF1R|KDR|RET,-0.65
Protein,GO Biological Processes,19,GO:0090505,epiboly involved in wound healing,19_GO:0032502 developmental process,-2.8,11,5.5,795,8,26,3,12,6.3,3491|3685|3693,CCN1|ITGAV|ITGB5,-0.65
Protein,GO Biological Processes,19,GO:0090504,epiboly,19_GO:0032502 developmental process,-2.8,11,5.5,795,8,26,3,12,6.3,3491|3685|3693,CCN1|ITGAV|ITGB5,-0.65
Protein,GO Biological Processes,19,GO:0033688,regulation of osteoblast proliferation,19_GO:0050789 regulation of biological process,-2.8,11,5.5,795,8,26,3,12,6.3,3480|3491|3685,IGF1R|CCN1|ITGAV,-0.65
Protein,GO Biological Processes,19,GO:0002011,morphogenesis of an epithelial sheet,19_GO:0032502 developmental process,-2.8,11,5.5,795,8,26,3,12,6.3,3491|3685|3693,CCN1|ITGAV|ITGB5,-0.65
Protein,GO Biological Processes,19,GO:0044319,"wound healing, spreading of cells",19_GO:0032502 developmental process,-2.8,11,5.5,795,8,26,3,12,6.3,3491|3685|3693,CCN1|ITGAV|ITGB5,-0.65
Protein,GO Biological Processes,19,GO:0060485,mesenchyme development,19_GO:0032502 developmental process,-2.8,5.3,4.3,795,29,26,5,19,7.7,2065|2066|5979|6275|7048,ERBB3|ERBB4|RET|S100A4|TGFBR2,-0.61
Protein,GO Biological Processes,19,GO:1903038,negative regulation of leukocyte cell-cell adhesion,19_GO:0048519 negative regulation of biological process,-2.8,5.3,4.3,795,29,26,5,19,7.7,301|2064|3956|4192|6370,ANXA1|ERBB2|LGALS1|MDK|CCL25,-0.61
Protein,GO Biological Processes,19,GO:0090596,sensory organ morphogenesis,19_GO:0032502 developmental process,-2.7,6.8,4.6,795,18,26,4,15,7.1,356|1969|3791|6678,FASLG|EPHA2|KDR|SPARC,-0.57
Protein,GO Biological Processes,19,GO:0016525,negative regulation of angiogenesis,19_GO:0032502 developmental process,-2.7,6.8,4.6,795,18,26,4,15,7.1,356|1969|3627|6678,FASLG|EPHA2|CXCL10|SPARC,-0.57
Protein,GO Biological Processes,19,GO:2000181,negative regulation of blood vessel morphogenesis,19_GO:0032502 developmental process,-2.7,6.8,4.6,795,18,26,4,15,7.1,356|1969|3627|6678,FASLG|EPHA2|CXCL10|SPARC,-0.57
Protein,GO Biological Processes,19,GO:0042246,tissue regeneration,19_GO:0040007 growth,-2.6,10,5.1,795,9,26,3,12,6.3,301|2066|4192,ANXA1|ERBB4|MDK,-0.53
Protein,GO Biological Processes,19,GO:0048592,eye morphogenesis,19_GO:0032502 developmental process,-2.6,10,5.1,795,9,26,3,12,6.3,356|1969|3791,FASLG|EPHA2|KDR,-0.53
Protein,GO Biological Processes,19,GO:0001704,formation of primary germ layer,19_GO:0032502 developmental process,-2.6,10,5.1,795,9,26,3,12,6.3,1969|3685|3693,EPHA2|ITGAV|ITGB5,-0.53
Protein,GO Biological Processes,19,GO:1901343,negative regulation of vasculature development,19_GO:0032502 developmental process,-2.6,6.4,4.4,795,19,26,4,15,7.1,356|1969|3627|6678,FASLG|EPHA2|CXCL10|SPARC,-0.49
Protein,GO Biological Processes,19,GO:0006468,protein phosphorylation,19_GO:0009987 cellular process,-2.6,4.8,4,795,32,26,5,19,7.7,2064|2066|3480|3791|5979,ERBB2|ERBB4|IGF1R|KDR|RET,-0.47
Protein,GO Biological Processes,19,GO:0045580,regulation of T cell differentiation,19_GO:0002376 immune system process,-2.6,4.8,4,795,32,26,5,19,7.7,301|2064|3956|4192|7048,ANXA1|ERBB2|LGALS1|MDK|TGFBR2,-0.47
Protein,GO Biological Processes,19,GO:0043010,camera-type eye development,19_GO:0032502 developmental process,-2.5,6.1,4.3,795,20,26,4,15,7.1,1969|3791|5979|7048,EPHA2|KDR|RET|TGFBR2,-0.45
Protein,GO Biological Processes,19,GO:1902106,negative regulation of leukocyte differentiation,19_GO:0002376 immune system process,-2.5,6.1,4.3,795,20,26,4,15,7.1,301|2064|3956|4192,ANXA1|ERBB2|LGALS1|MDK,-0.45
Protein,GO Biological Processes,19,GO:0048762,mesenchymal cell differentiation,19_GO:0032502 developmental process,-2.5,6.1,4.3,795,20,26,4,15,7.1,2066|5979|6275|7048,ERBB4|RET|S100A4|TGFBR2,-0.45
Protein,GO Biological Processes,19,GO:0010594,regulation of endothelial cell migration,19_GO:0040011 locomotion,-2.5,4.6,3.9,795,33,26,5,19,7.7,301|1969|3791|6678|10563,ANXA1|EPHA2|KDR|SPARC|CXCL13,-0.45
Protein,GO Biological Processes,19,GO:0038128,ERBB2 signaling pathway,19_GO:0050896 response to stimulus,-2.5,9.2,4.8,795,10,26,3,12,6.3,2064|2065|2066,ERBB2|ERBB3|ERBB4,-0.45
Protein,GO Biological Processes,19,GO:0007272,ensheathment of neurons,19_GO:0032502 developmental process,-2.5,9.2,4.8,795,10,26,3,12,6.3,2064|2065|2817,ERBB2|ERBB3|GPC1,-0.45
Protein,GO Biological Processes,19,GO:0042552,myelination,19_GO:0032502 developmental process,-2.5,9.2,4.8,795,10,26,3,12,6.3,2064|2065|2817,ERBB2|ERBB3|GPC1,-0.45
Protein,GO Biological Processes,19,GO:0008366,axon ensheathment,19_GO:0032502 developmental process,-2.5,9.2,4.8,795,10,26,3,12,6.3,2064|2065|2817,ERBB2|ERBB3|GPC1,-0.45
Protein,GO Biological Processes,19,GO:0042060,wound healing,19_GO:0050896 response to stimulus,-2.4,3.7,3.6,795,49,26,6,23,8.3,2064|2065|3491|3685|3693|3791,ERBB2|ERBB3|CCN1|ITGAV|ITGB5|KDR,-0.42
Protein,GO Biological Processes,19,GO:1903707,negative regulation of hemopoiesis,19_GO:0002376 immune system process,-2.4,5.8,4.1,795,21,26,4,15,7.1,301|2064|3956|4192,ANXA1|ERBB2|LGALS1|MDK,-0.41
Protein,GO Biological Processes,19,GO:0043434,response to peptide hormone,19_GO:0050896 response to stimulus,-2.4,3.7,3.6,795,50,26,6,23,8.3,1969|2064|2066|3480|3791|5979,EPHA2|ERBB2|ERBB4|IGF1R|KDR|RET,-0.39
Protein,GO Biological Processes,19,GO:0090100,positive regulation of transmembrane receptor protein serine/threonine kinase signaling pathway,19_GO:0048518 positive regulation of biological process,-2.4,8.3,4.5,795,11,26,3,12,6.3,3491|3791|7048,CCN1|KDR|TGFBR2,-0.37
Protein,GO Biological Processes,19,GO:0007422,peripheral nervous system development,19_GO:0032502 developmental process,-2.4,8.3,4.5,795,11,26,3,12,6.3,2064|2065|2817,ERBB2|ERBB3|GPC1,-0.37
Protein,GO Biological Processes,19,GO:0033628,regulation of cell adhesion mediated by integrin,19_GO:0050789 regulation of biological process,-2.4,8.3,4.5,795,11,26,3,12,6.3,1969|5979|10563,EPHA2|RET|CXCL13,-0.37
Protein,GO Biological Processes,19,GO:0009611,response to wounding,19_GO:0050896 response to stimulus,-2.4,3.1,3.4,795,68,26,7,27,8.7,2064|2065|3491|3685|3693|3791|4192,ERBB2|ERBB3|CCN1|ITGAV|ITGB5|KDR|MDK,-0.37
Protein,GO Biological Processes,19,GO:0022407,regulation of cell-cell adhesion,19_GO:0050789 regulation of biological process,-2.4,2.8,3.3,795,87,26,8,31,9.1,301|2064|3956|4192|6370|7048|10563|23308,ANXA1|ERBB2|LGALS1|MDK|CCL25|TGFBR2|CXCL13|ICOSLG,-0.36
Protein,GO Biological Processes,19,GO:0016310,phosphorylation,19_GO:0009987 cellular process,-2.3,4.2,3.7,795,36,26,5,19,7.7,2064|2066|3480|3791|5979,ERBB2|ERBB4|IGF1R|KDR|RET,-0.34
Protein,GO Biological Processes,19,GO:0045619,regulation of lymphocyte differentiation,19_GO:0002376 immune system process,-2.3,4.1,3.6,795,37,26,5,19,7.7,301|2064|3956|4192|7048,ANXA1|ERBB2|LGALS1|MDK|TGFBR2,-0.29
Protein,GO Biological Processes,19,GO:0060326,cell chemotaxis,19_GO:0040011 locomotion,-2.3,3.5,3.4,795,53,26,6,23,8.3,301|1969|3627|4192|6370|10563,ANXA1|EPHA2|CXCL10|MDK|CCL25|CXCL13,-0.29
Protein,GO Biological Processes,19,GO:0007167,enzyme-linked receptor protein signaling pathway,19_GO:0050896 response to stimulus,-2.2,2.4,3,795,114,26,9,35,9.3,1969|2064|2065|2066|3480|3693|3791|5979|7048,EPHA2|ERBB2|ERBB3|ERBB4|IGF1R|ITGB5|KDR|RET|TGFBR2,-0.2
Protein,GO Biological Processes,19,GO:1903037,regulation of leukocyte cell-cell adhesion,19_GO:0050789 regulation of biological process,-2.2,2.9,3.1,795,74,26,7,27,8.7,301|2064|3956|4192|6370|7048|23308,ANXA1|ERBB2|LGALS1|MDK|CCL25|TGFBR2|ICOSLG,-0.2
Protein,GO Biological Processes,19,GO:1903036,positive regulation of response to wounding,19_GO:0048518 positive regulation of biological process,-2.1,7.1,4,795,13,26,3,12,6.3,301|3480|4192,ANXA1|IGF1R|MDK,-0.2
Protein,GO Biological Processes,19,GO:0022408,negative regulation of cell-cell adhesion,19_GO:0048519 negative regulation of biological process,-2.1,3.8,3.4,795,40,26,5,19,7.7,301|2064|3956|4192|6370,ANXA1|ERBB2|LGALS1|MDK|CCL25,-0.18
Protein,GO Biological Processes,19,GO:0007162,negative regulation of cell adhesion,19_GO:0048519 negative regulation of biological process,-2.1,3.2,3.2,795,57,26,6,23,8.3,301|2064|2065|3956|4192|6370,ANXA1|ERBB2|ERBB3|LGALS1|MDK|CCL25,-0.17
Protein,GO Biological Processes,19,GO:0010811,positive regulation of cell-substrate adhesion,19_GO:0048518 positive regulation of biological process,-2.1,4.7,3.5,795,26,26,4,15,7.1,3491|3791|4192|6370,CCN1|KDR|MDK|CCL25,-0.15
Protein,GO Biological Processes,19,GO:0071621,granulocyte chemotaxis,19_GO:0040011 locomotion,-2.1,4.7,3.5,795,26,26,4,15,7.1,301|3627|6370|10563,ANXA1|CXCL10|CCL25|CXCL13,-0.15
Protein,GO Biological Processes,19,GO:0050868,negative regulation of T cell activation,19_GO:0002376 immune system process,-2.1,4.7,3.5,795,26,26,4,15,7.1,301|2064|3956|4192,ANXA1|ERBB2|LGALS1|MDK,-0.15
Protein,GO Biological Processes,19,GO:0048568,embryonic organ development,19_GO:0032502 developmental process,-2.1,3.7,3.3,795,41,26,5,19,7.7,1969|3491|3791|6678|7048,EPHA2|CCN1|KDR|SPARC|TGFBR2,-0.15
Protein,GO Biological Processes,19,GO:0043491,phosphatidylinositol 3-kinase/protein kinase B signal transduction,19_GO:0050896 response to stimulus,-2.1,6.6,3.9,795,14,26,3,12,6.3,2064|2065|3480,ERBB2|ERBB3|IGF1R,-0.12
Protein,GO Biological Processes,19,GO:0010001,glial cell differentiation,19_GO:0032502 developmental process,-2,4.5,3.4,795,27,26,4,15,7.1,2064|2065|2817|4192,ERBB2|ERBB3|GPC1|MDK,-0.1
Protein_MCODE_ALL,GO Biological Processes,19,GO:0001704,formation of primary germ layer,19_GO:0032502 developmental process,-3.9,26,8.7,795,9,10,3,30,14,1969|3685|3693,EPHA2|ITGAV|ITGB5,-1.4
Protein_MCODE_ALL,GO Biological Processes,19,GO:0006935,chemotaxis,19_GO:0040011 locomotion,-3.9,6,5.3,795,79,10,6,60,15,301|1969|3627|3685|6370|10563,ANXA1|EPHA2|CXCL10|ITGAV|CCL25|CXCL13,-1.4
Protein_MCODE_ALL,GO Biological Processes,19,GO:0042330,taxis,19_GO:0040011 locomotion,-3.9,6,5.3,795,79,10,6,60,15,301|1969|3627|3685|6370|10563,ANXA1|EPHA2|CXCL10|ITGAV|CCL25|CXCL13,-1.4
Protein_MCODE_ALL,GO Biological Processes,19,GO:0040011,locomotion,19_GO:0040011 locomotion,-3.9,5.9,5.2,795,81,10,6,60,15,301|1969|3627|3685|6370|10563,ANXA1|EPHA2|CXCL10|ITGAV|CCL25|CXCL13,-1.4
Protein_MCODE_ALL,GO Biological Processes,19,GO:0071621,granulocyte chemotaxis,19_GO:0040011 locomotion,-3.8,12,6.6,795,26,10,4,40,15,301|3627|6370|10563,ANXA1|CXCL10|CCL25|CXCL13,-1.3
Protein_MCODE_ALL,GO Biological Processes,19,GO:0060326,cell chemotaxis,19_GO:0040011 locomotion,-3.7,7.5,5.5,795,53,10,5,50,16,301|1969|3627|6370|10563,ANXA1|EPHA2|CXCL10|CCL25|CXCL13,-1.2
Protein_MCODE_ALL,GO Biological Processes,19,GO:0097530,granulocyte migration,19_GO:0002376 immune system process,-3.6,11,6.3,795,28,10,4,40,15,301|3627|6370|10563,ANXA1|CXCL10|CCL25|CXCL13,-1.2
Protein_MCODE_ALL,GO Biological Processes,19,GO:0030335,positive regulation of cell migration,19_GO:0040011 locomotion,-3.4,4.9,4.6,795,98,10,6,60,15,301|1969|3627|3685|6370|10563,ANXA1|EPHA2|CXCL10|ITGAV|CCL25|CXCL13,-1
Protein_MCODE_ALL,GO Biological Processes,19,GO:2000147,positive regulation of cell motility,19_GO:0040011 locomotion,-3.4,4.9,4.6,795,98,10,6,60,15,301|1969|3627|3685|6370|10563,ANXA1|EPHA2|CXCL10|ITGAV|CCL25|CXCL13,-1
Protein_MCODE_ALL,GO Biological Processes,19,GO:0040017,positive regulation of locomotion,19_GO:0040011 locomotion,-3.3,4.8,4.5,795,100,10,6,60,15,301|1969|3627|3685|6370|10563,ANXA1|EPHA2|CXCL10|ITGAV|CCL25|CXCL13,-1
Protein_MCODE_ALL,GO Biological Processes,19,GO:0007369,gastrulation,19_GO:0032502 developmental process,-3.3,17,6.8,795,14,10,3,30,14,1969|3685|3693,EPHA2|ITGAV|ITGB5,-1
Protein_MCODE_ALL,GO Biological Processes,19,GO:0097529,myeloid leukocyte migration,19_GO:0002376 immune system process,-3.1,8.4,5.3,795,38,10,4,40,15,301|3627|6370|10563,ANXA1|CXCL10|CCL25|CXCL13,-0.88
Protein_MCODE_ALL,GO Biological Processes,19,GO:0030595,leukocyte chemotaxis,19_GO:0040011 locomotion,-2.9,7.2,4.8,795,44,10,4,40,15,301|3627|6370|10563,ANXA1|CXCL10|CCL25|CXCL13,-0.69
Protein_MCODE_ALL,GO Biological Processes,19,GO:0035924,cellular response to vascular endothelial growth factor stimulus,19_GO:0050896 response to stimulus,-2.6,9.9,5,795,24,10,3,30,14,301|1969|2064,ANXA1|EPHA2|ERBB2,-0.49
Protein_MCODE_ALL,GO Biological Processes,19,GO:0045785,positive regulation of cell adhesion,19_GO:0048518 positive regulation of biological process,-2.6,4.4,3.9,795,90,10,5,50,16,301|2064|3685|6370|10563,ANXA1|ERBB2|ITGAV|CCL25|CXCL13,-0.48
Protein_MCODE_ALL,GO Biological Processes,19,GO:0002685,regulation of leukocyte migration,19_GO:0040011 locomotion,-2.6,6,4.2,795,53,10,4,40,15,301|3627|6370|10563,ANXA1|CXCL10|CCL25|CXCL13,-0.47
Protein_MCODE_ALL,GO Biological Processes,19,GO:0071363,cellular response to growth factor stimulus,19_GO:0050896 response to stimulus,-2.6,4.4,3.9,795,91,10,5,50,16,301|1969|2064|3693|10563,ANXA1|EPHA2|ERBB2|ITGB5|CXCL13,-0.47
Protein_MCODE_ALL,GO Biological Processes,19,GO:0070848,response to growth factor,19_GO:0050896 response to stimulus,-2.5,4.3,3.8,795,92,10,5,50,16,301|1969|2064|3693|10563,ANXA1|EPHA2|ERBB2|ITGB5|CXCL13,-0.45
Protein_MCODE_ALL,GO Biological Processes,19,GO:0045765,regulation of angiogenesis,19_GO:0032502 developmental process,-2.5,5.8,4.1,795,55,10,4,40,15,1969|2064|3627|10563,EPHA2|ERBB2|CXCL10|CXCL13,-0.45
Protein_MCODE_ALL,GO Biological Processes,19,GO:0051701,biological process involved in interaction with host,19_GO:0044419 biological process involved in interspecies interaction between organisms,-2.5,9.2,4.8,795,26,10,3,30,14,1969|3685|3693,EPHA2|ITGAV|ITGB5,-0.45
Protein_MCODE_ALL,GO Biological Processes,19,GO:0046718,symbiont entry into host cell,19_GO:0016032 viral process,-2.5,9.2,4.8,795,26,10,3,30,14,1969|3685|3693,EPHA2|ITGAV|ITGB5,-0.45
Protein_MCODE_ALL,GO Biological Processes,19,GO:0044409,symbiont entry into host,19_GO:0044419 biological process involved in interspecies interaction between organisms,-2.5,9.2,4.8,795,26,10,3,30,14,1969|3685|3693,EPHA2|ITGAV|ITGB5,-0.45
Protein_MCODE_ALL,GO Biological Processes,19,GO:0031640,killing of cells of another organism,19_GO:0044419 biological process involved in interspecies interaction between organisms,-2.4,8.8,4.7,795,27,10,3,30,14,3627|6370|10563,CXCL10|CCL25|CXCL13,-0.42
Protein_MCODE_ALL,GO Biological Processes,19,GO:0141061,disruption of cell in another organism,19_GO:0044419 biological process involved in interspecies interaction between organisms,-2.4,8.8,4.7,795,27,10,3,30,14,3627|6370|10563,CXCL10|CCL25|CXCL13,-0.42
Protein_MCODE_ALL,GO Biological Processes,19,GO:0141060,disruption of anatomical structure in another organism,19_GO:0044419 biological process involved in interspecies interaction between organisms,-2.4,8.8,4.7,795,27,10,3,30,14,3627|6370|10563,CXCL10|CCL25|CXCL13,-0.42
Protein_MCODE_ALL,GO Biological Processes,19,GO:0006954,inflammatory response,19_GO:0050896 response to stimulus,-2.4,4.1,3.7,795,97,10,5,50,16,301|1969|3627|6370|10563,ANXA1|EPHA2|CXCL10|CCL25|CXCL13,-0.41
Protein_MCODE_ALL,GO Biological Processes,19,GO:1901342,regulation of vasculature development,19_GO:0032502 developmental process,-2.4,5.5,4,795,58,10,4,40,15,1969|2064|3627|10563,EPHA2|ERBB2|CXCL10|CXCL13,-0.4
Protein_MCODE_ALL,GO Biological Processes,19,GO:0071674,mononuclear cell migration,19_GO:0002376 immune system process,-2.4,8.5,4.6,795,28,10,3,30,14,301|3627|10563,ANXA1|CXCL10|CXCL13,-0.39
Protein_MCODE_ALL,GO Biological Processes,19,GO:0019058,viral life cycle,19_GO:0016032 viral process,-2.4,8.5,4.6,795,28,10,3,30,14,1969|3685|3693,EPHA2|ITGAV|ITGB5,-0.39
Protein_MCODE_ALL,GO Biological Processes,19,GO:1903038,negative regulation of leukocyte cell-cell adhesion,19_GO:0048519 negative regulation of biological process,-2.4,8.2,4.5,795,29,10,3,30,14,301|2064|6370,ANXA1|ERBB2|CCL25,-0.36
Protein_MCODE_ALL,GO Biological Processes,19,GO:0044403,biological process involved in symbiotic interaction,19_GO:0044419 biological process involved in interspecies interaction between organisms,-2.2,7.5,4.2,795,32,10,3,30,14,1969|3685|3693,EPHA2|ITGAV|ITGB5,-0.26
Protein_MCODE_ALL,GO Biological Processes,19,GO:0016032,viral process,19_GO:0016032 viral process,-2.2,7.5,4.2,795,32,10,3,30,14,1969|3685|3693,EPHA2|ITGAV|ITGB5,-0.26
Protein_MCODE_ALL,GO Biological Processes,19,GO:0050900,leukocyte migration,19_GO:0002376 immune system process,-2.2,4.8,3.7,795,66,10,4,40,15,301|3627|6370|10563,ANXA1|CXCL10|CCL25|CXCL13,-0.24
Protein_MCODE_ALL,GO Biological Processes,19,GO:0010594,regulation of endothelial cell migration,19_GO:0040011 locomotion,-2.2,7.2,4.1,795,33,10,3,30,14,301|1969|10563,ANXA1|EPHA2|CXCL13,-0.23
Protein_MCODE_ALL,GO Biological Processes,19,GO:0061844,antimicrobial humoral immune response mediated by antimicrobial peptide,19_GO:0044419 biological process involved in interspecies interaction between organisms,-2.2,7.2,4.1,795,33,10,3,30,14,3627|6370|10563,CXCL10|CCL25|CXCL13,-0.23
Protein_MCODE_ALL,GO Biological Processes,19,GO:0071774,response to fibroblast growth factor,19_GO:0050896 response to stimulus,-2.2,7,4,795,34,10,3,30,14,1969|2064|10563,EPHA2|ERBB2|CXCL13,-0.2
Protein_MCODE_ALL,GO Biological Processes,19,GO:0044344,cellular response to fibroblast growth factor stimulus,19_GO:0050896 response to stimulus,-2.2,7,4,795,34,10,3,30,14,1969|2064|10563,EPHA2|ERBB2|CXCL13,-0.2
Protein_MCODE_ALL,GO Biological Processes,19,GO:0019730,antimicrobial humoral response,19_GO:0044419 biological process involved in interspecies interaction between organisms,-2.1,6.8,4,795,35,10,3,30,14,3627|6370|10563,CXCL10|CCL25|CXCL13,-0.18
Protein_MCODE_ALL,GO Biological Processes,19,GO:0045596,negative regulation of cell differentiation,19_GO:0032502 developmental process,-2.1,4.5,3.5,795,71,10,4,40,15,301|2064|3627|3685,ANXA1|ERBB2|CXCL10|ITGAV,-0.15
Protein_SUB1_MCODE_1,GO Biological Processes,19,GO:0071621,granulocyte chemotaxis,19_GO:0040011 locomotion,-5.4,24,9.7,795,26,5,4,80,18,301|3627|6370|10563,ANXA1|CXCL10|CCL25|CXCL13,-2.3
Protein_SUB1_MCODE_1,GO Biological Processes,19,GO:0097530,granulocyte migration,19_GO:0002376 immune system process,-5.2,23,9.3,795,28,5,4,80,18,301|3627|6370|10563,ANXA1|CXCL10|CCL25|CXCL13,-2.3
Protein_SUB1_MCODE_1,GO Biological Processes,19,GO:0097529,myeloid leukocyte migration,19_GO:0002376 immune system process,-4.7,17,7.9,795,38,5,4,80,18,301|3627|6370|10563,ANXA1|CXCL10|CCL25|CXCL13,-1.9
Protein_SUB1_MCODE_1,GO Biological Processes,19,GO:0030595,leukocyte chemotaxis,19_GO:0040011 locomotion,-4.4,14,7.3,795,44,5,4,80,18,301|3627|6370|10563,ANXA1|CXCL10|CCL25|CXCL13,-1.7
Protein_SUB1_MCODE_1,GO Biological Processes,19,GO:0060326,cell chemotaxis,19_GO:0040011 locomotion,-4.1,12,6.6,795,53,5,4,80,18,301|3627|6370|10563,ANXA1|CXCL10|CCL25|CXCL13,-1.5
Protein_SUB1_MCODE_1,GO Biological Processes,19,GO:0002685,regulation of leukocyte migration,19_GO:0040011 locomotion,-4.1,12,6.6,795,53,5,4,80,18,301|3627|6370|10563,ANXA1|CXCL10|CCL25|CXCL13,-1.5
Protein_SUB1_MCODE_1,GO Biological Processes,19,GO:0050900,leukocyte migration,19_GO:0002376 immune system process,-3.7,9.6,5.8,795,66,5,4,80,18,301|3627|6370|10563,ANXA1|CXCL10|CCL25|CXCL13,-1.2
Protein_SUB1_MCODE_1,GO Biological Processes,19,GO:0031640,killing of cells of another organism,19_GO:0044419 biological process involved in interspecies interaction between organisms,-3.5,18,7,795,27,5,3,60,22,3627|6370|10563,CXCL10|CCL25|CXCL13,-1.1
Protein_SUB1_MCODE_1,GO Biological Processes,19,GO:0141061,disruption of cell in another organism,19_GO:0044419 biological process involved in interspecies interaction between organisms,-3.5,18,7,795,27,5,3,60,22,3627|6370|10563,CXCL10|CCL25|CXCL13,-1.1
Protein_SUB1_MCODE_1,GO Biological Processes,19,GO:0141060,disruption of anatomical structure in another organism,19_GO:0044419 biological process involved in interspecies interaction between organisms,-3.5,18,7,795,27,5,3,60,22,3627|6370|10563,CXCL10|CCL25|CXCL13,-1.1
Protein_SUB1_MCODE_1,GO Biological Processes,19,GO:0071674,mononuclear cell migration,19_GO:0002376 immune system process,-3.4,17,6.9,795,28,5,3,60,22,301|3627|10563,ANXA1|CXCL10|CXCL13,-1.1
Protein_SUB1_MCODE_1,GO Biological Processes,19,GO:0006935,chemotaxis,19_GO:0040011 locomotion,-3.4,8.1,5.3,795,79,5,4,80,18,301|3627|6370|10563,ANXA1|CXCL10|CCL25|CXCL13,-1
Protein_SUB1_MCODE_1,GO Biological Processes,19,GO:0042330,taxis,19_GO:0040011 locomotion,-3.4,8.1,5.3,795,79,5,4,80,18,301|3627|6370|10563,ANXA1|CXCL10|CCL25|CXCL13,-1
Protein_SUB1_MCODE_1,GO Biological Processes,19,GO:0040011,locomotion,19_GO:0040011 locomotion,-3.3,7.9,5.2,795,81,5,4,80,18,301|3627|6370|10563,ANXA1|CXCL10|CCL25|CXCL13,-1
Protein_SUB1_MCODE_1,GO Biological Processes,19,GO:0061844,antimicrobial humoral immune response mediated by antimicrobial peptide,19_GO:0044419 biological process involved in interspecies interaction between organisms,-3.2,14,6.3,795,33,5,3,60,22,3627|6370|10563,CXCL10|CCL25|CXCL13,-0.95
Protein_SUB1_MCODE_1,GO Biological Processes,19,GO:0019730,antimicrobial humoral response,19_GO:0044419 biological process involved in interspecies interaction between organisms,-3.1,14,6.1,795,35,5,3,60,22,3627|6370|10563,CXCL10|CCL25|CXCL13,-0.88
Protein_SUB1_MCODE_1,GO Biological Processes,19,GO:0006954,inflammatory response,19_GO:0050896 response to stimulus,-3,6.6,4.6,795,97,5,4,80,18,301|3627|6370|10563,ANXA1|CXCL10|CCL25|CXCL13,-0.8
Protein_SUB1_MCODE_1,GO Biological Processes,19,GO:0030335,positive regulation of cell migration,19_GO:0040011 locomotion,-3,6.5,4.6,795,98,5,4,80,18,301|3627|6370|10563,ANXA1|CXCL10|CCL25|CXCL13,-0.8
Protein_SUB1_MCODE_1,GO Biological Processes,19,GO:2000147,positive regulation of cell motility,19_GO:0040011 locomotion,-3,6.5,4.6,795,98,5,4,80,18,301|3627|6370|10563,ANXA1|CXCL10|CCL25|CXCL13,-0.8
Protein_SUB1_MCODE_1,GO Biological Processes,19,GO:0001906,cell killing,19_GO:0009987 cellular process,-3,12,5.7,795,39,5,3,60,22,3627|6370|10563,CXCL10|CCL25|CXCL13,-0.79
Protein_SUB1_MCODE_1,GO Biological Processes,19,GO:0040017,positive regulation of locomotion,19_GO:0040011 locomotion,-3,6.4,4.6,795,100,5,4,80,18,301|3627|6370|10563,ANXA1|CXCL10|CCL25|CXCL13,-0.78
Protein_SUB1_MCODE_1,GO Biological Processes,19,GO:0006959,humoral immune response,19_GO:0002376 immune system process,-2.7,10,5.1,795,47,5,3,60,22,3627|6370|10563,CXCL10|CCL25|CXCL13,-0.61
Protein_SUB1_MCODE_1,GO Biological Processes,19,GO:0071396,cellular response to lipid,19_GO:0050896 response to stimulus,-2.4,8,4.5,795,60,5,3,60,22,301|3627|10563,ANXA1|CXCL10|CXCL13,-0.41
Protein_SUB1_MCODE_2,GO Biological Processes,19,GO:0001704,formation of primary germ layer,19_GO:0032502 developmental process,-5,53,12,795,9,5,3,60,22,1969|3685|3693,EPHA2|ITGAV|ITGB5,-2.2
Protein_SUB1_MCODE_2,GO Biological Processes,19,GO:0007369,gastrulation,19_GO:0032502 developmental process,-4.4,34,9.9,795,14,5,3,60,22,1969|3685|3693,EPHA2|ITGAV|ITGB5,-1.7
Protein_SUB1_MCODE_2,GO Biological Processes,19,GO:0044409,symbiont entry into host,19_GO:0044419 biological process involved in interspecies interaction between organisms,-3.5,18,7.2,795,26,5,3,60,22,1969|3685|3693,EPHA2|ITGAV|ITGB5,-1.1
Protein_SUB1_MCODE_2,GO Biological Processes,19,GO:0051701,biological process involved in interaction with host,19_GO:0044419 biological process involved in interspecies interaction between organisms,-3.5,18,7.2,795,26,5,3,60,22,1969|3685|3693,EPHA2|ITGAV|ITGB5,-1.1
Protein_SUB1_MCODE_2,GO Biological Processes,19,GO:0046718,symbiont entry into host cell,19_GO:0016032 viral process,-3.5,18,7.2,795,26,5,3,60,22,1969|3685|3693,EPHA2|ITGAV|ITGB5,-1.1
Protein_SUB1_MCODE_2,GO Biological Processes,19,GO:0019058,viral life cycle,19_GO:0016032 viral process,-3.4,17,6.9,795,28,5,3,60,22,1969|3685|3693,EPHA2|ITGAV|ITGB5,-1.1
Protein_SUB1_MCODE_2,GO Biological Processes,19,GO:0016032,viral process,19_GO:0016032 viral process,-3.3,15,6.4,795,32,5,3,60,22,1969|3685|3693,EPHA2|ITGAV|ITGB5,-0.98
Protein_SUB1_MCODE_2,GO Biological Processes,19,GO:0044403,biological process involved in symbiotic interaction,19_GO:0044419 biological process involved in interspecies interaction between organisms,-3.3,15,6.4,795,32,5,3,60,22,1969|3685|3693,EPHA2|ITGAV|ITGB5,-0.98
Protein_SUB1_MCODE_2,GO Biological Processes,19,GO:0048598,embryonic morphogenesis,19_GO:0032502 developmental process,-2.9,12,5.6,795,41,5,3,60,22,1969|3685|3693,EPHA2|ITGAV|ITGB5,-0.74
Protein_SUB1_MCODE_2,GO Biological Processes,19,GO:0042060,wound healing,19_GO:0050896 response to stimulus,-2.7,9.7,5,795,49,5,3,60,22,2064|3685|3693,ERBB2|ITGAV|ITGB5,-0.57
Protein_SUB1_MCODE_2,GO Biological Processes,19,GO:0002009,morphogenesis of an epithelium,19_GO:0032502 developmental process,-2.7,9.5,5,795,50,5,3,60,22,1969|3685|3693,EPHA2|ITGAV|ITGB5,-0.55
Protein_SUB1_MCODE_2,GO Biological Processes,19,GO:0048729,tissue morphogenesis,19_GO:0032502 developmental process,-2.4,7.7,4.4,795,62,5,3,60,22,1969|3685|3693,EPHA2|ITGAV|ITGB5,-0.39
Protein_SUB1_MCODE_2,GO Biological Processes,19,GO:0009611,response to wounding,19_GO:0050896 response to stimulus,-2.3,7,4.1,795,68,5,3,60,22,2064|3685|3693,ERBB2|ITGAV|ITGB5,-0.29
