Cluster,Score,Type,Gene,Symbol,Network
1,2.0,Clustered,5539,PPY,Protein_SUB1
1,2.0,Clustered,301,ANXA1,Protein_SUB1
1,2.0,Clustered,6370,CCL25,Protein_SUB1
1,2.0,Seed,10563,CXCL13,Protein_SUB1
1,2.0,Clustered,3627,CXCL10,Protein_SUB1
2,1.7999999999999998,Clustered,3685,ITGAV,Protein_SUB1
2,1.7999999999999998,Clustered,6382,SDC1,Protein_SUB1
2,1.7999999999999998,Clustered,2064,ERBB2,Protein_SUB1
2,1.7999999999999998,Seed,3693,ITGB5,Protein_SUB1
2,1.7999999999999998,Clustered,1969,EPHA2,Protein_SUB1
