Network,Annotation
Protein,GO:0042391|regulation of membrane potential|-6.8;GO:0051881|regulation of mitochondrial membrane potential|-6.4;GO:0034599|cellular response to oxidative stress|-5.0
Protein_MCODE_ALL,GO:0042391|regulation of membrane potential|-6.5;GO:0051881|regulation of mitochondrial membrane potential|-6.0;GO:0045936|negative regulation of phosphate metabolic process|-5.3
Protein_SUB1_MCODE_1,GO:0038096|Fc-gamma receptor signaling pathway involved in phagocytosis|-5.6;GO:0002433|immune response-regulating cell surface receptor signaling pathway involved in phagocytosis|-5.6;GO:0002431|Fc receptor mediated stimulatory signaling pathway|-5.6
Protein_SUB1_MCODE_2,GO:0042391|regulation of membrane potential|-4.5
