Name,Category,CategoryID,GO,Description,PARENT_GO,LogP,Enrichment,Z-score,#TotalGeneInLibrary,#GeneInGO,#GeneInHitList,#GeneInGOAndHitList,%InGO,STDV %InGO,GeneID,Hits,Log(q-value)
Protein,GO Biological Processes,19,GO:0042391,regulation of membrane potential,19_GO:0065007 biological regulation,-6.8,10,8.5,795,17,36,8,22,6.9,25|142|2745|4137|6648|6714|10935|11060,ABL1|PARP1|GLRX|MAPT|SOD2|SRC|PRDX3|WWP2,-2.7
Protein,GO Biological Processes,19,GO:0051881,regulation of mitochondrial membrane potential,19_GO:0065007 biological regulation,-6.4,15,9,795,9,36,6,17,6.2,25|142|4137|6648|6714|10935,ABL1|PARP1|MAPT|SOD2|SRC|PRDX3,-2.7
Protein,GO Biological Processes,19,GO:0034599,cellular response to oxidative stress,19_GO:0050896 response to stimulus,-5,7.7,6.6,795,20,36,7,19,6.6,25|142|4137|6648|6714|10935|25824,ABL1|PARP1|MAPT|SOD2|SRC|PRDX3|PRDX5,-1.9
Protein,GO Biological Processes,19,GO:0034614,cellular response to reactive oxygen species,19_GO:0050896 response to stimulus,-4.9,9.5,7,795,14,36,6,17,6.2,25|4137|6648|6714|10935|25824,ABL1|MAPT|SOD2|SRC|PRDX3|PRDX5,-1.8
Protein,GO Biological Processes,19,GO:0018193,peptidyl-amino acid modification,19_GO:0009987 cellular process,-4.8,6.1,6.1,795,29,36,8,22,6.9,25|4067|6714|6733|7917|10935|10988|254042,ABL1|LYN|SRC|SRPK2|BAG6|PRDX3|METAP2|METAP1D,-1.8
Protein,GO Biological Processes,19,GO:0062197,cellular response to chemical stress,19_GO:0050896 response to stimulus,-4.2,6.2,5.7,795,25,36,7,19,6.6,25|142|4137|6648|6714|10935|25824,ABL1|PARP1|MAPT|SOD2|SRC|PRDX3|PRDX5,-1.5
Protein,GO Biological Processes,19,GO:0006979,response to oxidative stress,19_GO:0050896 response to stimulus,-4.1,5,5.3,795,35,36,8,22,6.9,25|142|4137|6648|6714|10935|11168|25824,ABL1|PARP1|MAPT|SOD2|SRC|PRDX3|PSIP1|PRDX5,-1.5
Protein,GO Biological Processes,19,GO:0000302,response to reactive oxygen species,19_GO:0050896 response to stimulus,-3.9,6.6,5.5,795,20,36,6,17,6.2,25|4137|6648|6714|10935|25824,ABL1|MAPT|SOD2|SRC|PRDX3|PRDX5,-1.3
Protein,GO Biological Processes,19,GO:0051276,chromosome organization,19_GO:0009987 cellular process,-3.8,8.5,5.9,795,13,36,5,14,5.8,25|142|328|7917|8379,ABL1|PARP1|APEX1|BAG6|MAD1L1,-1.3
Protein,GO Biological Processes,19,GO:0051248,negative regulation of protein metabolic process,19_GO:0048519 negative regulation of biological process,-3.6,3.8,4.6,795,52,36,9,25,7.2,25|1399|1978|1981|4067|4137|5202|6714|7917,ABL1|CRKL|EIF4EBP1|EIF4G1|LYN|MAPT|PFDN2|SRC|BAG6,-1.2
Protein,GO Biological Processes,19,GO:0022618,protein-RNA complex assembly,19_GO:0009987 cellular process,-3.5,17,6.8,795,4,36,3,8.3,4.6,1975|6733|11168,EIF4B|SRPK2|PSIP1,-1.1
Protein,GO Biological Processes,19,GO:0042743,hydrogen peroxide metabolic process,19_GO:0009987 cellular process,-3.5,17,6.8,795,4,36,3,8.3,4.6,6648|10935|25824,SOD2|PRDX3|PRDX5,-1.1
Protein,GO Biological Processes,19,GO:0033044,regulation of chromosome organization,19_GO:0050789 regulation of biological process,-3.4,9.8,5.8,795,9,36,4,11,5.2,142|4137|6714|8379,PARP1|MAPT|SRC|MAD1L1,-1.1
Protein,GO Biological Processes,19,GO:0010639,negative regulation of organelle organization,19_GO:0048519 negative regulation of biological process,-3.4,6.9,5.2,795,16,36,5,14,5.8,142|2288|4137|6714|8379,PARP1|FKBP4|MAPT|SRC|MAD1L1,-1.1
Protein,GO Biological Processes,19,GO:0045931,positive regulation of mitotic cell cycle,19_GO:0048518 positive regulation of biological process,-3.2,8.8,5.4,795,10,36,4,11,5.2,25|1978|1981|8379,ABL1|EIF4EBP1|EIF4G1|MAD1L1,-1
Protein,GO Biological Processes,19,GO:0141193,nuclear receptor-mediated signaling pathway,19_GO:0050896 response to stimulus,-3.1,13,6,795,5,36,3,8.3,4.6,1399|2288|6714,CRKL|FKBP4|SRC,-0.97
Protein,GO Biological Processes,19,GO:0048538,thymus development,19_GO:0002376 immune system process,-3.1,13,6,795,5,36,3,8.3,4.6,25|1399|8379,ABL1|CRKL|MAD1L1,-0.97
Protein,GO Biological Processes,19,GO:0071826,protein-RNA complex organization,19_GO:0009987 cellular process,-3.1,13,6,795,5,36,3,8.3,4.6,1975|6733|11168,EIF4B|SRPK2|PSIP1,-0.97
Protein,GO Biological Processes,19,GO:0031113,regulation of microtubule polymerization,19_GO:0050789 regulation of biological process,-3.1,13,6,795,5,36,3,8.3,4.6,25|2288|4137,ABL1|FKBP4|MAPT,-0.97
Protein,GO Biological Processes,19,GO:0031110,regulation of microtubule polymerization or depolymerization,19_GO:0050789 regulation of biological process,-3.1,13,6,795,5,36,3,8.3,4.6,25|2288|4137,ABL1|FKBP4|MAPT,-0.97
Protein,GO Biological Processes,19,GO:0042542,response to hydrogen peroxide,19_GO:0050896 response to stimulus,-3,8,5.1,795,11,36,4,11,5.2,25|6648|6714|10935,ABL1|SOD2|SRC|PRDX3,-0.92
Protein,GO Biological Processes,19,GO:0045936,negative regulation of phosphate metabolic process,19_GO:0048519 negative regulation of biological process,-2.9,4.6,4.3,795,29,36,6,17,6.2,25|142|1399|1981|4067|10935,ABL1|PARP1|CRKL|EIF4G1|LYN|PRDX3,-0.84
Protein,GO Biological Processes,19,GO:0010563,negative regulation of phosphorus metabolic process,19_GO:0048519 negative regulation of biological process,-2.9,4.6,4.3,795,29,36,6,17,6.2,25|142|1399|1981|4067|10935,ABL1|PARP1|CRKL|EIF4G1|LYN|PRDX3,-0.84
Protein,GO Biological Processes,19,GO:2001251,negative regulation of chromosome organization,19_GO:0048519 negative regulation of biological process,-2.8,11,5.4,795,6,36,3,8.3,4.6,142|6714|8379,PARP1|SRC|MAD1L1,-0.81
Protein,GO Biological Processes,19,GO:0045454,cell redox homeostasis,19_GO:0042592 homeostatic process,-2.8,11,5.4,795,6,36,3,8.3,4.6,328|10935|25824,APEX1|PRDX3|PRDX5,-0.81
Protein,GO Biological Processes,19,GO:0038096,Fc-gamma receptor signaling pathway involved in phagocytosis,19_GO:0002376 immune system process,-2.8,11,5.4,795,6,36,3,8.3,4.6,25|4067|6714,ABL1|LYN|SRC,-0.81
Protein,GO Biological Processes,19,GO:0002431,Fc receptor mediated stimulatory signaling pathway,19_GO:0002376 immune system process,-2.8,11,5.4,795,6,36,3,8.3,4.6,25|4067|6714,ABL1|LYN|SRC,-0.81
Protein,GO Biological Processes,19,GO:0022613,ribonucleoprotein complex biogenesis,19_GO:0009987 cellular process,-2.8,11,5.4,795,6,36,3,8.3,4.6,1975|6733|11168,EIF4B|SRPK2|PSIP1,-0.81
Protein,GO Biological Processes,19,GO:0002433,immune response-regulating cell surface receptor signaling pathway involved in phagocytosis,19_GO:0002376 immune system process,-2.8,11,5.4,795,6,36,3,8.3,4.6,25|4067|6714,ABL1|LYN|SRC,-0.81
Protein,GO Biological Processes,19,GO:0070507,regulation of microtubule cytoskeleton organization,19_GO:0050789 regulation of biological process,-2.8,11,5.4,795,6,36,3,8.3,4.6,25|2288|4137,ABL1|FKBP4|MAPT,-0.81
Protein,GO Biological Processes,19,GO:0002253,activation of immune response,19_GO:0002376 immune system process,-2.6,3.5,3.7,795,44,36,7,19,6.6,25|1399|4067|5608|6714|7917|10614,ABL1|CRKL|LYN|MAP2K6|SRC|BAG6|HEXIM1,-0.68
Protein,GO Biological Processes,19,GO:0042326,negative regulation of phosphorylation,19_GO:0048519 negative regulation of biological process,-2.5,4.6,3.9,795,24,36,5,14,5.8,25|1399|1981|4067|10935,ABL1|CRKL|EIF4G1|LYN|PRDX3,-0.58
Protein,GO Biological Processes,19,GO:1902903,regulation of supramolecular fiber organization,19_GO:0050789 regulation of biological process,-2.5,4.6,3.9,795,24,36,5,14,5.8,25|2288|4137|5202|8936,ABL1|FKBP4|MAPT|PFDN2|WASF1,-0.58
Protein,GO Biological Processes,19,GO:0051495,positive regulation of cytoskeleton organization,19_GO:0048518 positive regulation of biological process,-2.5,5.9,4.2,795,15,36,4,11,5.2,25|4137|5202|8936,ABL1|MAPT|PFDN2|WASF1,-0.57
Protein,GO Biological Processes,19,GO:0030522,intracellular receptor signaling pathway,19_GO:0050896 response to stimulus,-2.5,5.9,4.2,795,15,36,4,11,5.2,1399|2288|5608|6714,CRKL|FKBP4|MAP2K6|SRC,-0.57
Protein,GO Biological Processes,19,GO:0031400,negative regulation of protein modification process,19_GO:0048519 negative regulation of biological process,-2.4,4.4,3.8,795,25,36,5,14,5.8,25|1399|1981|4067|4137,ABL1|CRKL|EIF4G1|LYN|MAPT,-0.52
Protein,GO Biological Processes,19,GO:0033365,protein localization to organelle,19_GO:0051179 localization,-2.4,3.7,3.6,795,36,36,6,17,6.2,25|142|3068|5534|6727|7917,ABL1|PARP1|HDGF|PPP3R1|SRP14|BAG6,-0.52
Protein,GO Biological Processes,19,GO:0008630,intrinsic apoptotic signaling pathway in response to DNA damage,19_GO:0050896 response to stimulus,-2.4,8.3,4.5,795,8,36,3,8.3,4.6,25|6648|7917,ABL1|SOD2|BAG6,-0.52
Protein,GO Biological Processes,19,GO:0032886,regulation of microtubule-based process,19_GO:0050789 regulation of biological process,-2.4,8.3,4.5,795,8,36,3,8.3,4.6,25|2288|4137,ABL1|FKBP4|MAPT,-0.52
Protein,GO Biological Processes,19,GO:0098869,cellular oxidant detoxification,19_GO:0098754 detoxification,-2.4,8.3,4.5,795,8,36,3,8.3,4.6,6648|10935|25824,SOD2|PRDX3|PRDX5,-0.52
Protein,GO Biological Processes,19,GO:0009205,purine ribonucleoside triphosphate metabolic process,19_GO:0009987 cellular process,-2.4,8.3,4.5,795,8,36,3,8.3,4.6,142|2026|5213,PARP1|ENO2|PFKM,-0.52
Protein,GO Biological Processes,19,GO:0046034,ATP metabolic process,19_GO:0009987 cellular process,-2.4,8.3,4.5,795,8,36,3,8.3,4.6,142|2026|5213,PARP1|ENO2|PFKM,-0.52
Protein,GO Biological Processes,19,GO:0009199,ribonucleoside triphosphate metabolic process,19_GO:0009987 cellular process,-2.4,8.3,4.5,795,8,36,3,8.3,4.6,142|2026|5213,PARP1|ENO2|PFKM,-0.52
Protein,GO Biological Processes,19,GO:0006446,regulation of translational initiation,19_GO:0050789 regulation of biological process,-2.4,8.3,4.5,795,8,36,3,8.3,4.6,1975|1978|1981,EIF4B|EIF4EBP1|EIF4G1,-0.52
Protein,GO Biological Processes,19,GO:0007005,mitochondrion organization,19_GO:0009987 cellular process,-2.4,5.5,4,795,16,36,4,11,5.2,142|6648|8936|10935,PARP1|SOD2|WASF1|PRDX3,-0.5
Protein,GO Biological Processes,19,GO:0006259,DNA metabolic process,19_GO:0009987 cellular process,-2.4,5.5,4,795,16,36,4,11,5.2,25|142|328|6714,ABL1|PARP1|APEX1|SRC,-0.5
Protein,GO Biological Processes,19,GO:0010638,positive regulation of organelle organization,19_GO:0048518 positive regulation of biological process,-2.3,3.6,3.5,795,37,36,6,17,6.2,25|4137|5202|6714|8379|8936,ABL1|MAPT|PFDN2|SRC|MAD1L1|WASF1,-0.48
Protein,GO Biological Processes,19,GO:0072524,pyridine-containing compound metabolic process,19_GO:0009987 cellular process,-2.2,7.4,4.2,795,9,36,3,8.3,4.6,2026|5213|25824,ENO2|PFKM|PRDX5,-0.42
Protein,GO Biological Processes,19,GO:0098754,detoxification,19_GO:0098754 detoxification,-2.2,7.4,4.2,795,9,36,3,8.3,4.6,6648|10935|25824,SOD2|PRDX3|PRDX5,-0.42
Protein,GO Biological Processes,19,GO:1990748,cellular detoxification,19_GO:0098754 detoxification,-2.2,7.4,4.2,795,9,36,3,8.3,4.6,6648|10935|25824,SOD2|PRDX3|PRDX5,-0.42
Protein,GO Biological Processes,19,GO:0019362,pyridine nucleotide metabolic process,19_GO:0009987 cellular process,-2.2,7.4,4.2,795,9,36,3,8.3,4.6,2026|5213|25824,ENO2|PFKM|PRDX5,-0.42
Protein,GO Biological Processes,19,GO:0009144,purine nucleoside triphosphate metabolic process,19_GO:0009987 cellular process,-2.2,7.4,4.2,795,9,36,3,8.3,4.6,142|2026|5213,PARP1|ENO2|PFKM,-0.42
Protein,GO Biological Processes,19,GO:0046496,nicotinamide nucleotide metabolic process,19_GO:0009987 cellular process,-2.2,7.4,4.2,795,9,36,3,8.3,4.6,2026|5213|25824,ENO2|PFKM|PRDX5,-0.42
Protein,GO Biological Processes,19,GO:0051258,protein polymerization,19_GO:0009987 cellular process,-2.2,7.4,4.2,795,9,36,3,8.3,4.6,25|4137|8936,ABL1|MAPT|WASF1,-0.42
Protein,GO Biological Processes,19,GO:0038094,Fc-gamma receptor signaling pathway,19_GO:0002376 immune system process,-2.2,7.4,4.2,795,9,36,3,8.3,4.6,25|4067|6714,ABL1|LYN|SRC,-0.42
Protein,GO Biological Processes,19,GO:0048732,gland development,19_GO:0032502 developmental process,-2.2,3.4,3.3,795,39,36,6,17,6.2,25|1399|2288|6648|6714|8379,ABL1|CRKL|FKBP4|SOD2|SRC|MAD1L1,-0.41
Protein,GO Biological Processes,19,GO:1903829,positive regulation of protein localization,19_GO:0051179 localization,-2.2,3.4,3.3,795,39,36,6,17,6.2,142|1399|1981|4137|5213|6714,PARP1|CRKL|EIF4G1|MAPT|PFKM|SRC,-0.41
Protein,GO Biological Processes,19,GO:0045787,positive regulation of cell cycle,19_GO:0048518 positive regulation of biological process,-2.2,3.9,3.5,795,28,36,5,14,5.8,25|1978|1981|6733|8379,ABL1|EIF4EBP1|EIF4G1|SRPK2|MAD1L1,-0.38
Protein,GO Biological Processes,19,GO:0002757,immune response-activating signaling pathway,19_GO:0002376 immune system process,-2.2,3.3,3.3,795,40,36,6,17,6.2,25|1399|4067|5608|6714|7917,ABL1|CRKL|LYN|MAP2K6|SRC|BAG6,-0.37
Protein,GO Biological Processes,19,GO:0055086,nucleobase-containing small molecule metabolic process,19_GO:0009987 cellular process,-2.1,3.8,3.4,795,29,36,5,14,5.8,142|2026|2745|5213|25824,PARP1|ENO2|GLRX|PFKM|PRDX5,-0.34
Protein,GO Biological Processes,19,GO:0097237,cellular response to toxic substance,19_GO:0050896 response to stimulus,-2.1,6.6,3.9,795,10,36,3,8.3,4.6,6648|10935|25824,SOD2|PRDX3|PRDX5,-0.32
Protein,GO Biological Processes,19,GO:0009141,nucleoside triphosphate metabolic process,19_GO:0009987 cellular process,-2.1,6.6,3.9,795,10,36,3,8.3,4.6,142|2026|5213,PARP1|ENO2|PFKM,-0.32
Protein,GO Biological Processes,19,GO:0072593,reactive oxygen species metabolic process,19_GO:0009987 cellular process,-2.1,6.6,3.9,795,10,36,3,8.3,4.6,6648|10935|25824,SOD2|PRDX3|PRDX5,-0.32
Protein,GO Biological Processes,19,GO:0009755,hormone-mediated signaling pathway,19_GO:0050896 response to stimulus,-2.1,6.6,3.9,795,10,36,3,8.3,4.6,1399|2288|6714,CRKL|FKBP4|SRC,-0.32
Protein,GO Biological Processes,19,GO:0002218,activation of innate immune response,19_GO:0044419 biological process involved in interspecies interaction between organisms,-2.1,4.6,3.5,795,19,36,4,11,5.2,4067|5608|6714|10614,LYN|MAP2K6|SRC|HEXIM1,-0.31
Protein,GO Biological Processes,19,GO:0009410,response to xenobiotic stimulus,19_GO:0050896 response to stimulus,-2,3.2,3.1,795,42,36,6,17,6.2,25|1399|4067|5608|6648|6714,ABL1|CRKL|LYN|MAP2K6|SOD2|SRC,-0.3
Protein,GO Biological Processes,19,GO:0043086,negative regulation of catalytic activity,19_GO:0065007 biological regulation,-2,3.7,3.3,795,30,36,5,14,5.8,25|4067|6714|10935|25824,ABL1|LYN|SRC|PRDX3|PRDX5,-0.3
Protein_MCODE_ALL,GO Biological Processes,19,GO:0042391,regulation of membrane potential,19_GO:0065007 biological regulation,-6.5,26,11,795,17,9,5,56,17,25|142|6714|10935|11060,ABL1|PARP1|SRC|PRDX3|WWP2,-2.7
Protein_MCODE_ALL,GO Biological Processes,19,GO:0051881,regulation of mitochondrial membrane potential,19_GO:0065007 biological regulation,-6,39,12,795,9,9,4,44,17,25|142|6714|10935,ABL1|PARP1|SRC|PRDX3,-2.5
Protein_MCODE_ALL,GO Biological Processes,19,GO:0045936,negative regulation of phosphate metabolic process,19_GO:0048519 negative regulation of biological process,-5.3,15,8.3,795,29,9,5,56,17,25|142|1399|4067|10935,ABL1|PARP1|CRKL|LYN|PRDX3,-2.1
Protein_MCODE_ALL,GO Biological Processes,19,GO:0010563,negative regulation of phosphorus metabolic process,19_GO:0048519 negative regulation of biological process,-5.3,15,8.3,795,29,9,5,56,17,25|142|1399|4067|10935,ABL1|PARP1|CRKL|LYN|PRDX3,-2.1
Protein_MCODE_ALL,GO Biological Processes,19,GO:0002431,Fc receptor mediated stimulatory signaling pathway,19_GO:0002376 immune system process,-4.7,44,11,795,6,9,3,33,16,25|4067|6714,ABL1|LYN|SRC,-1.8
Protein_MCODE_ALL,GO Biological Processes,19,GO:0002433,immune response-regulating cell surface receptor signaling pathway involved in phagocytosis,19_GO:0002376 immune system process,-4.7,44,11,795,6,9,3,33,16,25|4067|6714,ABL1|LYN|SRC,-1.8
Protein_MCODE_ALL,GO Biological Processes,19,GO:0038096,Fc-gamma receptor signaling pathway involved in phagocytosis,19_GO:0002376 immune system process,-4.7,44,11,795,6,9,3,33,16,25|4067|6714,ABL1|LYN|SRC,-1.8
Protein_MCODE_ALL,GO Biological Processes,19,GO:0034599,cellular response to oxidative stress,19_GO:0050896 response to stimulus,-4.5,18,8.1,795,20,9,4,44,17,25|142|6714|10935,ABL1|PARP1|SRC|PRDX3,-1.7
Protein_MCODE_ALL,GO Biological Processes,19,GO:0002253,activation of immune response,19_GO:0002376 immune system process,-4.4,10,6.6,795,44,9,5,56,17,25|1399|4067|6714|10614,ABL1|CRKL|LYN|SRC|HEXIM1,-1.6
Protein_MCODE_ALL,GO Biological Processes,19,GO:0042326,negative regulation of phosphorylation,19_GO:0048519 negative regulation of biological process,-4.1,15,7.3,795,24,9,4,44,17,25|1399|4067|10935,ABL1|CRKL|LYN|PRDX3,-1.5
Protein_MCODE_ALL,GO Biological Processes,19,GO:0038094,Fc-gamma receptor signaling pathway,19_GO:0002376 immune system process,-4.1,29,9.2,795,9,9,3,33,16,25|4067|6714,ABL1|LYN|SRC,-1.5
Protein_MCODE_ALL,GO Biological Processes,19,GO:0062197,cellular response to chemical stress,19_GO:0050896 response to stimulus,-4.1,14,7.1,795,25,9,4,44,17,25|142|6714|10935,ABL1|PARP1|SRC|PRDX3,-1.5
Protein_MCODE_ALL,GO Biological Processes,19,GO:0044092,negative regulation of molecular function,19_GO:0065007 biological regulation,-4,8.7,6,795,51,9,5,56,17,25|4067|6714|10935|11060,ABL1|LYN|SRC|PRDX3|WWP2,-1.4
Protein_MCODE_ALL,GO Biological Processes,19,GO:0071560,cellular response to transforming growth factor beta stimulus,19_GO:0050896 response to stimulus,-3.9,13,6.8,795,27,9,4,44,17,25|142|1399|6714,ABL1|PARP1|CRKL|SRC,-1.4
Protein_MCODE_ALL,GO Biological Processes,19,GO:0071559,response to transforming growth factor beta,19_GO:0050896 response to stimulus,-3.9,13,6.7,795,28,9,4,44,17,25|142|1399|6714,ABL1|PARP1|CRKL|SRC,-1.3
Protein_MCODE_ALL,GO Biological Processes,19,GO:0062207,regulation of pattern recognition receptor signaling pathway,19_GO:0044419 biological process involved in interspecies interaction between organisms,-3.8,24,8.2,795,11,9,3,33,16,142|4067|6714,PARP1|LYN|SRC,-1.3
Protein_MCODE_ALL,GO Biological Processes,19,GO:0042542,response to hydrogen peroxide,19_GO:0050896 response to stimulus,-3.8,24,8.2,795,11,9,3,33,16,25|6714|10935,ABL1|SRC|PRDX3,-1.3
Protein_MCODE_ALL,GO Biological Processes,19,GO:0018193,peptidyl-amino acid modification,19_GO:0009987 cellular process,-3.8,12,6.6,795,29,9,4,44,17,25|4067|6714|10935,ABL1|LYN|SRC|PRDX3,-1.3
Protein_MCODE_ALL,GO Biological Processes,19,GO:0043086,negative regulation of catalytic activity,19_GO:0065007 biological regulation,-3.7,12,6.4,795,30,9,4,44,17,25|4067|6714|10935,ABL1|LYN|SRC|PRDX3,-1.3
Protein_MCODE_ALL,GO Biological Processes,19,GO:1901699,cellular response to nitrogen compound,19_GO:0050896 response to stimulus,-3.6,7.2,5.4,795,61,9,5,56,17,25|142|1399|4067|6714,ABL1|PARP1|CRKL|LYN|SRC,-1.2
Protein_MCODE_ALL,GO Biological Processes,19,GO:0002429,immune response-activating cell surface receptor signaling pathway,19_GO:0002376 immune system process,-3.6,11,6.2,795,32,9,4,44,17,25|1399|4067|6714,ABL1|CRKL|LYN|SRC,-1.2
Protein_MCODE_ALL,GO Biological Processes,19,GO:0006914,autophagy,19_GO:0009987 cellular process,-3.6,20,7.5,795,13,9,3,33,16,25|4067|6714,ABL1|LYN|SRC,-1.2
Protein_MCODE_ALL,GO Biological Processes,19,GO:0038093,Fc receptor signaling pathway,19_GO:0002376 immune system process,-3.6,20,7.5,795,13,9,3,33,16,25|4067|6714,ABL1|LYN|SRC,-1.2
Protein_MCODE_ALL,GO Biological Processes,19,GO:0051053,negative regulation of DNA metabolic process,19_GO:0048519 negative regulation of biological process,-3.6,20,7.5,795,13,9,3,33,16,25|142|6714,ABL1|PARP1|SRC,-1.2
Protein_MCODE_ALL,GO Biological Processes,19,GO:0061919,process utilizing autophagic mechanism,19_GO:0009987 cellular process,-3.6,20,7.5,795,13,9,3,33,16,25|4067|6714,ABL1|LYN|SRC,-1.2
Protein_MCODE_ALL,GO Biological Processes,19,GO:0006979,response to oxidative stress,19_GO:0050896 response to stimulus,-3.5,10,5.9,795,35,9,4,44,17,25|142|6714|10935,ABL1|PARP1|SRC|PRDX3,-1.1
Protein_MCODE_ALL,GO Biological Processes,19,GO:0034614,cellular response to reactive oxygen species,19_GO:0050896 response to stimulus,-3.5,19,7.2,795,14,9,3,33,16,25|6714|10935,ABL1|SRC|PRDX3,-1.1
Protein_MCODE_ALL,GO Biological Processes,19,GO:0018212,peptidyl-tyrosine modification,19_GO:0009987 cellular process,-3.4,18,7,795,15,9,3,33,16,25|4067|6714,ABL1|LYN|SRC,-1.1
Protein_MCODE_ALL,GO Biological Processes,19,GO:0033673,negative regulation of kinase activity,19_GO:0048519 negative regulation of biological process,-3.4,18,7,795,15,9,3,33,16,25|4067|10935,ABL1|LYN|PRDX3,-1.1
Protein_MCODE_ALL,GO Biological Processes,19,GO:0051348,negative regulation of transferase activity,19_GO:0065007 biological regulation,-3.4,18,7,795,15,9,3,33,16,25|4067|10935,ABL1|LYN|PRDX3,-1.1
Protein_MCODE_ALL,GO Biological Processes,19,GO:0018108,peptidyl-tyrosine phosphorylation,19_GO:0009987 cellular process,-3.4,18,7,795,15,9,3,33,16,25|4067|6714,ABL1|LYN|SRC,-1.1
Protein_MCODE_ALL,GO Biological Processes,19,GO:0046777,protein autophosphorylation,19_GO:0009987 cellular process,-3.3,17,6.7,795,16,9,3,33,16,25|4067|6714,ABL1|LYN|SRC,-1.1
Protein_MCODE_ALL,GO Biological Processes,19,GO:0006259,DNA metabolic process,19_GO:0009987 cellular process,-3.3,17,6.7,795,16,9,3,33,16,25|142|6714,ABL1|PARP1|SRC,-1.1
Protein_MCODE_ALL,GO Biological Processes,19,GO:0002757,immune response-activating signaling pathway,19_GO:0002376 immune system process,-3.2,8.8,5.4,795,40,9,4,44,17,25|1399|4067|6714,ABL1|CRKL|LYN|SRC,-1
Protein_MCODE_ALL,GO Biological Processes,19,GO:0002768,immune response-regulating cell surface receptor signaling pathway,19_GO:0002376 immune system process,-3.2,8.6,5.4,795,41,9,4,44,17,25|1399|4067|6714,ABL1|CRKL|LYN|SRC,-1
Protein_MCODE_ALL,GO Biological Processes,19,GO:0009410,response to xenobiotic stimulus,19_GO:0050896 response to stimulus,-3.2,8.4,5.3,795,42,9,4,44,17,25|1399|4067|6714,ABL1|CRKL|LYN|SRC,-0.99
Protein_MCODE_ALL,GO Biological Processes,19,GO:0002218,activation of innate immune response,19_GO:0044419 biological process involved in interspecies interaction between organisms,-3.1,14,6.1,795,19,9,3,33,16,4067|6714|10614,LYN|SRC|HEXIM1,-0.93
Protein_MCODE_ALL,GO Biological Processes,19,GO:0030099,myeloid cell differentiation,19_GO:0032502 developmental process,-3,7.9,5.1,795,45,9,4,44,17,142|4067|6714|10935,PARP1|LYN|SRC|PRDX3,-0.92
Protein_MCODE_ALL,GO Biological Processes,19,GO:0050778,positive regulation of immune response,19_GO:0002376 immune system process,-3,5.3,4.4,795,83,9,5,56,17,25|1399|4067|6714|10614,ABL1|CRKL|LYN|SRC|HEXIM1,-0.91
Protein_MCODE_ALL,GO Biological Processes,19,GO:0000302,response to reactive oxygen species,19_GO:0050896 response to stimulus,-3,13,5.9,795,20,9,3,33,16,25|6714|10935,ABL1|SRC|PRDX3,-0.91
Protein_MCODE_ALL,GO Biological Processes,19,GO:0002520,immune system development,19_GO:0002376 immune system process,-3,13,5.9,795,20,9,3,33,16,25|1399|4067,ABL1|CRKL|LYN,-0.91
Protein_MCODE_ALL,GO Biological Processes,19,GO:0050851,antigen receptor-mediated signaling pathway,19_GO:0002376 immune system process,-2.9,13,5.8,795,21,9,3,33,16,25|1399|4067,ABL1|CRKL|LYN,-0.85
Protein_MCODE_ALL,GO Biological Processes,19,GO:1902532,negative regulation of intracellular signal transduction,19_GO:0048519 negative regulation of biological process,-2.9,7.2,4.8,795,49,9,4,44,17,25|142|4067|6714,ABL1|PARP1|LYN|SRC,-0.84
Protein_MCODE_ALL,GO Biological Processes,19,GO:0043549,regulation of kinase activity,19_GO:0050789 regulation of biological process,-2.9,7.2,4.8,795,49,9,4,44,17,25|4067|6714|10935,ABL1|LYN|SRC|PRDX3,-0.84
Protein_MCODE_ALL,GO Biological Processes,19,GO:0051338,regulation of transferase activity,19_GO:0065007 biological regulation,-2.9,7.1,4.7,795,50,9,4,44,17,25|4067|6714|10935,ABL1|LYN|SRC|PRDX3,-0.82
Protein_MCODE_ALL,GO Biological Processes,19,GO:0071900,regulation of protein serine/threonine kinase activity,19_GO:0050789 regulation of biological process,-2.9,12,5.6,795,22,9,3,33,16,25|4067|6714,ABL1|LYN|SRC,-0.82
Protein_MCODE_ALL,GO Biological Processes,19,GO:0070372,regulation of ERK1 and ERK2 cascade,19_GO:0050896 response to stimulus,-2.8,6.9,4.7,795,51,9,4,44,17,25|1399|4067|6714,ABL1|CRKL|LYN|SRC,-0.81
Protein_MCODE_ALL,GO Biological Processes,19,GO:0032496,response to lipopolysaccharide,19_GO:0044419 biological process involved in interspecies interaction between organisms,-2.8,6.9,4.7,795,51,9,4,44,17,25|4067|6714|10935,ABL1|LYN|SRC|PRDX3,-0.81
Protein_MCODE_ALL,GO Biological Processes,19,GO:1904062,regulation of monoatomic cation transmembrane transport,19_GO:0051179 localization,-2.8,12,5.5,795,23,9,3,33,16,25|4067|11060,ABL1|LYN|WWP2,-0.81
Protein_MCODE_ALL,GO Biological Processes,19,GO:0001933,negative regulation of protein phosphorylation,19_GO:0048519 negative regulation of biological process,-2.8,12,5.5,795,23,9,3,33,16,25|1399|4067,ABL1|CRKL|LYN,-0.81
Protein_MCODE_ALL,GO Biological Processes,19,GO:0051056,regulation of small GTPase mediated signal transduction,19_GO:0050896 response to stimulus,-2.8,12,5.5,795,23,9,3,33,16,25|1399|6714,ABL1|CRKL|SRC,-0.81
Protein_MCODE_ALL,GO Biological Processes,19,GO:0051248,negative regulation of protein metabolic process,19_GO:0048519 negative regulation of biological process,-2.8,6.8,4.6,795,52,9,4,44,17,25|1399|4067|6714,ABL1|CRKL|LYN|SRC,-0.81
Protein_MCODE_ALL,GO Biological Processes,19,GO:0002237,response to molecule of bacterial origin,19_GO:0044419 biological process involved in interspecies interaction between organisms,-2.8,6.8,4.6,795,52,9,4,44,17,25|4067|6714|10935,ABL1|LYN|SRC|PRDX3,-0.81
Protein_MCODE_ALL,GO Biological Processes,19,GO:0045088,regulation of innate immune response,19_GO:0044419 biological process involved in interspecies interaction between organisms,-2.8,6.8,4.6,795,52,9,4,44,17,142|4067|6714|10614,PARP1|LYN|SRC|HEXIM1,-0.81
Protein_MCODE_ALL,GO Biological Processes,19,GO:0006909,phagocytosis,19_GO:0051179 localization,-2.7,11,5.3,795,24,9,3,33,16,25|4067|6714,ABL1|LYN|SRC,-0.76
Protein_MCODE_ALL,GO Biological Processes,19,GO:0034765,regulation of monoatomic ion transmembrane transport,19_GO:0051179 localization,-2.7,11,5.3,795,24,9,3,33,16,25|4067|11060,ABL1|LYN|WWP2,-0.76
Protein_MCODE_ALL,GO Biological Processes,19,GO:0042325,regulation of phosphorylation,19_GO:0050789 regulation of biological process,-2.7,4.6,4,795,96,9,5,56,17,25|1399|4067|6714|10935,ABL1|CRKL|LYN|SRC|PRDX3,-0.73
Protein_MCODE_ALL,GO Biological Processes,19,GO:0120035,regulation of plasma membrane bounded cell projection organization,19_GO:0050789 regulation of biological process,-2.7,6.4,4.5,795,55,9,4,44,17,25|1399|4067|6714,ABL1|CRKL|LYN|SRC,-0.73
Protein_MCODE_ALL,GO Biological Processes,19,GO:0031400,negative regulation of protein modification process,19_GO:0048519 negative regulation of biological process,-2.7,11,5.2,795,25,9,3,33,16,25|1399|4067,ABL1|CRKL|LYN,-0.73
Protein_MCODE_ALL,GO Biological Processes,19,GO:0030097,hemopoiesis,19_GO:0032502 developmental process,-2.7,4.6,4,795,97,9,5,56,17,25|142|4067|6714|10935,ABL1|PARP1|LYN|SRC|PRDX3,-0.73
Protein_MCODE_ALL,GO Biological Processes,19,GO:0031344,regulation of cell projection organization,19_GO:0050789 regulation of biological process,-2.7,6.3,4.4,795,56,9,4,44,17,25|1399|4067|6714,ABL1|CRKL|LYN|SRC,-0.72
Protein_MCODE_ALL,GO Biological Processes,19,GO:0002764,immune response-regulating signaling pathway,19_GO:0002376 immune system process,-2.6,6.2,4.4,795,57,9,4,44,17,25|1399|4067|6714,ABL1|CRKL|LYN|SRC,-0.7
Protein_MCODE_ALL,GO Biological Processes,19,GO:0032870,cellular response to hormone stimulus,19_GO:0050896 response to stimulus,-2.6,6.2,4.4,795,57,9,4,44,17,142|1399|4067|6714,PARP1|CRKL|LYN|SRC,-0.7
Protein_MCODE_ALL,GO Biological Processes,19,GO:0002573,myeloid leukocyte differentiation,19_GO:0032502 developmental process,-2.5,9.1,4.8,795,29,9,3,33,16,142|4067|6714,PARP1|LYN|SRC,-0.59
Protein_MCODE_ALL,GO Biological Processes,19,GO:0031346,positive regulation of cell projection organization,19_GO:0048518 positive regulation of biological process,-2.5,8.8,4.7,795,30,9,3,33,16,25|4067|6714,ABL1|LYN|SRC,-0.56
Protein_MCODE_ALL,GO Biological Processes,19,GO:0002831,regulation of response to biotic stimulus,19_GO:0050896 response to stimulus,-2.5,5.5,4,795,64,9,4,44,17,142|4067|6714|10614,PARP1|LYN|SRC|HEXIM1,-0.55
Protein_MCODE_ALL,GO Biological Processes,19,GO:0045089,positive regulation of innate immune response,19_GO:0044419 biological process involved in interspecies interaction between organisms,-2.4,8.5,4.6,795,31,9,3,33,16,4067|6714|10614,LYN|SRC|HEXIM1,-0.53
Protein_MCODE_ALL,GO Biological Processes,19,GO:0141091,transforming growth factor beta receptor superfamily signaling pathway,19_GO:0050896 response to stimulus,-2.4,8.5,4.6,795,31,9,3,33,16,25|142|6714,ABL1|PARP1|SRC,-0.53
Protein_MCODE_ALL,GO Biological Processes,19,GO:0007178,cell surface receptor protein serine/threonine kinase signaling pathway,19_GO:0050896 response to stimulus,-2.4,8.5,4.6,795,31,9,3,33,16,25|142|6714,ABL1|PARP1|SRC,-0.53
Protein_MCODE_ALL,GO Biological Processes,19,GO:0006468,protein phosphorylation,19_GO:0009987 cellular process,-2.4,8.3,4.5,795,32,9,3,33,16,25|4067|6714,ABL1|LYN|SRC,-0.51
Protein_MCODE_ALL,GO Biological Processes,19,GO:0007167,enzyme-linked receptor protein signaling pathway,19_GO:0050896 response to stimulus,-2.4,3.9,3.5,795,114,9,5,56,17,25|142|1399|4067|6714,ABL1|PARP1|CRKL|LYN|SRC,-0.5
Protein_MCODE_ALL,GO Biological Processes,19,GO:0071375,cellular response to peptide hormone stimulus,19_GO:0050896 response to stimulus,-2.3,8,4.4,795,33,9,3,33,16,142|4067|6714,PARP1|LYN|SRC,-0.49
Protein_MCODE_ALL,GO Biological Processes,19,GO:0002521,leukocyte differentiation,19_GO:0032502 developmental process,-2.3,5,3.8,795,70,9,4,44,17,25|142|4067|6714,ABL1|PARP1|LYN|SRC,-0.46
Protein_MCODE_ALL,GO Biological Processes,19,GO:0002833,positive regulation of response to biotic stimulus,19_GO:0048518 positive regulation of biological process,-2.3,7.8,4.3,795,34,9,3,33,16,4067|6714|10614,LYN|SRC|HEXIM1,-0.46
Protein_MCODE_ALL,GO Biological Processes,19,GO:0034762,regulation of transmembrane transport,19_GO:0051179 localization,-2.3,7.8,4.3,795,34,9,3,33,16,25|4067|11060,ABL1|LYN|WWP2,-0.46
Protein_MCODE_ALL,GO Biological Processes,19,GO:0071222,cellular response to lipopolysaccharide,19_GO:0044419 biological process involved in interspecies interaction between organisms,-2.3,7.8,4.3,795,34,9,3,33,16,25|4067|6714,ABL1|LYN|SRC,-0.46
Protein_MCODE_ALL,GO Biological Processes,19,GO:0071675,regulation of mononuclear cell migration,19_GO:0040011 locomotion,-2.3,7.6,4.3,795,35,9,3,33,16,25|1399|4067,ABL1|CRKL|LYN,-0.43
Protein_MCODE_ALL,GO Biological Processes,19,GO:0071219,cellular response to molecule of bacterial origin,19_GO:0044419 biological process involved in interspecies interaction between organisms,-2.3,7.6,4.3,795,35,9,3,33,16,25|4067|6714,ABL1|LYN|SRC,-0.43
Protein_MCODE_ALL,GO Biological Processes,19,GO:0050863,regulation of T cell activation,19_GO:0002376 immune system process,-2.3,4.9,3.7,795,72,9,4,44,17,25|4067|6714|55824,ABL1|LYN|SRC|PAG1,-0.43
Protein_MCODE_ALL,GO Biological Processes,19,GO:0016310,phosphorylation,19_GO:0009987 cellular process,-2.2,7.4,4.2,795,36,9,3,33,16,25|4067|6714,ABL1|LYN|SRC,-0.42
Protein_MCODE_ALL,GO Biological Processes,19,GO:1903037,regulation of leukocyte cell-cell adhesion,19_GO:0050789 regulation of biological process,-2.2,4.8,3.6,795,74,9,4,44,17,25|4067|6714|55824,ABL1|LYN|SRC|PAG1,-0.41
Protein_MCODE_ALL,GO Biological Processes,19,GO:0032868,response to insulin,19_GO:0050896 response to stimulus,-2.2,7.2,4.1,795,37,9,3,33,16,142|4067|6714,PARP1|LYN|SRC,-0.39
Protein_MCODE_ALL,GO Biological Processes,19,GO:0071216,cellular response to biotic stimulus,19_GO:0050896 response to stimulus,-2.2,7,4,795,38,9,3,33,16,25|4067|6714,ABL1|LYN|SRC,-0.37
Protein_MCODE_ALL,GO Biological Processes,19,GO:0010959,regulation of metal ion transport,19_GO:0051179 localization,-2.2,7,4,795,38,9,3,33,16,25|4067|11060,ABL1|LYN|WWP2,-0.37
Protein_MCODE_ALL,GO Biological Processes,19,GO:0070374,positive regulation of ERK1 and ERK2 cascade,19_GO:0048518 positive regulation of biological process,-2.2,7,4,795,38,9,3,33,16,25|1399|6714,ABL1|CRKL|SRC,-0.37
Protein_MCODE_ALL,GO Biological Processes,19,GO:0048732,gland development,19_GO:0032502 developmental process,-2.1,6.8,4,795,39,9,3,33,16,25|1399|6714,ABL1|CRKL|SRC,-0.35
Protein_MCODE_ALL,GO Biological Processes,19,GO:1903829,positive regulation of protein localization,19_GO:0051179 localization,-2.1,6.8,4,795,39,9,3,33,16,142|1399|6714,PARP1|CRKL|SRC,-0.35
Protein_MCODE_ALL,GO Biological Processes,19,GO:0051052,regulation of DNA metabolic process,19_GO:0050789 regulation of biological process,-2.1,6.8,4,795,39,9,3,33,16,25|142|6714,ABL1|PARP1|SRC,-0.35
Protein_MCODE_ALL,GO Biological Processes,19,GO:0010810,regulation of cell-substrate adhesion,19_GO:0050789 regulation of biological process,-2.1,6.8,4,795,39,9,3,33,16,25|1399|6714,ABL1|CRKL|SRC,-0.35
Protein_MCODE_ALL,GO Biological Processes,19,GO:0043068,positive regulation of programmed cell death,19_GO:0048518 positive regulation of biological process,-2.1,4.5,3.5,795,79,9,4,44,17,25|142|4067|6714,ABL1|PARP1|LYN|SRC,-0.34
Protein_MCODE_ALL,GO Biological Processes,19,GO:0001934,positive regulation of protein phosphorylation,19_GO:0048518 positive regulation of biological process,-2.1,4.5,3.5,795,79,9,4,44,17,25|1399|4067|6714,ABL1|CRKL|LYN|SRC,-0.34
Protein_MCODE_ALL,GO Biological Processes,19,GO:0043269,regulation of monoatomic ion transport,19_GO:0051179 localization,-2.1,6.6,3.9,795,40,9,3,33,16,25|4067|11060,ABL1|LYN|WWP2,-0.32
Protein_MCODE_ALL,GO Biological Processes,19,GO:0007169,cell surface receptor protein tyrosine kinase signaling pathway,19_GO:0050896 response to stimulus,-2.1,4.4,3.4,795,80,9,4,44,17,25|1399|4067|6714,ABL1|CRKL|LYN|SRC,-0.32
Protein_MCODE_ALL,GO Biological Processes,19,GO:0042327,positive regulation of phosphorylation,19_GO:0048518 positive regulation of biological process,-2.1,4.4,3.4,795,81,9,4,44,17,25|1399|4067|6714,ABL1|CRKL|LYN|SRC,-0.31
Protein_MCODE_ALL,GO Biological Processes,19,GO:0050777,negative regulation of immune response,19_GO:0002376 immune system process,-2.1,6.5,3.8,795,41,9,3,33,16,142|4067|6714,PARP1|LYN|SRC,-0.31
Protein_MCODE_ALL,GO Biological Processes,19,GO:0044057,regulation of system process,19_GO:0032501 multicellular organismal process,-2.1,6.5,3.8,795,41,9,3,33,16,25|142|6714,ABL1|PARP1|SRC,-0.31
Protein_MCODE_ALL,GO Biological Processes,19,GO:0031401,positive regulation of protein modification process,19_GO:0048518 positive regulation of biological process,-2.1,4.3,3.4,795,82,9,4,44,17,25|1399|4067|6714,ABL1|CRKL|LYN|SRC,-0.3
Protein_MCODE_ALL,GO Biological Processes,19,GO:0043410,positive regulation of MAPK cascade,19_GO:0048518 positive regulation of biological process,-2.1,4.3,3.4,795,82,9,4,44,17,25|1399|4067|6714,ABL1|CRKL|LYN|SRC,-0.3
Protein_MCODE_ALL,GO Biological Processes,19,GO:0009617,response to bacterium,19_GO:0044419 biological process involved in interspecies interaction between organisms,-2,4.2,3.3,795,84,9,4,44,17,25|4067|6714|10935,ABL1|LYN|SRC|PRDX3,-0.27
Protein_MCODE_ALL,GO Biological Processes,19,GO:0002695,negative regulation of leukocyte activation,19_GO:0002376 immune system process,-2,6.2,3.7,795,43,9,3,33,16,4067|6714|55824,LYN|SRC|PAG1,-0.26
Protein_SUB1_MCODE_1,GO Biological Processes,19,GO:0038096,Fc-gamma receptor signaling pathway involved in phagocytosis,19_GO:0002376 immune system process,-5.6,80,15,795,6,5,3,60,22,25|4067|6714,ABL1|LYN|SRC,-2.3
Protein_SUB1_MCODE_1,GO Biological Processes,19,GO:0002433,immune response-regulating cell surface receptor signaling pathway involved in phagocytosis,19_GO:0002376 immune system process,-5.6,80,15,795,6,5,3,60,22,25|4067|6714,ABL1|LYN|SRC,-2.3
Protein_SUB1_MCODE_1,GO Biological Processes,19,GO:0002431,Fc receptor mediated stimulatory signaling pathway,19_GO:0002376 immune system process,-5.6,80,15,795,6,5,3,60,22,25|4067|6714,ABL1|LYN|SRC,-2.3
Protein_SUB1_MCODE_1,GO Biological Processes,19,GO:0038094,Fc-gamma receptor signaling pathway,19_GO:0002376 immune system process,-5,53,12,795,9,5,3,60,22,25|4067|6714,ABL1|LYN|SRC,-1.9
Protein_SUB1_MCODE_1,GO Biological Processes,19,GO:0002429,immune response-activating cell surface receptor signaling pathway,19_GO:0002376 immune system process,-5,20,8.7,795,32,5,4,80,18,25|1399|4067|6714,ABL1|CRKL|LYN|SRC,-1.9
Protein_SUB1_MCODE_1,GO Biological Processes,19,GO:0002757,immune response-activating signaling pathway,19_GO:0002376 immune system process,-4.6,16,7.7,795,40,5,4,80,18,25|1399|4067|6714,ABL1|CRKL|LYN|SRC,-1.7
Protein_SUB1_MCODE_1,GO Biological Processes,19,GO:0002768,immune response-regulating cell surface receptor signaling pathway,19_GO:0002376 immune system process,-4.5,16,7.6,795,41,5,4,80,18,25|1399|4067|6714,ABL1|CRKL|LYN|SRC,-1.7
Protein_SUB1_MCODE_1,GO Biological Processes,19,GO:0009410,response to xenobiotic stimulus,19_GO:0050896 response to stimulus,-4.5,15,7.5,795,42,5,4,80,18,25|1399|4067|6714,ABL1|CRKL|LYN|SRC,-1.7
Protein_SUB1_MCODE_1,GO Biological Processes,19,GO:0061919,process utilizing autophagic mechanism,19_GO:0009987 cellular process,-4.5,37,10,795,13,5,3,60,22,25|4067|6714,ABL1|LYN|SRC,-1.7
Protein_SUB1_MCODE_1,GO Biological Processes,19,GO:0038093,Fc receptor signaling pathway,19_GO:0002376 immune system process,-4.5,37,10,795,13,5,3,60,22,25|4067|6714,ABL1|LYN|SRC,-1.7
Protein_SUB1_MCODE_1,GO Biological Processes,19,GO:0006914,autophagy,19_GO:0009987 cellular process,-4.5,37,10,795,13,5,3,60,22,25|4067|6714,ABL1|LYN|SRC,-1.7
Protein_SUB1_MCODE_1,GO Biological Processes,19,GO:0002253,activation of immune response,19_GO:0002376 immune system process,-4.4,14,7.3,795,44,5,4,80,18,25|1399|4067|6714,ABL1|CRKL|LYN|SRC,-1.6
Protein_SUB1_MCODE_1,GO Biological Processes,19,GO:0018108,peptidyl-tyrosine phosphorylation,19_GO:0009987 cellular process,-4.3,32,9.6,795,15,5,3,60,22,25|4067|6714,ABL1|LYN|SRC,-1.6
Protein_SUB1_MCODE_1,GO Biological Processes,19,GO:0018212,peptidyl-tyrosine modification,19_GO:0009987 cellular process,-4.3,32,9.6,795,15,5,3,60,22,25|4067|6714,ABL1|LYN|SRC,-1.6
Protein_SUB1_MCODE_1,GO Biological Processes,19,GO:0046777,protein autophosphorylation,19_GO:0009987 cellular process,-4.2,30,9.3,795,16,5,3,60,22,25|4067|6714,ABL1|LYN|SRC,-1.5
Protein_SUB1_MCODE_1,GO Biological Processes,19,GO:0070372,regulation of ERK1 and ERK2 cascade,19_GO:0050896 response to stimulus,-4.1,12,6.7,795,51,5,4,80,18,25|1399|4067|6714,ABL1|CRKL|LYN|SRC,-1.5
Protein_SUB1_MCODE_1,GO Biological Processes,19,GO:0051248,negative regulation of protein metabolic process,19_GO:0048519 negative regulation of biological process,-4.1,12,6.7,795,52,5,4,80,18,25|1399|4067|6714,ABL1|CRKL|LYN|SRC,-1.5
Protein_SUB1_MCODE_1,GO Biological Processes,19,GO:0120035,regulation of plasma membrane bounded cell projection organization,19_GO:0050789 regulation of biological process,-4,12,6.5,795,55,5,4,80,18,25|1399|4067|6714,ABL1|CRKL|LYN|SRC,-1.4
Protein_SUB1_MCODE_1,GO Biological Processes,19,GO:0031344,regulation of cell projection organization,19_GO:0050789 regulation of biological process,-4,11,6.4,795,56,5,4,80,18,25|1399|4067|6714,ABL1|CRKL|LYN|SRC,-1.4
Protein_SUB1_MCODE_1,GO Biological Processes,19,GO:0002764,immune response-regulating signaling pathway,19_GO:0002376 immune system process,-3.9,11,6.3,795,57,5,4,80,18,25|1399|4067|6714,ABL1|CRKL|LYN|SRC,-1.4
Protein_SUB1_MCODE_1,GO Biological Processes,19,GO:0002520,immune system development,19_GO:0002376 immune system process,-3.9,24,8.2,795,20,5,3,60,22,25|1399|4067,ABL1|CRKL|LYN,-1.3
Protein_SUB1_MCODE_1,GO Biological Processes,19,GO:1901699,cellular response to nitrogen compound,19_GO:0050896 response to stimulus,-3.8,10,6.1,795,61,5,4,80,18,25|1399|4067|6714,ABL1|CRKL|LYN|SRC,-1.3
Protein_SUB1_MCODE_1,GO Biological Processes,19,GO:0050851,antigen receptor-mediated signaling pathway,19_GO:0002376 immune system process,-3.8,23,8,795,21,5,3,60,22,25|1399|4067,ABL1|CRKL|LYN,-1.3
Protein_SUB1_MCODE_1,GO Biological Processes,19,GO:0071900,regulation of protein serine/threonine kinase activity,19_GO:0050789 regulation of biological process,-3.7,22,7.8,795,22,5,3,60,22,25|4067|6714,ABL1|LYN|SRC,-1.3
Protein_SUB1_MCODE_1,GO Biological Processes,19,GO:0001933,negative regulation of protein phosphorylation,19_GO:0048519 negative regulation of biological process,-3.7,21,7.6,795,23,5,3,60,22,25|1399|4067,ABL1|CRKL|LYN,-1.3
Protein_SUB1_MCODE_1,GO Biological Processes,19,GO:0051056,regulation of small GTPase mediated signal transduction,19_GO:0050896 response to stimulus,-3.7,21,7.6,795,23,5,3,60,22,25|1399|6714,ABL1|CRKL|SRC,-1.3
Protein_SUB1_MCODE_1,GO Biological Processes,19,GO:0006909,phagocytosis,19_GO:0051179 localization,-3.6,20,7.5,795,24,5,3,60,22,25|4067|6714,ABL1|LYN|SRC,-1.2
Protein_SUB1_MCODE_1,GO Biological Processes,19,GO:0042326,negative regulation of phosphorylation,19_GO:0048519 negative regulation of biological process,-3.6,20,7.5,795,24,5,3,60,22,25|1399|4067,ABL1|CRKL|LYN,-1.2
Protein_SUB1_MCODE_1,GO Biological Processes,19,GO:0031400,negative regulation of protein modification process,19_GO:0048519 negative regulation of biological process,-3.6,19,7.3,795,25,5,3,60,22,25|1399|4067,ABL1|CRKL|LYN,-1.2
Protein_SUB1_MCODE_1,GO Biological Processes,19,GO:0050863,regulation of T cell activation,19_GO:0002376 immune system process,-3.5,8.8,5.5,795,72,5,4,80,18,25|4067|6714|55824,ABL1|LYN|SRC|PAG1,-1.2
Protein_SUB1_MCODE_1,GO Biological Processes,19,GO:1903037,regulation of leukocyte cell-cell adhesion,19_GO:0050789 regulation of biological process,-3.5,8.6,5.5,795,74,5,4,80,18,25|4067|6714|55824,ABL1|LYN|SRC|PAG1,-1.1
Protein_SUB1_MCODE_1,GO Biological Processes,19,GO:0071560,cellular response to transforming growth factor beta stimulus,19_GO:0050896 response to stimulus,-3.5,18,7,795,27,5,3,60,22,25|1399|6714,ABL1|CRKL|SRC,-1.1
Protein_SUB1_MCODE_1,GO Biological Processes,19,GO:0071559,response to transforming growth factor beta,19_GO:0050896 response to stimulus,-3.4,17,6.9,795,28,5,3,60,22,25|1399|6714,ABL1|CRKL|SRC,-1.1
Protein_SUB1_MCODE_1,GO Biological Processes,19,GO:0045936,negative regulation of phosphate metabolic process,19_GO:0048519 negative regulation of biological process,-3.4,16,6.7,795,29,5,3,60,22,25|1399|4067,ABL1|CRKL|LYN,-1.1
Protein_SUB1_MCODE_1,GO Biological Processes,19,GO:0010563,negative regulation of phosphorus metabolic process,19_GO:0048519 negative regulation of biological process,-3.4,16,6.7,795,29,5,3,60,22,25|1399|4067,ABL1|CRKL|LYN,-1.1
Protein_SUB1_MCODE_1,GO Biological Processes,19,GO:0018193,peptidyl-amino acid modification,19_GO:0009987 cellular process,-3.4,16,6.7,795,29,5,3,60,22,25|4067|6714,ABL1|LYN|SRC,-1.1
Protein_SUB1_MCODE_1,GO Biological Processes,19,GO:0001934,positive regulation of protein phosphorylation,19_GO:0048518 positive regulation of biological process,-3.4,8.1,5.3,795,79,5,4,80,18,25|1399|4067|6714,ABL1|CRKL|LYN|SRC,-1.1
Protein_SUB1_MCODE_1,GO Biological Processes,19,GO:0007169,cell surface receptor protein tyrosine kinase signaling pathway,19_GO:0050896 response to stimulus,-3.4,8,5.2,795,80,5,4,80,18,25|1399|4067|6714,ABL1|CRKL|LYN|SRC,-1.1
Protein_SUB1_MCODE_1,GO Biological Processes,19,GO:0031346,positive regulation of cell projection organization,19_GO:0048518 positive regulation of biological process,-3.3,16,6.6,795,30,5,3,60,22,25|4067|6714,ABL1|LYN|SRC,-1.1
Protein_SUB1_MCODE_1,GO Biological Processes,19,GO:0043086,negative regulation of catalytic activity,19_GO:0065007 biological regulation,-3.3,16,6.6,795,30,5,3,60,22,25|4067|6714,ABL1|LYN|SRC,-1.1
Protein_SUB1_MCODE_1,GO Biological Processes,19,GO:0042327,positive regulation of phosphorylation,19_GO:0048518 positive regulation of biological process,-3.3,7.9,5.2,795,81,5,4,80,18,25|1399|4067|6714,ABL1|CRKL|LYN|SRC,-1.1
Protein_SUB1_MCODE_1,GO Biological Processes,19,GO:0043410,positive regulation of MAPK cascade,19_GO:0048518 positive regulation of biological process,-3.3,7.8,5.1,795,82,5,4,80,18,25|1399|4067|6714,ABL1|CRKL|LYN|SRC,-1.1
Protein_SUB1_MCODE_1,GO Biological Processes,19,GO:0031401,positive regulation of protein modification process,19_GO:0048518 positive regulation of biological process,-3.3,7.8,5.1,795,82,5,4,80,18,25|1399|4067|6714,ABL1|CRKL|LYN|SRC,-1.1
Protein_SUB1_MCODE_1,GO Biological Processes,19,GO:0050778,positive regulation of immune response,19_GO:0002376 immune system process,-3.3,7.7,5.1,795,83,5,4,80,18,25|1399|4067|6714,ABL1|CRKL|LYN|SRC,-1.1
Protein_SUB1_MCODE_1,GO Biological Processes,19,GO:0006468,protein phosphorylation,19_GO:0009987 cellular process,-3.3,15,6.4,795,32,5,3,60,22,25|4067|6714,ABL1|LYN|SRC,-1
Protein_SUB1_MCODE_1,GO Biological Processes,19,GO:0022407,regulation of cell-cell adhesion,19_GO:0050789 regulation of biological process,-3.2,7.3,5,795,87,5,4,80,18,25|4067|6714|55824,ABL1|LYN|SRC|PAG1,-1
Protein_SUB1_MCODE_1,GO Biological Processes,19,GO:0045937,positive regulation of phosphate metabolic process,19_GO:0048518 positive regulation of biological process,-3.2,7.3,5,795,87,5,4,80,18,25|1399|4067|6714,ABL1|CRKL|LYN|SRC,-1
Protein_SUB1_MCODE_1,GO Biological Processes,19,GO:0010562,positive regulation of phosphorus metabolic process,19_GO:0048518 positive regulation of biological process,-3.2,7.3,5,795,87,5,4,80,18,25|1399|4067|6714,ABL1|CRKL|LYN|SRC,-1
Protein_SUB1_MCODE_1,GO Biological Processes,19,GO:0071222,cellular response to lipopolysaccharide,19_GO:0044419 biological process involved in interspecies interaction between organisms,-3.2,14,6.2,795,34,5,3,60,22,25|4067|6714,ABL1|LYN|SRC,-1
Protein_SUB1_MCODE_1,GO Biological Processes,19,GO:0045785,positive regulation of cell adhesion,19_GO:0048518 positive regulation of biological process,-3.2,7.1,4.9,795,90,5,4,80,18,25|1399|4067|6714,ABL1|CRKL|LYN|SRC,-0.99
Protein_SUB1_MCODE_1,GO Biological Processes,19,GO:0071219,cellular response to molecule of bacterial origin,19_GO:0044419 biological process involved in interspecies interaction between organisms,-3.1,14,6.1,795,35,5,3,60,22,25|4067|6714,ABL1|LYN|SRC,-0.98
Protein_SUB1_MCODE_1,GO Biological Processes,19,GO:0071675,regulation of mononuclear cell migration,19_GO:0040011 locomotion,-3.1,14,6.1,795,35,5,3,60,22,25|1399|4067,ABL1|CRKL|LYN,-0.98
Protein_SUB1_MCODE_1,GO Biological Processes,19,GO:0001932,regulation of protein phosphorylation,19_GO:0050789 regulation of biological process,-3.1,7,4.8,795,91,5,4,80,18,25|1399|4067|6714,ABL1|CRKL|LYN|SRC,-0.98
Protein_SUB1_MCODE_1,GO Biological Processes,19,GO:0016310,phosphorylation,19_GO:0009987 cellular process,-3.1,13,6,795,36,5,3,60,22,25|4067|6714,ABL1|LYN|SRC,-0.97
Protein_SUB1_MCODE_1,GO Biological Processes,19,GO:0051249,regulation of lymphocyte activation,19_GO:0002376 immune system process,-3.1,6.8,4.8,795,93,5,4,80,18,25|4067|6714|55824,ABL1|LYN|SRC|PAG1,-0.97
Protein_SUB1_MCODE_1,GO Biological Processes,19,GO:0042325,regulation of phosphorylation,19_GO:0050789 regulation of biological process,-3,6.6,4.7,795,96,5,4,80,18,25|1399|4067|6714,ABL1|CRKL|LYN|SRC,-0.92
Protein_SUB1_MCODE_1,GO Biological Processes,19,GO:0070374,positive regulation of ERK1 and ERK2 cascade,19_GO:0048518 positive regulation of biological process,-3,13,5.8,795,38,5,3,60,22,25|1399|6714,ABL1|CRKL|SRC,-0.92
Protein_SUB1_MCODE_1,GO Biological Processes,19,GO:0071216,cellular response to biotic stimulus,19_GO:0050896 response to stimulus,-3,13,5.8,795,38,5,3,60,22,25|4067|6714,ABL1|LYN|SRC,-0.92
Protein_SUB1_MCODE_1,GO Biological Processes,19,GO:0030335,positive regulation of cell migration,19_GO:0040011 locomotion,-3,6.5,4.6,795,98,5,4,80,18,25|1399|4067|6714,ABL1|CRKL|LYN|SRC,-0.91
Protein_SUB1_MCODE_1,GO Biological Processes,19,GO:2000147,positive regulation of cell motility,19_GO:0040011 locomotion,-3,6.5,4.6,795,98,5,4,80,18,25|1399|4067|6714,ABL1|CRKL|LYN|SRC,-0.91
Protein_SUB1_MCODE_1,GO Biological Processes,19,GO:0010810,regulation of cell-substrate adhesion,19_GO:0050789 regulation of biological process,-3,12,5.7,795,39,5,3,60,22,25|1399|6714,ABL1|CRKL|SRC,-0.91
Protein_SUB1_MCODE_1,GO Biological Processes,19,GO:0048732,gland development,19_GO:0032502 developmental process,-3,12,5.7,795,39,5,3,60,22,25|1399|6714,ABL1|CRKL|SRC,-0.91
Protein_SUB1_MCODE_1,GO Biological Processes,19,GO:0040017,positive regulation of locomotion,19_GO:0040011 locomotion,-3,6.4,4.6,795,100,5,4,80,18,25|1399|4067|6714,ABL1|CRKL|LYN|SRC,-0.9
Protein_SUB1_MCODE_1,GO Biological Processes,19,GO:0043408,regulation of MAPK cascade,19_GO:0050896 response to stimulus,-2.9,6.1,4.4,795,104,5,4,80,18,25|1399|4067|6714,ABL1|CRKL|LYN|SRC,-0.84
Protein_SUB1_MCODE_1,GO Biological Processes,19,GO:0002695,negative regulation of leukocyte activation,19_GO:0002376 immune system process,-2.9,11,5.4,795,43,5,3,60,22,4067|6714|55824,LYN|SRC|PAG1,-0.82
Protein_SUB1_MCODE_1,GO Biological Processes,19,GO:0002694,regulation of leukocyte activation,19_GO:0002376 immune system process,-2.8,5.8,4.3,795,109,5,4,80,18,25|4067|6714|55824,ABL1|LYN|SRC|PAG1,-0.81
Protein_SUB1_MCODE_1,GO Biological Processes,19,GO:0045859,regulation of protein kinase activity,19_GO:0050789 regulation of biological process,-2.8,11,5.3,795,45,5,3,60,22,25|4067|6714,ABL1|LYN|SRC,-0.81
Protein_SUB1_MCODE_1,GO Biological Processes,19,GO:0010975,regulation of neuron projection development,19_GO:0032502 developmental process,-2.8,11,5.3,795,45,5,3,60,22,25|1399|4067,ABL1|CRKL|LYN,-0.81
Protein_SUB1_MCODE_1,GO Biological Processes,19,GO:0007167,enzyme-linked receptor protein signaling pathway,19_GO:0050896 response to stimulus,-2.7,5.6,4.2,795,114,5,4,80,18,25|1399|4067|6714,ABL1|CRKL|LYN|SRC,-0.76
Protein_SUB1_MCODE_1,GO Biological Processes,19,GO:0050865,regulation of cell activation,19_GO:0032501 multicellular organismal process,-2.7,5.4,4.1,795,117,5,4,80,18,25|4067|6714|55824,ABL1|LYN|SRC|PAG1,-0.73
Protein_SUB1_MCODE_1,GO Biological Processes,19,GO:0043549,regulation of kinase activity,19_GO:0050789 regulation of biological process,-2.7,9.7,5,795,49,5,3,60,22,25|4067|6714,ABL1|LYN|SRC,-0.73
Protein_SUB1_MCODE_1,GO Biological Processes,19,GO:0050866,negative regulation of cell activation,19_GO:0048519 negative regulation of biological process,-2.7,9.7,5,795,49,5,3,60,22,4067|6714|55824,LYN|SRC|PAG1,-0.73
Protein_SUB1_MCODE_1,GO Biological Processes,19,GO:1902532,negative regulation of intracellular signal transduction,19_GO:0048519 negative regulation of biological process,-2.7,9.7,5,795,49,5,3,60,22,25|4067|6714,ABL1|LYN|SRC,-0.73
Protein_SUB1_MCODE_1,GO Biological Processes,19,GO:0051338,regulation of transferase activity,19_GO:0065007 biological regulation,-2.7,9.5,5,795,50,5,3,60,22,25|4067|6714,ABL1|LYN|SRC,-0.72
Protein_SUB1_MCODE_1,GO Biological Processes,19,GO:0032496,response to lipopolysaccharide,19_GO:0044419 biological process involved in interspecies interaction between organisms,-2.6,9.4,4.9,795,51,5,3,60,22,25|4067|6714,ABL1|LYN|SRC,-0.7
Protein_SUB1_MCODE_1,GO Biological Processes,19,GO:0044092,negative regulation of molecular function,19_GO:0065007 biological regulation,-2.6,9.4,4.9,795,51,5,3,60,22,25|4067|6714,ABL1|LYN|SRC,-0.7
Protein_SUB1_MCODE_1,GO Biological Processes,19,GO:0002237,response to molecule of bacterial origin,19_GO:0044419 biological process involved in interspecies interaction between organisms,-2.6,9.2,4.8,795,52,5,3,60,22,25|4067|6714,ABL1|LYN|SRC,-0.68
Protein_SUB1_MCODE_1,GO Biological Processes,19,GO:0050870,positive regulation of T cell activation,19_GO:0002376 immune system process,-2.6,9.2,4.8,795,52,5,3,60,22,25|4067|6714,ABL1|LYN|SRC,-0.68
Protein_SUB1_MCODE_1,GO Biological Processes,19,GO:0007420,brain development,19_GO:0032502 developmental process,-2.6,9.2,4.8,795,52,5,3,60,22,25|1399|6714,ABL1|CRKL|SRC,-0.68
Protein_SUB1_MCODE_1,GO Biological Processes,19,GO:0002685,regulation of leukocyte migration,19_GO:0040011 locomotion,-2.6,9,4.8,795,53,5,3,60,22,25|1399|4067,ABL1|CRKL|LYN,-0.66
Protein_SUB1_MCODE_1,GO Biological Processes,19,GO:0060627,regulation of vesicle-mediated transport,19_GO:0051179 localization,-2.6,8.8,4.7,795,54,5,3,60,22,25|4067|6714,ABL1|LYN|SRC,-0.65
Protein_SUB1_MCODE_1,GO Biological Processes,19,GO:0006897,endocytosis,19_GO:0051179 localization,-2.6,8.8,4.7,795,54,5,3,60,22,25|4067|6714,ABL1|LYN|SRC,-0.65
Protein_SUB1_MCODE_1,GO Biological Processes,19,GO:0098657,import into cell,19_GO:0051179 localization,-2.5,8.7,4.7,795,55,5,3,60,22,25|4067|6714,ABL1|LYN|SRC,-0.62
Protein_SUB1_MCODE_1,GO Biological Processes,19,GO:0060322,head development,19_GO:0032502 developmental process,-2.5,8.5,4.6,795,56,5,3,60,22,25|1399|6714,ABL1|CRKL|SRC,-0.61
Protein_SUB1_MCODE_1,GO Biological Processes,19,GO:1903039,positive regulation of leukocyte cell-cell adhesion,19_GO:0048518 positive regulation of biological process,-2.5,8.5,4.6,795,56,5,3,60,22,25|4067|6714,ABL1|LYN|SRC,-0.61
Protein_SUB1_MCODE_1,GO Biological Processes,19,GO:0032870,cellular response to hormone stimulus,19_GO:0050896 response to stimulus,-2.5,8.4,4.6,795,57,5,3,60,22,1399|4067|6714,CRKL|LYN|SRC,-0.59
Protein_SUB1_MCODE_1,GO Biological Processes,19,GO:0007162,negative regulation of cell adhesion,19_GO:0048519 negative regulation of biological process,-2.5,8.4,4.6,795,57,5,3,60,22,25|6714|55824,ABL1|SRC|PAG1,-0.59
Protein_SUB1_MCODE_1,GO Biological Processes,19,GO:0071396,cellular response to lipid,19_GO:0050896 response to stimulus,-2.4,8,4.5,795,60,5,3,60,22,25|4067|6714,ABL1|LYN|SRC,-0.54
Protein_SUB1_MCODE_1,GO Biological Processes,19,GO:0022409,positive regulation of cell-cell adhesion,19_GO:0048518 positive regulation of biological process,-2.4,8,4.5,795,60,5,3,60,22,25|4067|6714,ABL1|LYN|SRC,-0.54
Protein_SUB1_MCODE_1,GO Biological Processes,19,GO:0051251,positive regulation of lymphocyte activation,19_GO:0002376 immune system process,-2.4,7.6,4.3,795,63,5,3,60,22,25|4067|6714,ABL1|LYN|SRC,-0.51
Protein_SUB1_MCODE_1,GO Biological Processes,19,GO:0048871,multicellular organismal-level homeostasis,19_GO:0042592 homeostatic process,-2.4,7.5,4.3,795,64,5,3,60,22,25|4067|6714,ABL1|LYN|SRC,-0.5
Protein_SUB1_MCODE_1,GO Biological Processes,19,GO:0050900,leukocyte migration,19_GO:0002376 immune system process,-2.3,7.2,4.2,795,66,5,3,60,22,1399|4067|6714,CRKL|LYN|SRC,-0.47
Protein_SUB1_MCODE_1,GO Biological Processes,19,GO:0002252,immune effector process,19_GO:0002376 immune system process,-2.3,7,4.1,795,68,5,3,60,22,25|4067|6714,ABL1|LYN|SRC,-0.44
Protein_SUB1_MCODE_1,GO Biological Processes,19,GO:0043085,positive regulation of catalytic activity,19_GO:0065007 biological regulation,-2.3,6.9,4.1,795,69,5,3,60,22,25|4067|6714,ABL1|LYN|SRC,-0.43
Protein_SUB1_MCODE_1,GO Biological Processes,19,GO:0002521,leukocyte differentiation,19_GO:0032502 developmental process,-2.2,6.8,4.1,795,70,5,3,60,22,25|4067|6714,ABL1|LYN|SRC,-0.42
Protein_SUB1_MCODE_1,GO Biological Processes,19,GO:0002696,positive regulation of leukocyte activation,19_GO:0002376 immune system process,-2.2,6.6,4,795,72,5,3,60,22,25|4067|6714,ABL1|LYN|SRC,-0.4
Protein_SUB1_MCODE_1,GO Biological Processes,19,GO:0050867,positive regulation of cell activation,19_GO:0032501 multicellular organismal process,-2.2,6.4,3.9,795,74,5,3,60,22,25|4067|6714,ABL1|LYN|SRC,-0.37
Protein_SUB1_MCODE_1,GO Biological Processes,19,GO:0043065,positive regulation of apoptotic process,19_GO:0048518 positive regulation of biological process,-2.1,6.3,3.8,795,76,5,3,60,22,25|4067|6714,ABL1|LYN|SRC,-0.35
Protein_SUB1_MCODE_1,GO Biological Processes,19,GO:0043068,positive regulation of programmed cell death,19_GO:0048518 positive regulation of biological process,-2.1,6,3.8,795,79,5,3,60,22,25|4067|6714,ABL1|LYN|SRC,-0.32
Protein_SUB1_MCODE_1,GO Biological Processes,19,GO:0009617,response to bacterium,19_GO:0044419 biological process involved in interspecies interaction between organisms,-2,5.7,3.6,795,84,5,3,60,22,25|4067|6714,ABL1|LYN|SRC,-0.27
Protein_SUB1_MCODE_2,GO Biological Processes,19,GO:0042391,regulation of membrane potential,19_GO:0065007 biological regulation,-4.5,35,10,795,17,4,3,75,22,142|10935|11060,PARP1|PRDX3|WWP2,-1.7
