_MEMBER_Protein,_LogP_Protein,GO,_PATTERN_,_RANK_,GiniIndex,Category,CategoryID,Description,PARENT_GO,LogP,Enrichment,Z-score,#TotalGeneInLibrary,#GeneInGO,#GeneInHitList,#GeneInGOAndHitList,%InGO,STDV %InGO,GeneID,Hits,Log(q-value),EvidenceCutoff,GROUP_ID,FirstInGroupByEnrichment,FirstInGroupByLogP,BestLogPInGroup,BestEnrichmentInGroup,URL
1,-3.562444031168602,GO:0050927,M1,1,0,GO Biological Processes,19,positive regulation of positive chemotaxis,19_GO:0040011 locomotion,-3.562444031168602,7.361111111111111,5.435363579241155,795,12,45,5,11.11111111111111,4.684855792842043,177|2152|2277|3603|5228,AGER|F3|VEGFD|IL16|PGF,0.0,0,1,1,1,-3.562444031168602,7.851851851851852,
1,-3.3702822386680316,GO:0050926,M1,1,0,GO Biological Processes,19,regulation of positive chemotaxis,19_GO:0040011 locomotion,-3.3702822386680316,6.794871794871795,5.157010410835659,795,13,45,5,11.11111111111111,4.684855792842043,177|2152|2277|3603|5228,AGER|F3|VEGFD|IL16|PGF,0.0,0,1,0,0,-3.562444031168602,7.851851851851852,
1,-3.036248855508419,GO:0050930,M1,1,0,GO Biological Processes,19,induction of positive chemotaxis,19_GO:0040011 locomotion,-3.036248855508419,7.851851851851852,5.060621104903263,795,9,45,4,8.88888888888889,4.242317352081883,177|2277|3603|5228,AGER|VEGFD|IL16|PGF,0.0,0,1,0,0,-3.562444031168602,7.851851851851852,
1,-2.186342531072776,GO:0040017,M1,1,0,GO Biological Processes,19,positive regulation of locomotion,19_GO:0040011 locomotion,-2.186342531072776,2.12,2.9323209065995104,795,100,45,12,26.666666666666668,6.592176432973923,177|284|1839|2152|2277|3162|3603|4254|4316|5228|6375|7010,AGER|ANGPT1|HBEGF|F3|VEGFD|HMOX1|IL16|KITLG|MMP7|PGF|XCL1|TEK,0.0,0,1,0,0,-3.562444031168602,7.851851851851852,
1,-3.0540678835117414,GO:0032755,M1,1,0,GO Biological Processes,19,positive regulation of interleukin-6 production,19_GO:0032501 multicellular organismal process,-3.0540678835117414,4.818181818181818,4.4459448902686205,795,22,45,6,13.333333333333334,5.0674463337739475,177|3603|4023|8808|10417|53342,AGER|IL16|LPL|IL1RL2|SPON2|IL17D,0.0,0,2,1,1,-3.0540678835117414,4.818181818181818,
1,-2.2820875903693083,GO:0001819,M1,1,0,GO Biological Processes,19,positive regulation of cytokine production,19_GO:0032501 multicellular organismal process,-2.2820875903693083,2.2862745098039214,3.0718487489231467,795,85,45,11,24.444444444444443,6.406443943833971,177|920|2152|3162|3603|4023|6375|8808|10417|53342|246778,AGER|CD4|F3|HMOX1|IL16|LPL|XCL1|IL1RL2|SPON2|IL17D|IL27,0.0,0,2,0,0,-3.0540678835117414,4.818181818181818,
1,-2.2292853754305524,GO:0032675,M1,1,0,GO Biological Processes,19,regulation of interleukin-6 production,19_GO:0032501 multicellular organismal process,-2.2292853754305524,3.4193548387096775,3.3637182661791587,795,31,45,6,13.333333333333334,5.0674463337739475,177|3603|4023|8808|10417|53342,AGER|IL16|LPL|IL1RL2|SPON2|IL17D,0.0,0,2,0,0,-3.0540678835117414,4.818181818181818,
1,-2.521079216029417,GO:0019731,M1,1,0,GO Biological Processes,19,antibacterial humoral response,19_GO:0044419 biological process involved in interspecies interaction between organisms,-2.521079216029417,8.833333333333334,4.714868749576044,795,6,45,3,6.666666666666667,3.718489006818113,133|4316|10417,ADM|MMP7|SPON2,0.0,0,3,1,1,-2.521079216029417,8.833333333333334,
1,-2.521079216029417,GO:0050820,M1,1,0,GO Biological Processes,19,positive regulation of coagulation,19_GO:0032501 multicellular organismal process,-2.521079216029417,8.833333333333334,4.714868749576044,795,6,45,3,6.666666666666667,3.718489006818113,284|2152|7056,ANGPT1|F3|THBD,0.0,0,4,1,1,-2.521079216029417,8.833333333333334,
1,-2.35547912283002,GO:0043114,M1,1,0,GO Biological Processes,19,regulation of vascular permeability,19_GO:0032501 multicellular organismal process,-2.35547912283002,5.435897435897436,3.947623013604288,795,13,45,4,8.88888888888889,4.242317352081883,133|284|654|7010,ADM|ANGPT1|BMP6|TEK,0.0,0,5,1,1,-2.35547912283002,5.435897435897436,
