Category,CategoryID,GO,Description,PARENT_GO,LogP,Enrichment,Z-score,#TotalGeneInLibrary,#GeneInGO,#GeneInHitList,#GeneInGOAndHitList,%InGO,STDV %InGO,GeneID,Hits,Log(q-value),GeneList
GO Biological Processes,19,GO:0050927,positive regulation of positive chemotaxis,19_GO:0040011 locomotion,-3.6,7.4,5.4,795,12,45,5,11,4.7,177|2152|2277|3603|5228,AGER|F3|VEGFD|IL16|PGF,0,Protein
GO Biological Processes,19,GO:0050926,regulation of positive chemotaxis,19_GO:0040011 locomotion,-3.4,6.8,5.2,795,13,45,5,11,4.7,177|2152|2277|3603|5228,AGER|F3|VEGFD|IL16|PGF,0,Protein
GO Biological Processes,19,GO:0032755,positive regulation of interleukin-6 production,19_GO:0032501 multicellular organismal process,-3.1,4.8,4.4,795,22,45,6,13,5.1,177|3603|4023|8808|10417|53342,AGER|IL16|LPL|IL1RL2|SPON2|IL17D,0,Protein
GO Biological Processes,19,GO:0050930,induction of positive chemotaxis,19_GO:0040011 locomotion,-3,7.9,5.1,795,9,45,4,8.9,4.2,177|2277|3603|5228,AGER|VEGFD|IL16|PGF,0,Protein
GO Biological Processes,19,GO:0019731,antibacterial humoral response,19_GO:0044419 biological process involved in interspecies interaction between organisms,-2.5,8.8,4.7,795,6,45,3,6.7,3.7,133|4316|10417,ADM|MMP7|SPON2,0,Protein
GO Biological Processes,19,GO:0050820,positive regulation of coagulation,19_GO:0032501 multicellular organismal process,-2.5,8.8,4.7,795,6,45,3,6.7,3.7,284|2152|7056,ANGPT1|F3|THBD,0,Protein
GO Biological Processes,19,GO:0043114,regulation of vascular permeability,19_GO:0032501 multicellular organismal process,-2.4,5.4,3.9,795,13,45,4,8.9,4.2,133|284|654|7010,ADM|ANGPT1|BMP6|TEK,0,Protein
GO Biological Processes,19,GO:0001819,positive regulation of cytokine production,19_GO:0032501 multicellular organismal process,-2.3,2.3,3.1,795,85,45,11,24,6.4,177|920|2152|3162|3603|4023|6375|8808|10417|53342|246778,AGER|CD4|F3|HMOX1|IL16|LPL|XCL1|IL1RL2|SPON2|IL17D|IL27,0,Protein
GO Biological Processes,19,GO:0032675,regulation of interleukin-6 production,19_GO:0032501 multicellular organismal process,-2.2,3.4,3.4,795,31,45,6,13,5.1,177|3603|4023|8808|10417|53342,AGER|IL16|LPL|IL1RL2|SPON2|IL17D,0,Protein
GO Biological Processes,19,GO:0040017,positive regulation of locomotion,19_GO:0040011 locomotion,-2.2,2.1,2.9,795,100,45,12,27,6.6,177|284|1839|2152|2277|3162|3603|4254|4316|5228|6375|7010,AGER|ANGPT1|HBEGF|F3|VEGFD|HMOX1|IL16|KITLG|MMP7|PGF|XCL1|TEK,0,Protein
