_MEMBER_Protein,_LogP_Protein,GO,Description,_PATTERN_,_RANK_,GiniIndex
1,-3.1,GO:0032755,positive regulation of interleukin-6 production,M1,1,0
1,-3.4,GO:0050926,regulation of positive chemotaxis,M1,1,0
1,-2.2,GO:0032675,regulation of interleukin-6 production,M1,1,0
1,-2.4,GO:0043114,regulation of vascular permeability,M1,1,0
1,-3,GO:0050930,induction of positive chemotaxis,M1,1,0
1,-3.6,GO:0050927,positive regulation of positive chemotaxis,M1,1,0
1,-2.3,GO:0001819,positive regulation of cytokine production,M1,1,0
1,-2.2,GO:0040017,positive regulation of locomotion,M1,1,0
1,-2.5,GO:0050820,positive regulation of coagulation,M1,1,0
1,-2.5,GO:0019731,antibacterial humoral response,M1,1,0
