Category,CategoryID,GO,Description,PARENT_GO,LogP,Enrichment,Z-score,#TotalGeneInLibrary,#GeneInGO,#GeneInHitList,#GeneInGOAndHitList,%InGO,STDV %InGO,GeneID,Hits,Log(q-value),GeneList
GO Biological Processes,19,GO:0042391,regulation of membrane potential,19_GO:0065007 biological regulation,-4.5,6.4,5.9,795,17,51,7,14,4.8,25|142|2745|4137|6648|10935|11060,ABL1|PARP1|GLRX|MAPT|SOD2|PRDX3|WWP2,-0.46,Protein
GO Biological Processes,19,GO:0051276,chromosome organization,19_GO:0009987 cellular process,-4.2,7.2,5.9,795,13,51,6,12,4.5,25|142|328|7155|7917|8379,ABL1|PARP1|APEX1|TOP2B|BAG6|MAD1L1,-0.46,Protein
GO Biological Processes,19,GO:0051881,regulation of mitochondrial membrane potential,19_GO:0065007 biological regulation,-4,8.7,6,795,9,51,5,9.8,4.2,25|142|4137|6648|10935,ABL1|PARP1|MAPT|SOD2|PRDX3,-0.46,Protein
GO Biological Processes,19,GO:0034614,cellular response to reactive oxygen species,19_GO:0050896 response to stimulus,-4,6.7,5.6,795,14,51,6,12,4.5,25|4137|6648|7155|10935|25824,ABL1|MAPT|SOD2|TOP2B|PRDX3|PRDX5,-0.46,Protein
GO Biological Processes,19,GO:0034599,cellular response to oxidative stress,19_GO:0050896 response to stimulus,-3.9,5.5,5.3,795,20,51,7,14,4.8,25|142|4137|6648|7155|10935|25824,ABL1|PARP1|MAPT|SOD2|TOP2B|PRDX3|PRDX5,-0.46,Protein
GO Biological Processes,19,GO:0006979,response to oxidative stress,19_GO:0050896 response to stimulus,-3.8,4,4.8,795,35,51,9,18,5.3,25|142|3163|4137|6648|7155|10935|11168|25824,ABL1|PARP1|HMOX2|MAPT|SOD2|TOP2B|PRDX3|PSIP1|PRDX5,-0.46,Protein
GO Biological Processes,19,GO:2000779,regulation of double-strand break repair,19_GO:0050896 response to stimulus,-3.7,10,6,795,6,51,4,7.8,3.8,25|142|4255|7155,ABL1|PARP1|MGMT|TOP2B,-0.46,Protein
GO Biological Processes,19,GO:0009636,response to toxic substance,19_GO:0050896 response to stimulus,-3.6,5,4.9,795,22,51,7,14,4.8,216|1644|4067|4747|6648|10935|25824,ALDH1A1|DDC|LYN|NEFL|SOD2|PRDX3|PRDX5,-0.46,Protein
GO Biological Processes,19,GO:0008380,RNA splicing,19_GO:0009987 cellular process,-3.6,16,6.6,795,3,51,3,5.9,3.3,6733|11168|84687,SRPK2|PSIP1|PPP1R9B,-0.46,Protein
GO Biological Processes,19,GO:0010043,response to zinc ion,19_GO:0050896 response to stimulus,-3.6,16,6.6,795,3,51,3,5.9,3.3,142|4048|6648,PARP1|LTA4H|SOD2,-0.46,Protein
GO Biological Processes,19,GO:0006259,DNA metabolic process,19_GO:0009987 cellular process,-3.6,5.8,5.1,795,16,51,6,12,4.5,25|142|328|1676|4255|7155,ABL1|PARP1|APEX1|DFFA|MGMT|TOP2B,-0.46,Protein
GO Biological Processes,19,GO:0006282,regulation of DNA repair,19_GO:0050896 response to stimulus,-3.3,8.9,5.5,795,7,51,4,7.8,3.8,25|142|4255|7155,ABL1|PARP1|MGMT|TOP2B,-0.25,Protein
GO Biological Processes,19,GO:0062197,cellular response to chemical stress,19_GO:0050896 response to stimulus,-3.2,4.4,4.5,795,25,51,7,14,4.8,25|142|4137|6648|7155|10935|25824,ABL1|PARP1|MAPT|SOD2|TOP2B|PRDX3|PRDX5,-0.18,Protein
GO Biological Processes,19,GO:0098813,nuclear chromosome segregation,19_GO:0009987 cellular process,-3,12,5.6,795,4,51,3,5.9,3.3,7155|7917|8379,TOP2B|BAG6|MAD1L1,-0.03,Protein
GO Biological Processes,19,GO:0042743,hydrogen peroxide metabolic process,19_GO:0009987 cellular process,-3,12,5.6,795,4,51,3,5.9,3.3,6648|10935|25824,SOD2|PRDX3|PRDX5,-0.03,Protein
GO Biological Processes,19,GO:0000302,response to reactive oxygen species,19_GO:0050896 response to stimulus,-3,4.7,4.4,795,20,51,6,12,4.5,25|4137|6648|7155|10935|25824,ABL1|MAPT|SOD2|TOP2B|PRDX3|PRDX5,-0.03,Protein
GO Biological Processes,19,GO:0033365,protein localization to organelle,19_GO:0051179 localization,-2.9,3.5,4,795,36,51,8,16,5.1,25|142|867|3068|5534|6727|7917|84687,ABL1|PARP1|CBL|HDGF|PPP3R1|SRP14|BAG6|PPP1R9B,0,Protein
GO Biological Processes,19,GO:0098754,detoxification,19_GO:0098754 detoxification,-2.8,6.9,4.7,795,9,51,4,7.8,3.8,216|6648|10935|25824,ALDH1A1|SOD2|PRDX3|PRDX5,0,Protein
GO Biological Processes,19,GO:1990748,cellular detoxification,19_GO:0098754 detoxification,-2.8,6.9,4.7,795,9,51,4,7.8,3.8,216|6648|10935|25824,ALDH1A1|SOD2|PRDX3|PRDX5,0,Protein
GO Biological Processes,19,GO:0018193,peptidyl-amino acid modification,19_GO:0009987 cellular process,-2.8,3.8,4,795,29,51,7,14,4.8,25|4067|6733|7917|10935|10988|254042,ABL1|LYN|SRPK2|BAG6|PRDX3|METAP2|METAP1D,0,Protein
GO Biological Processes,19,GO:0031110,regulation of microtubule polymerization or depolymerization,19_GO:0050789 regulation of biological process,-2.6,9.4,4.9,795,5,51,3,5.9,3.3,25|2288|4137,ABL1|FKBP4|MAPT,0,Protein
GO Biological Processes,19,GO:0007059,chromosome segregation,19_GO:0009987 cellular process,-2.6,9.4,4.9,795,5,51,3,5.9,3.3,7155|7917|8379,TOP2B|BAG6|MAD1L1,0,Protein
GO Biological Processes,19,GO:2000781,positive regulation of double-strand break repair,19_GO:0048518 positive regulation of biological process,-2.6,9.4,4.9,795,5,51,3,5.9,3.3,142|4255|7155,PARP1|MGMT|TOP2B,0,Protein
GO Biological Processes,19,GO:0031113,regulation of microtubule polymerization,19_GO:0050789 regulation of biological process,-2.6,9.4,4.9,795,5,51,3,5.9,3.3,25|2288|4137,ABL1|FKBP4|MAPT,0,Protein
GO Biological Processes,19,GO:0048538,thymus development,19_GO:0002376 immune system process,-2.6,9.4,4.9,795,5,51,3,5.9,3.3,25|1399|8379,ABL1|CRKL|MAD1L1,0,Protein
GO Biological Processes,19,GO:0097237,cellular response to toxic substance,19_GO:0050896 response to stimulus,-2.6,6.2,4.4,795,10,51,4,7.8,3.8,216|6648|10935|25824,ALDH1A1|SOD2|PRDX3|PRDX5,0,Protein
GO Biological Processes,19,GO:0045931,positive regulation of mitotic cell cycle,19_GO:0048518 positive regulation of biological process,-2.6,6.2,4.4,795,10,51,4,7.8,3.8,25|1978|1981|8379,ABL1|EIF4EBP1|EIF4G1|MAD1L1,0,Protein
GO Biological Processes,19,GO:0006091,generation of precursor metabolites and energy,19_GO:0009987 cellular process,-2.4,5.7,4.1,795,11,51,4,7.8,3.8,2026|5504|6648|64080,ENO2|PPP1R2|SOD2|RBKS,0,Protein
GO Biological Processes,19,GO:0006281,DNA repair,19_GO:0050896 response to stimulus,-2.4,5.7,4.1,795,11,51,4,7.8,3.8,25|142|328|4255,ABL1|PARP1|APEX1|MGMT,0,Protein
GO Biological Processes,19,GO:0042542,response to hydrogen peroxide,19_GO:0050896 response to stimulus,-2.4,5.7,4.1,795,11,51,4,7.8,3.8,25|6648|7155|10935,ABL1|SOD2|TOP2B|PRDX3,0,Protein
GO Biological Processes,19,GO:1901654,response to ketone,19_GO:0050896 response to stimulus,-2.4,3.7,3.6,795,25,51,6,12,4.5,142|768|867|2354|4747|84687,PARP1|CA9|CBL|FOSB|NEFL|PPP1R9B,0,Protein
GO Biological Processes,19,GO:0061077,chaperone-mediated protein folding,19_GO:0009987 cellular process,-2.4,7.8,4.4,795,6,51,3,5.9,3.3,1676|2288|5202,DFFA|FKBP4|PFDN2,0,Protein
GO Biological Processes,19,GO:0045454,cell redox homeostasis,19_GO:0042592 homeostatic process,-2.4,7.8,4.4,795,6,51,3,5.9,3.3,328|10935|25824,APEX1|PRDX3|PRDX5,0,Protein
GO Biological Processes,19,GO:0070507,regulation of microtubule cytoskeleton organization,19_GO:0050789 regulation of biological process,-2.4,7.8,4.4,795,6,51,3,5.9,3.3,25|2288|4137,ABL1|FKBP4|MAPT,0,Protein
GO Biological Processes,19,GO:0045739,positive regulation of DNA repair,19_GO:0048518 positive regulation of biological process,-2.4,7.8,4.4,795,6,51,3,5.9,3.3,142|4255|7155,PARP1|MGMT|TOP2B,0,Protein
GO Biological Processes,19,GO:0080135,regulation of cellular response to stress,19_GO:0050896 response to stimulus,-2.3,3.1,3.4,795,35,51,7,14,4.8,25|142|1981|4137|4255|7155|7917,ABL1|PARP1|EIF4G1|MAPT|MGMT|TOP2B|BAG6,0,Protein
GO Biological Processes,19,GO:0006366,transcription by RNA polymerase II,19_GO:0009987 cellular process,-2.2,4.8,3.6,795,13,51,4,7.8,3.8,142|328|2354|11060,PARP1|APEX1|FOSB|WWP2,0,Protein
GO Biological Processes,19,GO:0021766,hippocampus development,19_GO:0032502 developmental process,-2.1,6.7,3.9,795,7,51,3,5.9,3.3,1399|4747|84687,CRKL|NEFL|PPP1R9B,0,Protein
GO Biological Processes,19,GO:0010563,negative regulation of phosphorus metabolic process,19_GO:0048519 negative regulation of biological process,-2.1,3.2,3.2,795,29,51,6,12,4.5,25|142|1399|1981|4067|10935,ABL1|PARP1|CRKL|EIF4G1|LYN|PRDX3,0,Protein
GO Biological Processes,19,GO:0045936,negative regulation of phosphate metabolic process,19_GO:0048519 negative regulation of biological process,-2.1,3.2,3.2,795,29,51,6,12,4.5,25|142|1399|1981|4067|10935,ABL1|PARP1|CRKL|EIF4G1|LYN|PRDX3,0,Protein
GO Biological Processes,19,GO:0097305,response to alcohol,19_GO:0050896 response to stimulus,-2.1,2.9,3.1,795,38,51,7,14,4.8,142|867|1981|2354|4747|6648|84687,PARP1|CBL|EIF4G1|FOSB|NEFL|SOD2|PPP1R9B,0,Protein
GO Biological Processes,19,GO:0006351,DNA-templated transcription,19_GO:0009987 cellular process,-2,4.5,3.4,795,14,51,4,7.8,3.8,142|328|2354|11060,PARP1|APEX1|FOSB|WWP2,0,Protein
