_MEMBER_Protein,_LogP_Protein,GO,Description,_PATTERN_,_RANK_,GiniIndex
1,-2.1,GO:0097305,response to alcohol,M1,1,0
1,-2.1,GO:0045936,negative regulation of phosphate metabolic process,M1,1,0
1,-4.2,GO:0051276,chromosome organization,M1,1,0
1,-2.4,GO:0006281,DNA repair,M1,1,0
1,-3.6,GO:0008380,RNA splicing,M1,1,0
1,-2.8,GO:0018193,peptidyl-amino acid modification,M1,1,0
1,-3,GO:0098813,nuclear chromosome segregation,M1,1,0
1,-2.6,GO:0007059,chromosome segregation,M1,1,0
1,-3.6,GO:0006259,DNA metabolic process,M1,1,0
1,-2.4,GO:1901654,response to ketone,M1,1,0
1,-2.3,GO:0080135,regulation of cellular response to stress,M1,1,0
1,-4,GO:0051881,regulation of mitochondrial membrane potential,M1,1,0
1,-2.4,GO:0070507,regulation of microtubule cytoskeleton organization,M1,1,0
1,-2.8,GO:0098754,detoxification,M1,1,0
1,-3.7,GO:2000779,regulation of double-strand break repair,M1,1,0
1,-2.4,GO:0042542,response to hydrogen peroxide,M1,1,0
1,-2.4,GO:0045739,positive regulation of DNA repair,M1,1,0
1,-4,GO:0034614,cellular response to reactive oxygen species,M1,1,0
1,-3.9,GO:0034599,cellular response to oxidative stress,M1,1,0
1,-3.2,GO:0062197,cellular response to chemical stress,M1,1,0
1,-3.8,GO:0006979,response to oxidative stress,M1,1,0
1,-2.8,GO:1990748,cellular detoxification,M1,1,0
1,-2,GO:0006351,DNA-templated transcription,M1,1,0
1,-2.6,GO:0031110,regulation of microtubule polymerization or depolymerization,M1,1,0
1,-3.3,GO:0006282,regulation of DNA repair,M1,1,0
1,-2.6,GO:0048538,thymus development,M1,1,0
1,-3,GO:0000302,response to reactive oxygen species,M1,1,0
1,-3.6,GO:0010043,response to zinc ion,M1,1,0
1,-2.1,GO:0021766,hippocampus development,M1,1,0
1,-2.6,GO:0031113,regulation of microtubule polymerization,M1,1,0
1,-3,GO:0042743,hydrogen peroxide metabolic process,M1,1,0
1,-3.6,GO:0009636,response to toxic substance,M1,1,0
1,-2.6,GO:0097237,cellular response to toxic substance,M1,1,0
1,-2.1,GO:0010563,negative regulation of phosphorus metabolic process,M1,1,0
1,-2.4,GO:0006091,generation of precursor metabolites and energy,M1,1,0
1,-2.6,GO:0045931,positive regulation of mitotic cell cycle,M1,1,0
1,-2.6,GO:2000781,positive regulation of double-strand break repair,M1,1,0
1,-2.4,GO:0061077,chaperone-mediated protein folding,M1,1,0
1,-2.4,GO:0045454,cell redox homeostasis,M1,1,0
1,-2.9,GO:0033365,protein localization to organelle,M1,1,0
1,-2.2,GO:0006366,transcription by RNA polymerase II,M1,1,0
1,-4.5,GO:0042391,regulation of membrane potential,M1,1,0
