_MEMBER_Protein,_LogP_Protein,GO,Description,_PATTERN_,_RANK_,CHILD_GO_Protein
1,-4.45397196070228,GO:0065007,biological regulation,M1,1,GO:0042391 regulation of membrane potential
1,-4.199015453529109,GO:0009987,cellular process,M1,1,GO:0051276 chromosome organization
1,-3.977742925940054,GO:0050896,response to stimulus,M1,1,GO:0034614 cellular response to reactive oxygen species
1,-2.9062753483117127,GO:0051179,localization,M1,1,GO:0033365 protein localization to organelle
1,-2.8253605846546725,GO:0098754,detoxification,M1,1,GO:0098754 detoxification
1,-2.643086263465237,GO:0002376,immune system process,M1,1,GO:0048538 thymus development
1,-2.643086263465237,GO:0048518,positive regulation of biological process,M1,1,GO:2000781 positive regulation of double-strand break repair
1,-2.643086263465237,GO:0050789,regulation of biological process,M1,1,GO:0031110 regulation of microtubule polymerization or depolymerization
1,-2.3621685534325683,GO:0042592,homeostatic process,M1,1,GO:0045454 cell redox homeostasis
1,-2.1391957828294443,GO:0032502,developmental process,M1,1,GO:0021766 hippocampus development
1,-2.104662897213671,GO:0048519,negative regulation of biological process,M1,1,GO:0010563 negative regulation of phosphorus metabolic process
