_MEMBER_Protein,_LogP_Protein,GO,_PATTERN_,_RANK_,GiniIndex,Category,CategoryID,Description,PARENT_GO,LogP,Enrichment,Z-score,#TotalGeneInLibrary,#GeneInGO,#GeneInHitList,#GeneInGOAndHitList,%InGO,STDV %InGO,GeneID,Hits,Log(q-value),EvidenceCutoff,GROUP_ID,FirstInGroupByEnrichment,FirstInGroupByLogP,BestLogPInGroup,BestEnrichmentInGroup,URL
1,-4.649604261592476,GO:0051960,M1,1,0,GO Biological Processes,19,regulation of nervous system development,19_GO:0032502 developmental process,-4.649604261592476,2.1971441731920773,4.601955193672124,795,52,167,24,14.37125748502994,2.7145567969015825,577|1075|4311|4915|5364|5365|6092|6376|7143|7422|9746|22883|22933|23768|27242|56963|57611|57633|58494|84189|84631|283659|347902|374946,ADGRB3|CTSC|MME|NTRK2|PLXNB1|PLXNB3|ROBO2|CX3CL1|TNR|VEGFA|CLSTN3|CLSTN1|SIRT2|FLRT2|TNFRSF21|RGMA|ISLR2|LRRN1|JAM2|SLITRK6|SLITRK2|PRTG|AMIGO2|DRAXIN,-0.8525146800605001,0,1,1,1,-4.649604261592476,3.570359281437126,
1,-4.09163662798316,GO:0051965,M1,1,0,GO Biological Processes,19,positive regulation of synapse assembly,19_GO:0032502 developmental process,-4.09163662798316,3.570359281437126,4.623727591941141,795,12,167,9,5.389221556886228,1.7473306359969503,577|4915|9746|22883|23768|57633|84189|84631|347902,ADGRB3|NTRK2|CLSTN3|CLSTN1|FLRT2|LRRN1|SLITRK6|SLITRK2|AMIGO2,-0.697710621397323,0,1,0,0,-4.649604261592476,3.570359281437126,
1,-3.334451398362649,GO:0051962,M1,1,0,GO Biological Processes,19,positive regulation of nervous system development,19_GO:0032502 developmental process,-3.334451398362649,2.2402254314899612,3.809223260262919,795,34,167,16,9.580838323353293,2.277580617498348,577|4311|4915|5364|5365|6092|6376|7422|9746|22883|23768|57611|57633|84189|84631|347902,ADGRB3|MME|NTRK2|PLXNB1|PLXNB3|ROBO2|CX3CL1|VEGFA|CLSTN3|CLSTN1|FLRT2|ISLR2|LRRN1|SLITRK6|SLITRK2|AMIGO2,-0.28458496894135166,0,1,0,0,-4.649604261592476,3.570359281437126,
1,-3.1301494412965165,GO:0051963,M1,1,0,GO Biological Processes,19,regulation of synapse assembly,19_GO:0032502 developmental process,-3.1301494412965165,2.6182634730538927,3.7774788635715213,795,20,167,11,6.586826347305389,1.919481519005143,577|4915|6092|9746|22883|23768|57633|84189|84631|266727|347902,ADGRB3|NTRK2|ROBO2|CLSTN3|CLSTN1|FLRT2|LRRN1|SLITRK6|SLITRK2|MDGA1|AMIGO2,-0.23558143383419858,0,1,0,0,-4.649604261592476,3.570359281437126,
1,-2.7154755554415377,GO:1901890,M1,1,0,GO Biological Processes,19,positive regulation of cell junction assembly,19_GO:0048518 positive regulation of biological process,-2.7154755554415377,2.210222412318221,3.3599683777684386,795,28,167,13,7.7844311377245505,2.0732770000097283,94|577|4915|6422|7422|9746|22883|23768|26047|57633|84189|84631|347902,ACVRL1|ADGRB3|NTRK2|SFRP1|VEGFA|CLSTN3|CLSTN1|FLRT2|CNTNAP2|LRRN1|SLITRK6|SLITRK2|AMIGO2,0.0,0,1,0,0,-4.649604261592476,3.570359281437126,
1,-2.0933100478464968,GO:1901888,M1,1,0,GO Biological Processes,19,regulation of cell junction assembly,19_GO:0050789 regulation of biological process,-2.0933100478464968,1.8309534776600644,2.742437762822391,795,39,167,15,8.982035928143713,2.2125480791148138,94|577|4915|6092|6422|7422|9746|22883|23768|26047|57633|84189|84631|266727|347902,ACVRL1|ADGRB3|NTRK2|ROBO2|SFRP1|VEGFA|CLSTN3|CLSTN1|FLRT2|CNTNAP2|LRRN1|SLITRK6|SLITRK2|MDGA1|AMIGO2,0.0,0,1,0,0,-4.649604261592476,3.570359281437126,
1,-4.4380025534708825,GO:0048812,M1,1,0,GO Biological Processes,19,neuron projection morphogenesis,19_GO:0032502 developmental process,-4.4380025534708825,2.189820359281437,4.4789573468562605,795,50,167,23,13.77245508982036,2.6666772589645236,333|780|1945|2051|2263|2676|4681|4897|5364|6092|7143|7422|8633|8828|9746|23768|26047|53942|84189|84631|91584|284656|374946,APLP1|DDR1|EFNA4|EPHB6|FGFR2|GFRA3|NBL1|NRCAM|PLXNB1|ROBO2|TNR|VEGFA|UNC5C|NRP2|CLSTN3|FLRT2|CNTNAP2|CNTN5|SLITRK6|SLITRK2|PLXNA4|EPHA10|DRAXIN,-0.8525146800605001,0,2,1,1,-4.4380025534708825,2.538922155688623,
1,-4.4380025534708825,GO:0120039,M1,1,0,GO Biological Processes,19,plasma membrane bounded cell projection morphogenesis,19_GO:0032502 developmental process,-4.4380025534708825,2.189820359281437,4.4789573468562605,795,50,167,23,13.77245508982036,2.6666772589645236,333|780|1945|2051|2263|2676|4681|4897|5364|6092|7143|7422|8633|8828|9746|23768|26047|53942|84189|84631|91584|284656|374946,APLP1|DDR1|EFNA4|EPHB6|FGFR2|GFRA3|NBL1|NRCAM|PLXNB1|ROBO2|TNR|VEGFA|UNC5C|NRP2|CLSTN3|FLRT2|CNTNAP2|CNTN5|SLITRK6|SLITRK2|PLXNA4|EPHA10|DRAXIN,-0.8525146800605001,0,2,0,0,-4.4380025534708825,2.538922155688623,
1,-4.422531945702018,GO:0031175,M1,1,0,GO Biological Processes,19,neuron projection development,19_GO:0032502 developmental process,-4.422531945702018,1.9721984602224125,4.38958648994295,795,70,167,29,17.365269461077844,2.9313240786721693,333|374|780|1945|2051|2263|2674|2676|4681|4897|5364|6092|7143|7422|7873|8633|8828|9746|23768|26047|27242|53942|56963|84189|84631|91584|284656|374946|441549,APLP1|AREG|DDR1|EFNA4|EPHB6|FGFR2|GFRA1|GFRA3|NBL1|NRCAM|PLXNB1|ROBO2|TNR|VEGFA|MANF|UNC5C|NRP2|CLSTN3|FLRT2|CNTNAP2|TNFRSF21|CNTN5|RGMA|SLITRK6|SLITRK2|PLXNA4|EPHA10|DRAXIN|CDNF,-0.8525146800605001,0,2,0,0,-4.4380025534708825,2.538922155688623,
1,-4.265020586269756,GO:0048858,M1,1,0,GO Biological Processes,19,cell projection morphogenesis,19_GO:0032502 developmental process,-4.265020586269756,2.1468827051778794,4.363211737389143,795,51,167,23,13.77245508982036,2.6666772589645236,333|780|1945|2051|2263|2676|4681|4897|5364|6092|7143|7422|8633|8828|9746|23768|26047|53942|84189|84631|91584|284656|374946,APLP1|DDR1|EFNA4|EPHB6|FGFR2|GFRA3|NBL1|NRCAM|PLXNB1|ROBO2|TNR|VEGFA|UNC5C|NRP2|CLSTN3|FLRT2|CNTNAP2|CNTN5|SLITRK6|SLITRK2|PLXNA4|EPHA10|DRAXIN,-0.7919133336362943,0,2,0,0,-4.4380025534708825,2.538922155688623,
1,-3.985860309532515,GO:0061564,M1,1,0,GO Biological Processes,19,axon development,19_GO:0032502 developmental process,-3.985860309532515,2.2141762985656595,4.2188659208128225,795,43,167,20,11.976047904191617,2.5124588559990073,333|780|1945|2051|2263|2676|4897|6092|7143|7422|8633|8828|23768|27242|53942|84189|84631|91584|284656|374946,APLP1|DDR1|EFNA4|EPHB6|FGFR2|GFRA3|NRCAM|ROBO2|TNR|VEGFA|UNC5C|NRP2|FLRT2|TNFRSF21|CNTN5|SLITRK6|SLITRK2|PLXNA4|EPHA10|DRAXIN,-0.6588810925772911,0,2,0,0,-4.4380025534708825,2.538922155688623,
1,-3.5695148781180728,GO:0007409,M1,1,0,GO Biological Processes,19,axonogenesis,19_GO:0032502 developmental process,-3.5695148781180728,2.1971441731920773,3.950995424376604,795,39,167,18,10.778443113772456,2.3996874489851523,333|1945|2051|2263|2676|4897|6092|7143|7422|8633|8828|23768|53942|84189|84631|91584|284656|374946,APLP1|EFNA4|EPHB6|FGFR2|GFRA3|NRCAM|ROBO2|TNR|VEGFA|UNC5C|NRP2|FLRT2|CNTN5|SLITRK6|SLITRK2|PLXNA4|EPHA10|DRAXIN,-0.3516801305879171,0,2,0,0,-4.4380025534708825,2.538922155688623,
1,-3.3977819970404175,GO:0048667,M1,1,0,GO Biological Processes,19,cell morphogenesis involved in neuron differentiation,19_GO:0032502 developmental process,-3.3977819970404175,2.1422155688622757,3.8202629822816827,795,40,167,18,10.778443113772456,2.3996874489851523,333|1945|2051|2263|2676|4897|6092|7143|7422|8633|8828|23768|53942|84189|84631|91584|284656|374946,APLP1|EFNA4|EPHB6|FGFR2|GFRA3|NRCAM|ROBO2|TNR|VEGFA|UNC5C|NRP2|FLRT2|CNTN5|SLITRK6|SLITRK2|PLXNA4|EPHA10|DRAXIN,-0.30488598611856166,0,2,0,0,-4.4380025534708825,2.538922155688623,
1,-3.304173847685454,GO:0000902,M1,1,0,GO Biological Processes,19,cell morphogenesis,19_GO:0032502 developmental process,-3.304173847685454,1.8201831630855936,3.6449096339447697,795,68,167,26,15.568862275449101,2.8055726784117265,333|780|1004|1013|1945|2051|2263|2676|3082|4681|4897|5364|6092|7143|7422|8633|8828|9746|23768|26047|53942|84189|84631|91584|284656|374946,APLP1|DDR1|CDH6|CDH15|EFNA4|EPHB6|FGFR2|GFRA3|HGF|NBL1|NRCAM|PLXNB1|ROBO2|TNR|VEGFA|UNC5C|NRP2|CLSTN3|FLRT2|CNTNAP2|CNTN5|SLITRK6|SLITRK2|PLXNA4|EPHA10|DRAXIN,-0.28458496894135166,0,2,0,0,-4.4380025534708825,2.538922155688623,
1,-3.106628695139698,GO:0007411,M1,1,0,GO Biological Processes,19,axon guidance,19_GO:0032502 developmental process,-3.106628695139698,2.29816229609746,3.670305971971198,795,29,167,14,8.383233532934131,2.1445443227524374,1945|2051|2676|4897|6092|7143|7422|8633|8828|23768|53942|91584|284656|374946,EFNA4|EPHB6|GFRA3|NRCAM|ROBO2|TNR|VEGFA|UNC5C|NRP2|FLRT2|CNTN5|PLXNA4|EPHA10|DRAXIN,-0.23558143383419858,0,2,0,0,-4.4380025534708825,2.538922155688623,
1,-3.106628695139698,GO:0097485,M1,1,0,GO Biological Processes,19,neuron projection guidance,19_GO:0032502 developmental process,-3.106628695139698,2.29816229609746,3.670305971971198,795,29,167,14,8.383233532934131,2.1445443227524374,1945|2051|2676|4897|6092|7143|7422|8633|8828|23768|53942|91584|284656|374946,EFNA4|EPHB6|GFRA3|NRCAM|ROBO2|TNR|VEGFA|UNC5C|NRP2|FLRT2|CNTN5|PLXNA4|EPHA10|DRAXIN,-0.23558143383419858,0,2,0,0,-4.4380025534708825,2.538922155688623,
1,-2.659196312620711,GO:0007420,M1,1,0,GO Biological Processes,19,brain development,19_GO:0032502 developmental process,-2.659196312620711,1.8309534776600644,3.1942774795631057,795,52,167,20,11.976047904191617,2.5124588559990073,333|652|1282|1392|2263|4897|4915|6092|7143|8633|8828|9289|22933|26047|53942|63827|91584|266727|347902|374946,APLP1|BMP4|COL4A1|CRH|FGFR2|NRCAM|NTRK2|ROBO2|TNR|UNC5C|NRP2|ADGRG1|SIRT2|CNTNAP2|CNTN5|BCAN|PLXNA4|MDGA1|AMIGO2|DRAXIN,0.0,0,2,0,0,-4.4380025534708825,2.538922155688623,
1,-2.6095236721726827,GO:0060322,M1,1,0,GO Biological Processes,19,head development,19_GO:0032502 developmental process,-2.6095236721726827,1.7851796407185627,3.140721946596521,795,56,167,21,12.574850299401197,2.5657324594002735,333|652|1282|1392|2263|4897|4915|5156|6092|7143|8633|8828|9289|22933|26047|53942|63827|91584|266727|347902|374946,APLP1|BMP4|COL4A1|CRH|FGFR2|NRCAM|NTRK2|PDGFRA|ROBO2|TNR|UNC5C|NRP2|ADGRG1|SIRT2|CNTNAP2|CNTN5|BCAN|PLXNA4|MDGA1|AMIGO2|DRAXIN,0.0,0,2,0,0,-4.4380025534708825,2.538922155688623,
1,-2.585551703225096,GO:0030900,M1,1,0,GO Biological Processes,19,forebrain development,19_GO:0032502 developmental process,-2.585551703225096,2.082709580838323,3.2219097044584726,795,32,167,14,8.383233532934131,2.1445443227524374,333|652|1392|2263|4915|6092|7143|8828|9289|26047|63827|91584|266727|374946,APLP1|BMP4|CRH|FGFR2|NTRK2|ROBO2|TNR|NRP2|ADGRG1|CNTNAP2|BCAN|PLXNA4|MDGA1|DRAXIN,0.0,0,2,0,0,-4.4380025534708825,2.538922155688623,
1,-2.2693947284790537,GO:0021953,M1,1,0,GO Biological Processes,19,central nervous system neuron differentiation,19_GO:0032502 developmental process,-2.2693947284790537,2.538922155688623,3.101013417024277,795,15,167,8,4.790419161676646,1.652604187740054,2263|4915|6092|6695|8828|91584|266727|374946,FGFR2|NTRK2|ROBO2|SPOCK1|NRP2|PLXNA4|MDGA1|DRAXIN,0.0,0,2,0,0,-4.4380025534708825,2.538922155688623,
1,-2.1002119364818395,GO:0021537,M1,1,0,GO Biological Processes,19,telencephalon development,19_GO:0032502 developmental process,-2.1002119364818395,2.1638541099618944,2.8530461907913973,795,22,167,10,5.9880239520958085,1.8360103263096357,652|4915|6092|7143|9289|26047|63827|91584|266727|374946,BMP4|NTRK2|ROBO2|TNR|ADGRG1|CNTNAP2|BCAN|PLXNA4|MDGA1|DRAXIN,0.0,0,2,0,0,-4.4380025534708825,2.538922155688623,
1,-3.6035343190241025,GO:0050808,M1,1,0,GO Biological Processes,19,synapse organization,19_GO:0009987 cellular process,-3.6035343190241025,2.1535500427715997,3.958696996954267,795,42,167,19,11.377245508982035,2.4571572537426394,577|1004|1282|2149|4897|5364|5365|6376|7143|9746|26470|27253|53942|63827|84189|84631|91584|92737|266727,ADGRB3|CDH6|COL4A1|F2R|NRCAM|PLXNB1|PLXNB3|CX3CL1|TNR|CLSTN3|SEZ6L2|PCDH17|CNTN5|BCAN|SLITRK6|SLITRK2|PLXNA4|DNER|MDGA1,-0.3516801305879171,0,3,1,1,-3.6035343190241025,4.7604790419161676,
1,-3.4893542147708296,GO:0007416,M1,1,0,GO Biological Processes,19,synapse assembly,19_GO:0032502 developmental process,-3.4893542147708296,2.9752994011976046,4.113512861133911,795,16,167,10,5.9880239520958085,1.8360103263096357,4897|5364|5365|9746|27253|53942|84189|91584|92737|266727,NRCAM|PLXNB1|PLXNB3|CLSTN3|PCDH17|CNTN5|SLITRK6|PLXNA4|DNER|MDGA1,-0.317276957801349,0,3,0,0,-3.6035343190241025,4.7604790419161676,
1,-2.972443371901721,GO:0034330,M1,1,0,GO Biological Processes,19,cell junction organization,19_GO:0009987 cellular process,-2.972443371901721,1.8862275449101795,3.4416752707015688,795,53,167,21,12.574850299401197,2.5657324594002735,577|1004|1013|1282|1525|2149|4897|5364|5365|6376|7143|9746|26470|27253|53942|63827|84189|84631|91584|92737|266727,ADGRB3|CDH6|CDH15|COL4A1|CXADR|F2R|NRCAM|PLXNB1|PLXNB3|CX3CL1|TNR|CLSTN3|SEZ6L2|PCDH17|CNTN5|BCAN|SLITRK6|SLITRK2|PLXNA4|DNER|MDGA1,-0.1427887957544468,0,3,0,0,-3.6035343190241025,4.7604790419161676,
1,-2.69193549048502,GO:0034329,M1,1,0,GO Biological Processes,19,cell junction assembly,19_GO:0009987 cellular process,-2.69193549048502,2.2850299401197605,3.364546641517702,795,25,167,12,7.18562874251497,1.9983969830725652,1004|1013|4897|5364|5365|9746|27253|53942|84189|91584|92737|266727,CDH6|CDH15|NRCAM|PLXNB1|PLXNB3|CLSTN3|PCDH17|CNTN5|SLITRK6|PLXNA4|DNER|MDGA1,0.0,0,3,0,0,-3.6035343190241025,4.7604790419161676,
1,-2.039152314999975,GO:0099054,M1,1,0,GO Biological Processes,19,presynapse assembly,19_GO:0032502 developmental process,-2.039152314999975,4.7604790419161676,3.3630232831990288,795,3,167,3,1.7964071856287425,1.0277981808296512,27253|53942|266727,PCDH17|CNTN5|MDGA1,0.0,0,3,0,0,-3.6035343190241025,4.7604790419161676,
1,-2.039152314999975,GO:0099172,M1,1,0,GO Biological Processes,19,presynapse organization,19_GO:0009987 cellular process,-2.039152314999975,4.7604790419161676,3.3630232831990288,795,3,167,3,1.7964071856287425,1.0277981808296512,27253|53942|266727,PCDH17|CNTN5|MDGA1,0.0,0,3,0,0,-3.6035343190241025,4.7604790419161676,
1,-3.4220606154339475,GO:0040008,M1,1,0,GO Biological Processes,19,regulation of growth,19_GO:0040007 growth,-3.4220606154339475,1.904191616766467,3.7538861479230836,795,60,167,24,14.37125748502994,2.7145567969015825,94|684|780|952|1435|2263|2660|4880|4897|6422|6695|7143|7422|8751|9746|10018|22883|55540|56963|57611|81621|91584|131566|374946,ACVRL1|BST2|DDR1|CD38|CSF1|FGFR2|MSTN|NPPC|NRCAM|SFRP1|SPOCK1|TNR|VEGFA|ADAM15|CLSTN3|BCL2L11|CLSTN1|IL17RB|RGMA|ISLR2|KAZALD1|PLXNA4|DCBLD2|DRAXIN,-0.30488598611856166,0,4,1,1,-3.4220606154339475,3.1736526946107784,
1,-3.280570966855151,GO:0001558,M1,1,0,GO Biological Processes,19,regulation of cell growth,19_GO:0040007 growth,-3.280570966855151,2.0556614044637995,3.7129549379532505,795,44,167,19,11.377245508982035,2.4571572537426394,94|684|780|952|4897|6422|6695|7143|7422|8751|9746|22883|55540|56963|57611|81621|91584|131566|374946,ACVRL1|BST2|DDR1|CD38|NRCAM|SFRP1|SPOCK1|TNR|VEGFA|ADAM15|CLSTN3|CLSTN1|IL17RB|RGMA|ISLR2|KAZALD1|PLXNA4|DCBLD2|DRAXIN,-0.28458496894135166,0,4,0,0,-3.4220606154339475,3.1736526946107784,
1,-3.1302667314998254,GO:0010975,M1,1,0,GO Biological Processes,19,regulation of neuron projection development,19_GO:0032502 developmental process,-3.1302667314998254,2.0099800399201593,3.594819435764176,795,45,167,19,11.377245508982035,2.4571572537426394,411|577|780|950|952|4897|4915|4916|5364|5365|6092|6376|6422|6695|7143|7422|56963|57611|374946,ARSB|ADGRB3|DDR1|SCARB2|CD38|NRCAM|NTRK2|NTRK3|PLXNB1|PLXNB3|ROBO2|CX3CL1|SFRP1|SPOCK1|TNR|VEGFA|RGMA|ISLR2|DRAXIN,-0.23558143383419858,0,4,0,0,-3.4220606154339475,3.1736526946107784,
1,-2.6095236721726827,GO:0031344,M1,1,0,GO Biological Processes,19,regulation of cell projection organization,19_GO:0050789 regulation of biological process,-2.6095236721726827,1.7851796407185627,3.140721946596521,795,56,167,21,12.574850299401197,2.5657324594002735,411|577|780|950|952|2660|4897|4915|4916|5364|5365|6092|6376|6422|6695|7143|7422|10253|56963|57611|374946,ARSB|ADGRB3|DDR1|SCARB2|CD38|MSTN|NRCAM|NTRK2|NTRK3|PLXNB1|PLXNB3|ROBO2|CX3CL1|SFRP1|SPOCK1|TNR|VEGFA|SPRY2|RGMA|ISLR2|DRAXIN,0.0,0,4,0,0,-3.4220606154339475,3.1736526946107784,
1,-2.47852400119518,GO:0050770,M1,1,0,GO Biological Processes,19,regulation of axonogenesis,19_GO:0032502 developmental process,-2.47852400119518,2.5202536104262063,3.2654224227032835,795,17,167,9,5.389221556886228,1.7473306359969503,4915|5364|5365|6092|7143|7422|56963|57611|374946,NTRK2|PLXNB1|PLXNB3|ROBO2|TNR|VEGFA|RGMA|ISLR2|DRAXIN,0.0,0,4,0,0,-3.4220606154339475,3.1736526946107784,
1,-2.422402382943949,GO:0050772,M1,1,0,GO Biological Processes,19,positive regulation of axonogenesis,19_GO:0032502 developmental process,-2.422402382943949,3.1736526946107784,3.379782870381731,795,9,167,6,3.592814371257485,1.4401703201408422,4915|5364|5365|6092|7422|57611,NTRK2|PLXNB1|PLXNB3|ROBO2|VEGFA|ISLR2,0.0,0,4,0,0,-3.4220606154339475,3.1736526946107784,
1,-2.3850962224841448,GO:0031346,M1,1,0,GO Biological Processes,19,positive regulation of cell projection organization,19_GO:0048518 positive regulation of biological process,-2.3850962224841448,2.062874251497006,3.0584434926360364,795,30,167,13,7.7844311377245505,2.0732770000097283,411|780|950|2660|4915|4916|5364|5365|6092|6376|7422|56963|57611,ARSB|DDR1|SCARB2|MSTN|NTRK2|NTRK3|PLXNB1|PLXNB3|ROBO2|CX3CL1|VEGFA|RGMA|ISLR2,0.0,0,4,0,0,-3.4220606154339475,3.1736526946107784,
1,-2.3203007702839615,GO:0120035,M1,1,0,GO Biological Processes,19,regulation of plasma membrane bounded cell projection organization,19_GO:0050789 regulation of biological process,-2.3203007702839615,1.7310832879695155,2.896149697818186,795,55,167,20,11.976047904191617,2.5124588559990073,411|577|780|950|952|2660|4897|4915|4916|5364|5365|6092|6376|6422|6695|7143|7422|56963|57611|374946,ARSB|ADGRB3|DDR1|SCARB2|CD38|MSTN|NRCAM|NTRK2|NTRK3|PLXNB1|PLXNB3|ROBO2|CX3CL1|SFRP1|SPOCK1|TNR|VEGFA|RGMA|ISLR2|DRAXIN,0.0,0,4,0,0,-3.4220606154339475,3.1736526946107784,
1,-2.311090896098375,GO:0061387,M1,1,0,GO Biological Processes,19,regulation of extent of cell growth,19_GO:0040007 growth,-2.311090896098375,2.776946107784431,3.196484945622676,795,12,167,7,4.191616766467066,1.5507232724902875,4897|7143|7422|56963|57611|91584|374946,NRCAM|TNR|VEGFA|RGMA|ISLR2|PLXNA4|DRAXIN,0.0,0,4,0,0,-3.4220606154339475,3.1736526946107784,
1,-2.0404811025604,GO:0048638,M1,1,0,GO Biological Processes,19,regulation of developmental growth,19_GO:0040007 growth,-2.0404811025604,1.9698533966549658,2.742075258525325,795,29,167,12,7.18562874251497,1.9983969830725652,1435|2263|2660|4880|4897|7143|7422|10018|56963|57611|91584|374946,CSF1|FGFR2|MSTN|NPPC|NRCAM|TNR|VEGFA|BCL2L11|RGMA|ISLR2|PLXNA4|DRAXIN,0.0,0,4,0,0,-3.4220606154339475,3.1736526946107784,
1,-3.1906417856530322,GO:0060560,M1,1,0,GO Biological Processes,19,developmental growth involved in morphogenesis,19_GO:0040007 growth,-3.1906417856530322,2.8002817893624514,3.8669077855506218,795,17,167,10,5.9880239520958085,1.8360103263096357,374|652|780|1435|2263|6422|7143|8828|9746|10253,AREG|BMP4|DDR1|CSF1|FGFR2|SFRP1|TNR|NRP2|CLSTN3|SPRY2,-0.23558143383419858,0,5,1,1,-3.1906417856530322,4.7604790419161676,
1,-2.2491411555051752,GO:0003401,M1,1,0,GO Biological Processes,19,axis elongation,19_GO:0040007 growth,-2.2491411555051752,3.4003421727972625,3.2873635218858936,795,7,167,5,2.9940119760479043,1.3187661850573555,374|652|2263|6422|10253,AREG|BMP4|FGFR2|SFRP1|SPRY2,0.0,0,5,0,0,-3.1906417856530322,4.7604790419161676,
1,-2.1023015583476523,GO:0003148,M1,1,0,GO Biological Processes,19,outflow tract septum morphogenesis,19_GO:0032502 developmental process,-2.1023015583476523,3.808383233532934,3.2465081167389482,795,5,167,4,2.395209580838323,1.1831752902049015,652|2263|6092|8828,BMP4|FGFR2|ROBO2|NRP2,0.0,0,5,0,0,-3.1906417856530322,4.7604790419161676,
1,-2.1023015583476523,GO:0009953,M1,1,0,GO Biological Processes,19,dorsal/ventral pattern formation,19_GO:0032502 developmental process,-2.1023015583476523,3.808383233532934,3.2465081167389482,795,5,167,4,2.395209580838323,1.1831752902049015,94|652|4681|6422,ACVRL1|BMP4|NBL1|SFRP1,0.0,0,5,0,0,-3.1906417856530322,4.7604790419161676,
1,-2.1023015583476523,GO:0060602,M1,1,0,GO Biological Processes,19,branch elongation of an epithelium,19_GO:0040007 growth,-2.1023015583476523,3.808383233532934,3.2465081167389482,795,5,167,4,2.395209580838323,1.1831752902049015,374|652|2263|10253,AREG|BMP4|FGFR2|SPRY2,0.0,0,5,0,0,-3.1906417856530322,4.7604790419161676,
1,-2.0933100478464968,GO:0048732,M1,1,0,GO Biological Processes,19,gland development,19_GO:0032502 developmental process,-2.0933100478464968,1.8309534776600644,2.742437762822391,795,39,167,15,8.982035928143713,2.2125480791148138,100|374|652|780|1392|1435|2263|3082|3321|5156|6422|6997|7039|7422|10018,ADA|AREG|BMP4|DDR1|CRH|CSF1|FGFR2|HGF|IGSF3|PDGFRA|SFRP1|CRIPTO|TGFA|VEGFA|BCL2L11,0.0,0,5,0,0,-3.1906417856530322,4.7604790419161676,
1,-2.069723421899936,GO:0030879,M1,1,0,GO Biological Processes,19,mammary gland development,19_GO:0032502 developmental process,-2.069723421899936,2.254963756697132,2.8534205743203467,795,19,167,9,5.389221556886228,1.7473306359969503,374|652|780|1435|2263|6997|7039|7422|10018,AREG|BMP4|DDR1|CSF1|FGFR2|CRIPTO|TGFA|VEGFA|BCL2L11,0.0,0,5,0,0,-3.1906417856530322,4.7604790419161676,
1,-2.069723421899936,GO:0045667,M1,1,0,GO Biological Processes,19,regulation of osteoblast differentiation,19_GO:0032502 developmental process,-2.069723421899936,2.254963756697132,2.8534205743203467,795,19,167,9,5.389221556886228,1.7473306359969503,374|652|2263|3082|4880|6422|7422|25805|64093,AREG|BMP4|FGFR2|HGF|NPPC|SFRP1|VEGFA|BAMBI|SMOC1,0.0,0,5,0,0,-3.1906417856530322,4.7604790419161676,
1,-2.039152314999975,GO:0060442,M1,1,0,GO Biological Processes,19,branching involved in prostate gland morphogenesis,19_GO:0022414 reproductive process,-2.039152314999975,4.7604790419161676,3.3630232831990288,795,3,167,3,1.7964071856287425,1.0277981808296512,652|2263|6422,BMP4|FGFR2|SFRP1,0.0,0,5,0,0,-3.1906417856530322,4.7604790419161676,
1,-2.039152314999975,GO:0060449,M1,1,0,GO Biological Processes,19,bud elongation involved in lung branching,19_GO:0040007 growth,-2.039152314999975,4.7604790419161676,3.3630232831990288,795,3,167,3,1.7964071856287425,1.0277981808296512,652|2263|10253,BMP4|FGFR2|SPRY2,0.0,0,5,0,0,-3.1906417856530322,4.7604790419161676,
1,-2.039152314999975,GO:0060512,M1,1,0,GO Biological Processes,19,prostate gland morphogenesis,19_GO:0022414 reproductive process,-2.039152314999975,4.7604790419161676,3.3630232831990288,795,3,167,3,1.7964071856287425,1.0277981808296512,652|2263|6422,BMP4|FGFR2|SFRP1,0.0,0,5,0,0,-3.1906417856530322,4.7604790419161676,
1,-2.039152314999975,GO:0060740,M1,1,0,GO Biological Processes,19,prostate gland epithelium morphogenesis,19_GO:0022414 reproductive process,-2.039152314999975,4.7604790419161676,3.3630232831990288,795,3,167,3,1.7964071856287425,1.0277981808296512,652|2263|6422,BMP4|FGFR2|SFRP1,0.0,0,5,0,0,-3.1906417856530322,4.7604790419161676,
1,-3.0773031789272385,GO:0098609,M1,1,0,GO Biological Processes,19,cell-cell adhesion,19_GO:0009987 cellular process,-3.0773031789272385,1.7043690396983813,3.4473257781806863,795,81,167,29,17.365269461077844,2.9313240786721693,945|1004|1013|1525|2650|4345|4897|5156|5365|5817|6092|6376|6614|7143|7422|9746|22883|27253|50512|53942|56253|57863|58494|84063|84631|91179|131450|283659|347902,CD33|CDH6|CDH15|CXADR|GCNT1|CD200|NRCAM|PDGFRA|PLXNB3|PVR|ROBO2|CX3CL1|SIGLEC1|TNR|VEGFA|CLSTN3|CLSTN1|PCDH17|PODXL2|CNTN5|CRTAM|CADM3|JAM2|KIRREL2|SLITRK2|SCARF2|CD200R1|PRTG|AMIGO2,-0.2274452166916771,0,6,1,1,-3.0773031789272385,2.019597169297768,
1,-2.4332737455828086,GO:0098742,M1,1,0,GO Biological Processes,19,cell-cell adhesion via plasma-membrane adhesion molecules,19_GO:0009987 cellular process,-2.4332737455828086,2.019597169297768,3.083165021413924,795,33,167,14,8.383233532934131,2.1445443227524374,1004|1013|1525|5365|5817|6092|9746|22883|27253|56253|57863|84631|91179|347902,CDH6|CDH15|CXADR|PLXNB3|PVR|ROBO2|CLSTN3|CLSTN1|PCDH17|CRTAM|CADM3|SLITRK2|SCARF2|AMIGO2,0.0,0,6,0,0,-3.0773031789272385,2.019597169297768,
1,-2.7983981706608385,GO:0001764,M1,1,0,GO Biological Processes,19,neuron migration,19_GO:0032502 developmental process,-2.7983981706608385,2.929525564256103,3.614993339419152,795,13,167,8,4.790419161676646,1.652604187740054,2676|4897|4915|6695|7422|8828|92737|266727,GFRA3|NRCAM|NTRK2|SPOCK1|VEGFA|NRP2|DNER|MDGA1,0.0,0,7,1,1,-2.7983981706608385,2.929525564256103,
1,-2.7230336485414983,GO:0050805,M1,1,0,GO Biological Processes,19,negative regulation of synaptic transmission,19_GO:0048519 negative regulation of biological process,-2.7230336485414983,4.7604790419161676,3.885738688382702,795,4,167,4,2.395209580838323,1.1831752902049015,952|7143|27253|57537,CD38|TNR|PCDH17|SORCS2,0.0,0,8,1,1,-2.7230336485414983,4.7604790419161676,
1,-2.5155096174627305,GO:0048167,M1,1,0,GO Biological Processes,19,regulation of synaptic plasticity,19_GO:0050789 regulation of biological process,-2.5155096174627305,2.72027373823781,3.3467611985867625,795,14,167,8,4.790419161676646,1.652604187740054,952|1392|2149|4311|4915|6376|7143|57537,CD38|CRH|F2R|MME|NTRK2|CX3CL1|TNR|SORCS2,0.0,0,8,0,0,-2.7230336485414983,4.7604790419161676,
1,-2.106981918148178,GO:0050806,M1,1,0,GO Biological Processes,19,positive regulation of synaptic transmission,19_GO:0048518 positive regulation of biological process,-2.106981918148178,2.8562874251497004,3.0443813952870165,795,10,167,6,3.592814371257485,1.4401703201408422,1392|4311|4915|7143|9746|22883,CRH|MME|NTRK2|TNR|CLSTN3|CLSTN1,0.0,0,8,0,0,-2.7230336485414983,4.7604790419161676,
1,-2.039152314999975,GO:0060291,M1,1,0,GO Biological Processes,19,long-term synaptic potentiation,19_GO:0048518 positive regulation of biological process,-2.039152314999975,4.7604790419161676,3.3630232831990288,795,3,167,3,1.7964071856287425,1.0277981808296512,1392|4915|7143,CRH|NTRK2|TNR,0.0,0,8,0,0,-2.7230336485414983,4.7604790419161676,
1,-2.5545965098210344,GO:0007167,M1,1,0,GO Biological Processes,19,enzyme-linked receptor protein signaling pathway,19_GO:0050896 response to stimulus,-2.5545965098210344,1.5033091711314215,2.992281025546779,795,114,167,36,21.55688622754491,3.182088041672189,94|374|652|780|925|1282|1435|1438|1945|2051|2250|2263|2660|2674|2675|2676|3082|3977|4054|4880|4915|4916|5156|6422|6997|7039|7422|8828|9965|10253|23768|25805|55997|56963|284656|285704,ACVRL1|AREG|BMP4|DDR1|CD8A|COL4A1|CSF1|CSF2RA|EFNA4|EPHB6|FGF5|FGFR2|MSTN|GFRA1|GFRA2|GFRA3|HGF|LIFR|LTBP3|NPPC|NTRK2|NTRK3|PDGFRA|SFRP1|CRIPTO|TGFA|VEGFA|NRP2|FGF19|SPRY2|FLRT2|BAMBI|CFC1|RGMA|EPHA10|RGMB,0.0,0,9,1,1,-2.5545965098210344,1.5033091711314215,
1,-2.2491411555051752,GO:0006643,M1,1,0,GO Biological Processes,19,membrane lipid metabolic process,19_GO:0009987 cellular process,-2.2491411555051752,3.4003421727972625,3.2873635218858936,795,7,167,5,2.9940119760479043,1.3187661850573555,2720|6482|6609|27163|56624,GLB1|ST3GAL1|SMPD1|NAAA|ASAH2,0.0,0,10,1,1,-2.2491411555051752,4.7604790419161676,
1,-2.2491411555051752,GO:0006665,M1,1,0,GO Biological Processes,19,sphingolipid metabolic process,19_GO:0009987 cellular process,-2.2491411555051752,3.4003421727972625,3.2873635218858936,795,7,167,5,2.9940119760479043,1.3187661850573555,2720|6482|6609|27163|56624,GLB1|ST3GAL1|SMPD1|NAAA|ASAH2,0.0,0,10,0,0,-2.2491411555051752,4.7604790419161676,
1,-2.1023015583476523,GO:0006672,M1,1,0,GO Biological Processes,19,ceramide metabolic process,19_GO:0009987 cellular process,-2.1023015583476523,3.808383233532934,3.2465081167389482,795,5,167,4,2.395209580838323,1.1831752902049015,2720|6482|6609|56624,GLB1|ST3GAL1|SMPD1|ASAH2,0.0,0,10,0,0,-2.2491411555051752,4.7604790419161676,
1,-2.039152314999975,GO:0030148,M1,1,0,GO Biological Processes,19,sphingolipid biosynthetic process,19_GO:0009987 cellular process,-2.039152314999975,4.7604790419161676,3.3630232831990288,795,3,167,3,1.7964071856287425,1.0277981808296512,6482|6609|56624,ST3GAL1|SMPD1|ASAH2,0.0,0,10,0,0,-2.2491411555051752,4.7604790419161676,
1,-2.039152314999975,GO:0046467,M1,1,0,GO Biological Processes,19,membrane lipid biosynthetic process,19_GO:0009987 cellular process,-2.039152314999975,4.7604790419161676,3.3630232831990288,795,3,167,3,1.7964071856287425,1.0277981808296512,6482|6609|56624,ST3GAL1|SMPD1|ASAH2,0.0,0,10,0,0,-2.2491411555051752,4.7604790419161676,
1,-2.039152314999975,GO:0046513,M1,1,0,GO Biological Processes,19,ceramide biosynthetic process,19_GO:0009987 cellular process,-2.039152314999975,4.7604790419161676,3.3630232831990288,795,3,167,3,1.7964071856287425,1.0277981808296512,6482|6609|56624,ST3GAL1|SMPD1|ASAH2,0.0,0,10,0,0,-2.2491411555051752,4.7604790419161676,
1,-2.106981918148178,GO:0009101,M1,1,0,GO Biological Processes,19,glycoprotein biosynthetic process,19_GO:0009987 cellular process,-2.106981918148178,2.8562874251497004,3.0443813952870165,795,10,167,6,3.592814371257485,1.4401703201408422,2590|2650|6482|9394|9953|55568,GALNT2|GCNT1|ST3GAL1|HS6ST1|HS3ST3B1|GALNT10,0.0,0,11,1,1,-2.106981918148178,3.808383233532934,
1,-2.1023015583476523,GO:0006493,M1,1,0,GO Biological Processes,19,protein O-linked glycosylation,19_GO:0009987 cellular process,-2.1023015583476523,3.808383233532934,3.2465081167389482,795,5,167,4,2.395209580838323,1.1831752902049015,2590|2650|6482|55568,GALNT2|GCNT1|ST3GAL1|GALNT10,0.0,0,11,0,0,-2.106981918148178,3.808383233532934,
1,-2.1023015583476523,GO:0016266,M1,1,0,GO Biological Processes,19,O-glycan processing,19_GO:0009987 cellular process,-2.1023015583476523,3.808383233532934,3.2465081167389482,795,5,167,4,2.395209580838323,1.1831752902049015,2590|2650|6482|55568,GALNT2|GCNT1|ST3GAL1|GALNT10,0.0,0,11,0,0,-2.106981918148178,3.808383233532934,
1,-2.1023015583476523,GO:0055007,M1,1,0,GO Biological Processes,19,cardiac muscle cell differentiation,19_GO:0032502 developmental process,-2.1023015583476523,3.808383233532934,3.2465081167389482,795,5,167,4,2.395209580838323,1.1831752902049015,652|1525|5156|7422,BMP4|CXADR|PDGFRA|VEGFA,0.0,0,12,1,1,-2.1023015583476523,4.7604790419161676,
1,-2.039152314999975,GO:0010719,M1,1,0,GO Biological Processes,19,negative regulation of epithelial to mesenchymal transition,19_GO:0032502 developmental process,-2.039152314999975,4.7604790419161676,3.3630232831990288,795,3,167,3,1.7964071856287425,1.0277981808296512,6422|7422|10253,SFRP1|VEGFA|SPRY2,0.0,0,12,0,0,-2.1023015583476523,4.7604790419161676,
1,-2.039152314999975,GO:0030224,M1,1,0,GO Biological Processes,19,monocyte differentiation,19_GO:0032502 developmental process,-2.039152314999975,4.7604790419161676,3.3630232831990288,795,3,167,3,1.7964071856287425,1.0277981808296512,652|1435|7422,BMP4|CSF1|VEGFA,0.0,0,12,0,0,-2.1023015583476523,4.7604790419161676,
1,-2.039152314999975,GO:0055006,M1,1,0,GO Biological Processes,19,cardiac cell development,19_GO:0032502 developmental process,-2.039152314999975,4.7604790419161676,3.3630232831990288,795,3,167,3,1.7964071856287425,1.0277981808296512,1525|5156|7422,CXADR|PDGFRA|VEGFA,0.0,0,12,0,0,-2.1023015583476523,4.7604790419161676,
1,-2.039152314999975,GO:0055013,M1,1,0,GO Biological Processes,19,cardiac muscle cell development,19_GO:0032502 developmental process,-2.039152314999975,4.7604790419161676,3.3630232831990288,795,3,167,3,1.7964071856287425,1.0277981808296512,1525|5156|7422,CXADR|PDGFRA|VEGFA,0.0,0,12,0,0,-2.1023015583476523,4.7604790419161676,
1,-2.039152314999975,GO:1900748,M1,1,0,GO Biological Processes,19,positive regulation of vascular endothelial growth factor signaling pathway,19_GO:0048518 positive regulation of biological process,-2.039152314999975,4.7604790419161676,3.3630232831990288,795,3,167,3,1.7964071856287425,1.0277981808296512,7422|9289|64094,VEGFA|ADGRG1|SMOC2,0.0,0,12,0,0,-2.1023015583476523,4.7604790419161676,
1,-2.1023015583476523,GO:0021536,M1,1,0,GO Biological Processes,19,diencephalon development,19_GO:0032502 developmental process,-2.1023015583476523,3.808383233532934,3.2465081167389482,795,5,167,4,2.395209580838323,1.1831752902049015,652|1392|8828|26047,BMP4|CRH|NRP2|CNTNAP2,0.0,0,13,1,1,-2.1023015583476523,3.808383233532934,
1,-2.1023015583476523,GO:0008038,M1,1,0,GO Biological Processes,19,neuron recognition,19_GO:0032502 developmental process,-2.1023015583476523,3.808383233532934,3.2465081167389482,795,5,167,4,2.395209580838323,1.1831752902049015,4897|6092|26047|27242,NRCAM|ROBO2|CNTNAP2|TNFRSF21,0.0,0,14,1,1,-2.1023015583476523,4.7604790419161676,
1,-2.039152314999975,GO:0031290,M1,1,0,GO Biological Processes,19,retinal ganglion cell axon guidance,19_GO:0032502 developmental process,-2.039152314999975,4.7604790419161676,3.3630232831990288,795,3,167,3,1.7964071856287425,1.0277981808296512,4897|6092|7422,NRCAM|ROBO2|VEGFA,0.0,0,14,0,0,-2.1023015583476523,4.7604790419161676,
1,-2.0404811025604,GO:0030198,M1,1,0,GO Biological Processes,19,extracellular matrix organization,19_GO:0009987 cellular process,-2.0404811025604,1.9698533966549658,2.742075258525325,795,29,167,12,7.18562874251497,1.9983969830725652,333|1282|1520|4148|4312|5156|7143|8751|23768|64093|64094|81621,APLP1|COL4A1|CTSS|MATN3|MMP1|PDGFRA|TNR|ADAM15|FLRT2|SMOC1|SMOC2|KAZALD1,0.0,0,15,1,1,-2.0404811025604,4.7604790419161676,
1,-2.0404811025604,GO:0043062,M1,1,0,GO Biological Processes,19,extracellular structure organization,19_GO:0009987 cellular process,-2.0404811025604,1.9698533966549658,2.742075258525325,795,29,167,12,7.18562874251497,1.9983969830725652,333|1282|1520|4148|4312|5156|7143|8751|23768|64093|64094|81621,APLP1|COL4A1|CTSS|MATN3|MMP1|PDGFRA|TNR|ADAM15|FLRT2|SMOC1|SMOC2|KAZALD1,0.0,0,15,0,0,-2.0404811025604,4.7604790419161676,
1,-2.0404811025604,GO:0045229,M1,1,0,GO Biological Processes,19,external encapsulating structure organization,19_GO:0009987 cellular process,-2.0404811025604,1.9698533966549658,2.742075258525325,795,29,167,12,7.18562874251497,1.9983969830725652,333|1282|1520|4148|4312|5156|7143|8751|23768|64093|64094|81621,APLP1|COL4A1|CTSS|MATN3|MMP1|PDGFRA|TNR|ADAM15|FLRT2|SMOC1|SMOC2|KAZALD1,0.0,0,15,0,0,-2.0404811025604,4.7604790419161676,
1,-2.039152314999975,GO:0071711,M1,1,0,GO Biological Processes,19,basement membrane organization,19_GO:0009987 cellular process,-2.039152314999975,4.7604790419161676,3.3630232831990288,795,3,167,3,1.7964071856287425,1.0277981808296512,1282|1520|23768,COL4A1|CTSS|FLRT2,0.0,0,15,0,0,-2.0404811025604,4.7604790419161676,
1,-2.039152314999975,GO:0099560,M1,1,0,GO Biological Processes,19,synaptic membrane adhesion,19_GO:0009987 cellular process,-2.039152314999975,4.7604790419161676,3.3630232831990288,795,3,167,3,1.7964071856287425,1.0277981808296512,1004|27253|84631,CDH6|PCDH17|SLITRK2,0.0,0,16,1,1,-2.039152314999975,4.7604790419161676,
