Category,CategoryID,GO,Description,PARENT_GO,LogP,Enrichment,Z-score,#TotalGeneInLibrary,#GeneInGO,#GeneInHitList,#GeneInGOAndHitList,%InGO,STDV %InGO,GeneID,Hits,Log(q-value),GeneList
GO Biological Processes,19,GO:0051960,regulation of nervous system development,19_GO:0032502 developmental process,-4.6,2.2,4.6,795,52,167,24,14,2.7,577|1075|4311|4915|5364|5365|6092|6376|7143|7422|9746|22883|22933|23768|27242|56963|57611|57633|58494|84189|84631|283659|347902|374946,ADGRB3|CTSC|MME|NTRK2|PLXNB1|PLXNB3|ROBO2|CX3CL1|TNR|VEGFA|CLSTN3|CLSTN1|SIRT2|FLRT2|TNFRSF21|RGMA|ISLR2|LRRN1|JAM2|SLITRK6|SLITRK2|PRTG|AMIGO2|DRAXIN,-0.85,Protein
GO Biological Processes,19,GO:0048812,neuron projection morphogenesis,19_GO:0032502 developmental process,-4.4,2.2,4.5,795,50,167,23,14,2.7,333|780|1945|2051|2263|2676|4681|4897|5364|6092|7143|7422|8633|8828|9746|23768|26047|53942|84189|84631|91584|284656|374946,APLP1|DDR1|EFNA4|EPHB6|FGFR2|GFRA3|NBL1|NRCAM|PLXNB1|ROBO2|TNR|VEGFA|UNC5C|NRP2|CLSTN3|FLRT2|CNTNAP2|CNTN5|SLITRK6|SLITRK2|PLXNA4|EPHA10|DRAXIN,-0.85,Protein
GO Biological Processes,19,GO:0120039,plasma membrane bounded cell projection morphogenesis,19_GO:0032502 developmental process,-4.4,2.2,4.5,795,50,167,23,14,2.7,333|780|1945|2051|2263|2676|4681|4897|5364|6092|7143|7422|8633|8828|9746|23768|26047|53942|84189|84631|91584|284656|374946,APLP1|DDR1|EFNA4|EPHB6|FGFR2|GFRA3|NBL1|NRCAM|PLXNB1|ROBO2|TNR|VEGFA|UNC5C|NRP2|CLSTN3|FLRT2|CNTNAP2|CNTN5|SLITRK6|SLITRK2|PLXNA4|EPHA10|DRAXIN,-0.85,Protein
GO Biological Processes,19,GO:0031175,neuron projection development,19_GO:0032502 developmental process,-4.4,2,4.4,795,70,167,29,17,2.9,333|374|780|1945|2051|2263|2674|2676|4681|4897|5364|6092|7143|7422|7873|8633|8828|9746|23768|26047|27242|53942|56963|84189|84631|91584|284656|374946|441549,APLP1|AREG|DDR1|EFNA4|EPHB6|FGFR2|GFRA1|GFRA3|NBL1|NRCAM|PLXNB1|ROBO2|TNR|VEGFA|MANF|UNC5C|NRP2|CLSTN3|FLRT2|CNTNAP2|TNFRSF21|CNTN5|RGMA|SLITRK6|SLITRK2|PLXNA4|EPHA10|DRAXIN|CDNF,-0.85,Protein
GO Biological Processes,19,GO:0048858,cell projection morphogenesis,19_GO:0032502 developmental process,-4.3,2.1,4.4,795,51,167,23,14,2.7,333|780|1945|2051|2263|2676|4681|4897|5364|6092|7143|7422|8633|8828|9746|23768|26047|53942|84189|84631|91584|284656|374946,APLP1|DDR1|EFNA4|EPHB6|FGFR2|GFRA3|NBL1|NRCAM|PLXNB1|ROBO2|TNR|VEGFA|UNC5C|NRP2|CLSTN3|FLRT2|CNTNAP2|CNTN5|SLITRK6|SLITRK2|PLXNA4|EPHA10|DRAXIN,-0.79,Protein
GO Biological Processes,19,GO:0051965,positive regulation of synapse assembly,19_GO:0032502 developmental process,-4.1,3.6,4.6,795,12,167,9,5.4,1.7,577|4915|9746|22883|23768|57633|84189|84631|347902,ADGRB3|NTRK2|CLSTN3|CLSTN1|FLRT2|LRRN1|SLITRK6|SLITRK2|AMIGO2,-0.7,Protein
GO Biological Processes,19,GO:0061564,axon development,19_GO:0032502 developmental process,-4,2.2,4.2,795,43,167,20,12,2.5,333|780|1945|2051|2263|2676|4897|6092|7143|7422|8633|8828|23768|27242|53942|84189|84631|91584|284656|374946,APLP1|DDR1|EFNA4|EPHB6|FGFR2|GFRA3|NRCAM|ROBO2|TNR|VEGFA|UNC5C|NRP2|FLRT2|TNFRSF21|CNTN5|SLITRK6|SLITRK2|PLXNA4|EPHA10|DRAXIN,-0.66,Protein
GO Biological Processes,19,GO:0050808,synapse organization,19_GO:0009987 cellular process,-3.6,2.2,4,795,42,167,19,11,2.5,577|1004|1282|2149|4897|5364|5365|6376|7143|9746|26470|27253|53942|63827|84189|84631|91584|92737|266727,ADGRB3|CDH6|COL4A1|F2R|NRCAM|PLXNB1|PLXNB3|CX3CL1|TNR|CLSTN3|SEZ6L2|PCDH17|CNTN5|BCAN|SLITRK6|SLITRK2|PLXNA4|DNER|MDGA1,-0.35,Protein
GO Biological Processes,19,GO:0007409,axonogenesis,19_GO:0032502 developmental process,-3.6,2.2,4,795,39,167,18,11,2.4,333|1945|2051|2263|2676|4897|6092|7143|7422|8633|8828|23768|53942|84189|84631|91584|284656|374946,APLP1|EFNA4|EPHB6|FGFR2|GFRA3|NRCAM|ROBO2|TNR|VEGFA|UNC5C|NRP2|FLRT2|CNTN5|SLITRK6|SLITRK2|PLXNA4|EPHA10|DRAXIN,-0.35,Protein
GO Biological Processes,19,GO:0007416,synapse assembly,19_GO:0032502 developmental process,-3.5,3,4.1,795,16,167,10,6,1.8,4897|5364|5365|9746|27253|53942|84189|91584|92737|266727,NRCAM|PLXNB1|PLXNB3|CLSTN3|PCDH17|CNTN5|SLITRK6|PLXNA4|DNER|MDGA1,-0.32,Protein
GO Biological Processes,19,GO:0040008,regulation of growth,19_GO:0040007 growth,-3.4,1.9,3.8,795,60,167,24,14,2.7,94|684|780|952|1435|2263|2660|4880|4897|6422|6695|7143|7422|8751|9746|10018|22883|55540|56963|57611|81621|91584|131566|374946,ACVRL1|BST2|DDR1|CD38|CSF1|FGFR2|MSTN|NPPC|NRCAM|SFRP1|SPOCK1|TNR|VEGFA|ADAM15|CLSTN3|BCL2L11|CLSTN1|IL17RB|RGMA|ISLR2|KAZALD1|PLXNA4|DCBLD2|DRAXIN,-0.3,Protein
GO Biological Processes,19,GO:0048667,cell morphogenesis involved in neuron differentiation,19_GO:0032502 developmental process,-3.4,2.1,3.8,795,40,167,18,11,2.4,333|1945|2051|2263|2676|4897|6092|7143|7422|8633|8828|23768|53942|84189|84631|91584|284656|374946,APLP1|EFNA4|EPHB6|FGFR2|GFRA3|NRCAM|ROBO2|TNR|VEGFA|UNC5C|NRP2|FLRT2|CNTN5|SLITRK6|SLITRK2|PLXNA4|EPHA10|DRAXIN,-0.3,Protein
GO Biological Processes,19,GO:0051962,positive regulation of nervous system development,19_GO:0032502 developmental process,-3.3,2.2,3.8,795,34,167,16,9.6,2.3,577|4311|4915|5364|5365|6092|6376|7422|9746|22883|23768|57611|57633|84189|84631|347902,ADGRB3|MME|NTRK2|PLXNB1|PLXNB3|ROBO2|CX3CL1|VEGFA|CLSTN3|CLSTN1|FLRT2|ISLR2|LRRN1|SLITRK6|SLITRK2|AMIGO2,-0.28,Protein
GO Biological Processes,19,GO:0000902,cell morphogenesis,19_GO:0032502 developmental process,-3.3,1.8,3.6,795,68,167,26,16,2.8,333|780|1004|1013|1945|2051|2263|2676|3082|4681|4897|5364|6092|7143|7422|8633|8828|9746|23768|26047|53942|84189|84631|91584|284656|374946,APLP1|DDR1|CDH6|CDH15|EFNA4|EPHB6|FGFR2|GFRA3|HGF|NBL1|NRCAM|PLXNB1|ROBO2|TNR|VEGFA|UNC5C|NRP2|CLSTN3|FLRT2|CNTNAP2|CNTN5|SLITRK6|SLITRK2|PLXNA4|EPHA10|DRAXIN,-0.28,Protein
GO Biological Processes,19,GO:0001558,regulation of cell growth,19_GO:0040007 growth,-3.3,2.1,3.7,795,44,167,19,11,2.5,94|684|780|952|4897|6422|6695|7143|7422|8751|9746|22883|55540|56963|57611|81621|91584|131566|374946,ACVRL1|BST2|DDR1|CD38|NRCAM|SFRP1|SPOCK1|TNR|VEGFA|ADAM15|CLSTN3|CLSTN1|IL17RB|RGMA|ISLR2|KAZALD1|PLXNA4|DCBLD2|DRAXIN,-0.28,Protein
GO Biological Processes,19,GO:0060560,developmental growth involved in morphogenesis,19_GO:0040007 growth,-3.2,2.8,3.9,795,17,167,10,6,1.8,374|652|780|1435|2263|6422|7143|8828|9746|10253,AREG|BMP4|DDR1|CSF1|FGFR2|SFRP1|TNR|NRP2|CLSTN3|SPRY2,-0.24,Protein
GO Biological Processes,19,GO:0010975,regulation of neuron projection development,19_GO:0032502 developmental process,-3.1,2,3.6,795,45,167,19,11,2.5,411|577|780|950|952|4897|4915|4916|5364|5365|6092|6376|6422|6695|7143|7422|56963|57611|374946,ARSB|ADGRB3|DDR1|SCARB2|CD38|NRCAM|NTRK2|NTRK3|PLXNB1|PLXNB3|ROBO2|CX3CL1|SFRP1|SPOCK1|TNR|VEGFA|RGMA|ISLR2|DRAXIN,-0.24,Protein
GO Biological Processes,19,GO:0051963,regulation of synapse assembly,19_GO:0032502 developmental process,-3.1,2.6,3.8,795,20,167,11,6.6,1.9,577|4915|6092|9746|22883|23768|57633|84189|84631|266727|347902,ADGRB3|NTRK2|ROBO2|CLSTN3|CLSTN1|FLRT2|LRRN1|SLITRK6|SLITRK2|MDGA1|AMIGO2,-0.24,Protein
GO Biological Processes,19,GO:0097485,neuron projection guidance,19_GO:0032502 developmental process,-3.1,2.3,3.7,795,29,167,14,8.4,2.1,1945|2051|2676|4897|6092|7143|7422|8633|8828|23768|53942|91584|284656|374946,EFNA4|EPHB6|GFRA3|NRCAM|ROBO2|TNR|VEGFA|UNC5C|NRP2|FLRT2|CNTN5|PLXNA4|EPHA10|DRAXIN,-0.24,Protein
GO Biological Processes,19,GO:0007411,axon guidance,19_GO:0032502 developmental process,-3.1,2.3,3.7,795,29,167,14,8.4,2.1,1945|2051|2676|4897|6092|7143|7422|8633|8828|23768|53942|91584|284656|374946,EFNA4|EPHB6|GFRA3|NRCAM|ROBO2|TNR|VEGFA|UNC5C|NRP2|FLRT2|CNTN5|PLXNA4|EPHA10|DRAXIN,-0.24,Protein
GO Biological Processes,19,GO:0098609,cell-cell adhesion,19_GO:0009987 cellular process,-3.1,1.7,3.4,795,81,167,29,17,2.9,945|1004|1013|1525|2650|4345|4897|5156|5365|5817|6092|6376|6614|7143|7422|9746|22883|27253|50512|53942|56253|57863|58494|84063|84631|91179|131450|283659|347902,CD33|CDH6|CDH15|CXADR|GCNT1|CD200|NRCAM|PDGFRA|PLXNB3|PVR|ROBO2|CX3CL1|SIGLEC1|TNR|VEGFA|CLSTN3|CLSTN1|PCDH17|PODXL2|CNTN5|CRTAM|CADM3|JAM2|KIRREL2|SLITRK2|SCARF2|CD200R1|PRTG|AMIGO2,-0.23,Protein
GO Biological Processes,19,GO:0034330,cell junction organization,19_GO:0009987 cellular process,-3,1.9,3.4,795,53,167,21,13,2.6,577|1004|1013|1282|1525|2149|4897|5364|5365|6376|7143|9746|26470|27253|53942|63827|84189|84631|91584|92737|266727,ADGRB3|CDH6|CDH15|COL4A1|CXADR|F2R|NRCAM|PLXNB1|PLXNB3|CX3CL1|TNR|CLSTN3|SEZ6L2|PCDH17|CNTN5|BCAN|SLITRK6|SLITRK2|PLXNA4|DNER|MDGA1,-0.14,Protein
GO Biological Processes,19,GO:0001764,neuron migration,19_GO:0032502 developmental process,-2.8,2.9,3.6,795,13,167,8,4.8,1.7,2676|4897|4915|6695|7422|8828|92737|266727,GFRA3|NRCAM|NTRK2|SPOCK1|VEGFA|NRP2|DNER|MDGA1,0,Protein
GO Biological Processes,19,GO:0050805,negative regulation of synaptic transmission,19_GO:0048519 negative regulation of biological process,-2.7,4.8,3.9,795,4,167,4,2.4,1.2,952|7143|27253|57537,CD38|TNR|PCDH17|SORCS2,0,Protein
GO Biological Processes,19,GO:1901890,positive regulation of cell junction assembly,19_GO:0048518 positive regulation of biological process,-2.7,2.2,3.4,795,28,167,13,7.8,2.1,94|577|4915|6422|7422|9746|22883|23768|26047|57633|84189|84631|347902,ACVRL1|ADGRB3|NTRK2|SFRP1|VEGFA|CLSTN3|CLSTN1|FLRT2|CNTNAP2|LRRN1|SLITRK6|SLITRK2|AMIGO2,0,Protein
GO Biological Processes,19,GO:0034329,cell junction assembly,19_GO:0009987 cellular process,-2.7,2.3,3.4,795,25,167,12,7.2,2,1004|1013|4897|5364|5365|9746|27253|53942|84189|91584|92737|266727,CDH6|CDH15|NRCAM|PLXNB1|PLXNB3|CLSTN3|PCDH17|CNTN5|SLITRK6|PLXNA4|DNER|MDGA1,0,Protein
GO Biological Processes,19,GO:0007420,brain development,19_GO:0032502 developmental process,-2.7,1.8,3.2,795,52,167,20,12,2.5,333|652|1282|1392|2263|4897|4915|6092|7143|8633|8828|9289|22933|26047|53942|63827|91584|266727|347902|374946,APLP1|BMP4|COL4A1|CRH|FGFR2|NRCAM|NTRK2|ROBO2|TNR|UNC5C|NRP2|ADGRG1|SIRT2|CNTNAP2|CNTN5|BCAN|PLXNA4|MDGA1|AMIGO2|DRAXIN,0,Protein
GO Biological Processes,19,GO:0060322,head development,19_GO:0032502 developmental process,-2.6,1.8,3.1,795,56,167,21,13,2.6,333|652|1282|1392|2263|4897|4915|5156|6092|7143|8633|8828|9289|22933|26047|53942|63827|91584|266727|347902|374946,APLP1|BMP4|COL4A1|CRH|FGFR2|NRCAM|NTRK2|PDGFRA|ROBO2|TNR|UNC5C|NRP2|ADGRG1|SIRT2|CNTNAP2|CNTN5|BCAN|PLXNA4|MDGA1|AMIGO2|DRAXIN,0,Protein
GO Biological Processes,19,GO:0031344,regulation of cell projection organization,19_GO:0050789 regulation of biological process,-2.6,1.8,3.1,795,56,167,21,13,2.6,411|577|780|950|952|2660|4897|4915|4916|5364|5365|6092|6376|6422|6695|7143|7422|10253|56963|57611|374946,ARSB|ADGRB3|DDR1|SCARB2|CD38|MSTN|NRCAM|NTRK2|NTRK3|PLXNB1|PLXNB3|ROBO2|CX3CL1|SFRP1|SPOCK1|TNR|VEGFA|SPRY2|RGMA|ISLR2|DRAXIN,0,Protein
GO Biological Processes,19,GO:0030900,forebrain development,19_GO:0032502 developmental process,-2.6,2.1,3.2,795,32,167,14,8.4,2.1,333|652|1392|2263|4915|6092|7143|8828|9289|26047|63827|91584|266727|374946,APLP1|BMP4|CRH|FGFR2|NTRK2|ROBO2|TNR|NRP2|ADGRG1|CNTNAP2|BCAN|PLXNA4|MDGA1|DRAXIN,0,Protein
GO Biological Processes,19,GO:0007167,enzyme-linked receptor protein signaling pathway,19_GO:0050896 response to stimulus,-2.6,1.5,3,795,114,167,36,22,3.2,94|374|652|780|925|1282|1435|1438|1945|2051|2250|2263|2660|2674|2675|2676|3082|3977|4054|4880|4915|4916|5156|6422|6997|7039|7422|8828|9965|10253|23768|25805|55997|56963|284656|285704,ACVRL1|AREG|BMP4|DDR1|CD8A|COL4A1|CSF1|CSF2RA|EFNA4|EPHB6|FGF5|FGFR2|MSTN|GFRA1|GFRA2|GFRA3|HGF|LIFR|LTBP3|NPPC|NTRK2|NTRK3|PDGFRA|SFRP1|CRIPTO|TGFA|VEGFA|NRP2|FGF19|SPRY2|FLRT2|BAMBI|CFC1|RGMA|EPHA10|RGMB,0,Protein
GO Biological Processes,19,GO:0048167,regulation of synaptic plasticity,19_GO:0050789 regulation of biological process,-2.5,2.7,3.3,795,14,167,8,4.8,1.7,952|1392|2149|4311|4915|6376|7143|57537,CD38|CRH|F2R|MME|NTRK2|CX3CL1|TNR|SORCS2,0,Protein
GO Biological Processes,19,GO:0050770,regulation of axonogenesis,19_GO:0032502 developmental process,-2.5,2.5,3.3,795,17,167,9,5.4,1.7,4915|5364|5365|6092|7143|7422|56963|57611|374946,NTRK2|PLXNB1|PLXNB3|ROBO2|TNR|VEGFA|RGMA|ISLR2|DRAXIN,0,Protein
GO Biological Processes,19,GO:0098742,cell-cell adhesion via plasma-membrane adhesion molecules,19_GO:0009987 cellular process,-2.4,2,3.1,795,33,167,14,8.4,2.1,1004|1013|1525|5365|5817|6092|9746|22883|27253|56253|57863|84631|91179|347902,CDH6|CDH15|CXADR|PLXNB3|PVR|ROBO2|CLSTN3|CLSTN1|PCDH17|CRTAM|CADM3|SLITRK2|SCARF2|AMIGO2,0,Protein
GO Biological Processes,19,GO:0050772,positive regulation of axonogenesis,19_GO:0032502 developmental process,-2.4,3.2,3.4,795,9,167,6,3.6,1.4,4915|5364|5365|6092|7422|57611,NTRK2|PLXNB1|PLXNB3|ROBO2|VEGFA|ISLR2,0,Protein
GO Biological Processes,19,GO:0031346,positive regulation of cell projection organization,19_GO:0048518 positive regulation of biological process,-2.4,2.1,3.1,795,30,167,13,7.8,2.1,411|780|950|2660|4915|4916|5364|5365|6092|6376|7422|56963|57611,ARSB|DDR1|SCARB2|MSTN|NTRK2|NTRK3|PLXNB1|PLXNB3|ROBO2|CX3CL1|VEGFA|RGMA|ISLR2,0,Protein
GO Biological Processes,19,GO:0120035,regulation of plasma membrane bounded cell projection organization,19_GO:0050789 regulation of biological process,-2.3,1.7,2.9,795,55,167,20,12,2.5,411|577|780|950|952|2660|4897|4915|4916|5364|5365|6092|6376|6422|6695|7143|7422|56963|57611|374946,ARSB|ADGRB3|DDR1|SCARB2|CD38|MSTN|NRCAM|NTRK2|NTRK3|PLXNB1|PLXNB3|ROBO2|CX3CL1|SFRP1|SPOCK1|TNR|VEGFA|RGMA|ISLR2|DRAXIN,0,Protein
GO Biological Processes,19,GO:0061387,regulation of extent of cell growth,19_GO:0040007 growth,-2.3,2.8,3.2,795,12,167,7,4.2,1.6,4897|7143|7422|56963|57611|91584|374946,NRCAM|TNR|VEGFA|RGMA|ISLR2|PLXNA4|DRAXIN,0,Protein
GO Biological Processes,19,GO:0021953,central nervous system neuron differentiation,19_GO:0032502 developmental process,-2.3,2.5,3.1,795,15,167,8,4.8,1.7,2263|4915|6092|6695|8828|91584|266727|374946,FGFR2|NTRK2|ROBO2|SPOCK1|NRP2|PLXNA4|MDGA1|DRAXIN,0,Protein
GO Biological Processes,19,GO:0003401,axis elongation,19_GO:0040007 growth,-2.2,3.4,3.3,795,7,167,5,3,1.3,374|652|2263|6422|10253,AREG|BMP4|FGFR2|SFRP1|SPRY2,0,Protein
GO Biological Processes,19,GO:0006665,sphingolipid metabolic process,19_GO:0009987 cellular process,-2.2,3.4,3.3,795,7,167,5,3,1.3,2720|6482|6609|27163|56624,GLB1|ST3GAL1|SMPD1|NAAA|ASAH2,0,Protein
GO Biological Processes,19,GO:0006643,membrane lipid metabolic process,19_GO:0009987 cellular process,-2.2,3.4,3.3,795,7,167,5,3,1.3,2720|6482|6609|27163|56624,GLB1|ST3GAL1|SMPD1|NAAA|ASAH2,0,Protein
GO Biological Processes,19,GO:0050806,positive regulation of synaptic transmission,19_GO:0048518 positive regulation of biological process,-2.1,2.9,3,795,10,167,6,3.6,1.4,1392|4311|4915|7143|9746|22883,CRH|MME|NTRK2|TNR|CLSTN3|CLSTN1,0,Protein
GO Biological Processes,19,GO:0009101,glycoprotein biosynthetic process,19_GO:0009987 cellular process,-2.1,2.9,3,795,10,167,6,3.6,1.4,2590|2650|6482|9394|9953|55568,GALNT2|GCNT1|ST3GAL1|HS6ST1|HS3ST3B1|GALNT10,0,Protein
GO Biological Processes,19,GO:0016266,O-glycan processing,19_GO:0009987 cellular process,-2.1,3.8,3.2,795,5,167,4,2.4,1.2,2590|2650|6482|55568,GALNT2|GCNT1|ST3GAL1|GALNT10,0,Protein
GO Biological Processes,19,GO:0006493,protein O-linked glycosylation,19_GO:0009987 cellular process,-2.1,3.8,3.2,795,5,167,4,2.4,1.2,2590|2650|6482|55568,GALNT2|GCNT1|ST3GAL1|GALNT10,0,Protein
GO Biological Processes,19,GO:0060602,branch elongation of an epithelium,19_GO:0040007 growth,-2.1,3.8,3.2,795,5,167,4,2.4,1.2,374|652|2263|10253,AREG|BMP4|FGFR2|SPRY2,0,Protein
GO Biological Processes,19,GO:0006672,ceramide metabolic process,19_GO:0009987 cellular process,-2.1,3.8,3.2,795,5,167,4,2.4,1.2,2720|6482|6609|56624,GLB1|ST3GAL1|SMPD1|ASAH2,0,Protein
GO Biological Processes,19,GO:0021536,diencephalon development,19_GO:0032502 developmental process,-2.1,3.8,3.2,795,5,167,4,2.4,1.2,652|1392|8828|26047,BMP4|CRH|NRP2|CNTNAP2,0,Protein
GO Biological Processes,19,GO:0003148,outflow tract septum morphogenesis,19_GO:0032502 developmental process,-2.1,3.8,3.2,795,5,167,4,2.4,1.2,652|2263|6092|8828,BMP4|FGFR2|ROBO2|NRP2,0,Protein
GO Biological Processes,19,GO:0009953,dorsal/ventral pattern formation,19_GO:0032502 developmental process,-2.1,3.8,3.2,795,5,167,4,2.4,1.2,94|652|4681|6422,ACVRL1|BMP4|NBL1|SFRP1,0,Protein
GO Biological Processes,19,GO:0008038,neuron recognition,19_GO:0032502 developmental process,-2.1,3.8,3.2,795,5,167,4,2.4,1.2,4897|6092|26047|27242,NRCAM|ROBO2|CNTNAP2|TNFRSF21,0,Protein
GO Biological Processes,19,GO:0055007,cardiac muscle cell differentiation,19_GO:0032502 developmental process,-2.1,3.8,3.2,795,5,167,4,2.4,1.2,652|1525|5156|7422,BMP4|CXADR|PDGFRA|VEGFA,0,Protein
GO Biological Processes,19,GO:0021537,telencephalon development,19_GO:0032502 developmental process,-2.1,2.2,2.9,795,22,167,10,6,1.8,652|4915|6092|7143|9289|26047|63827|91584|266727|374946,BMP4|NTRK2|ROBO2|TNR|ADGRG1|CNTNAP2|BCAN|PLXNA4|MDGA1|DRAXIN,0,Protein
GO Biological Processes,19,GO:0048732,gland development,19_GO:0032502 developmental process,-2.1,1.8,2.7,795,39,167,15,9,2.2,100|374|652|780|1392|1435|2263|3082|3321|5156|6422|6997|7039|7422|10018,ADA|AREG|BMP4|DDR1|CRH|CSF1|FGFR2|HGF|IGSF3|PDGFRA|SFRP1|CRIPTO|TGFA|VEGFA|BCL2L11,0,Protein
GO Biological Processes,19,GO:1901888,regulation of cell junction assembly,19_GO:0050789 regulation of biological process,-2.1,1.8,2.7,795,39,167,15,9,2.2,94|577|4915|6092|6422|7422|9746|22883|23768|26047|57633|84189|84631|266727|347902,ACVRL1|ADGRB3|NTRK2|ROBO2|SFRP1|VEGFA|CLSTN3|CLSTN1|FLRT2|CNTNAP2|LRRN1|SLITRK6|SLITRK2|MDGA1|AMIGO2,0,Protein
GO Biological Processes,19,GO:0045667,regulation of osteoblast differentiation,19_GO:0032502 developmental process,-2.1,2.3,2.9,795,19,167,9,5.4,1.7,374|652|2263|3082|4880|6422|7422|25805|64093,AREG|BMP4|FGFR2|HGF|NPPC|SFRP1|VEGFA|BAMBI|SMOC1,0,Protein
GO Biological Processes,19,GO:0030879,mammary gland development,19_GO:0032502 developmental process,-2.1,2.3,2.9,795,19,167,9,5.4,1.7,374|652|780|1435|2263|6997|7039|7422|10018,AREG|BMP4|DDR1|CSF1|FGFR2|CRIPTO|TGFA|VEGFA|BCL2L11,0,Protein
GO Biological Processes,19,GO:0030198,extracellular matrix organization,19_GO:0009987 cellular process,-2,2,2.7,795,29,167,12,7.2,2,333|1282|1520|4148|4312|5156|7143|8751|23768|64093|64094|81621,APLP1|COL4A1|CTSS|MATN3|MMP1|PDGFRA|TNR|ADAM15|FLRT2|SMOC1|SMOC2|KAZALD1,0,Protein
GO Biological Processes,19,GO:0048638,regulation of developmental growth,19_GO:0040007 growth,-2,2,2.7,795,29,167,12,7.2,2,1435|2263|2660|4880|4897|7143|7422|10018|56963|57611|91584|374946,CSF1|FGFR2|MSTN|NPPC|NRCAM|TNR|VEGFA|BCL2L11|RGMA|ISLR2|PLXNA4|DRAXIN,0,Protein
GO Biological Processes,19,GO:0043062,extracellular structure organization,19_GO:0009987 cellular process,-2,2,2.7,795,29,167,12,7.2,2,333|1282|1520|4148|4312|5156|7143|8751|23768|64093|64094|81621,APLP1|COL4A1|CTSS|MATN3|MMP1|PDGFRA|TNR|ADAM15|FLRT2|SMOC1|SMOC2|KAZALD1,0,Protein
GO Biological Processes,19,GO:0045229,external encapsulating structure organization,19_GO:0009987 cellular process,-2,2,2.7,795,29,167,12,7.2,2,333|1282|1520|4148|4312|5156|7143|8751|23768|64093|64094|81621,APLP1|COL4A1|CTSS|MATN3|MMP1|PDGFRA|TNR|ADAM15|FLRT2|SMOC1|SMOC2|KAZALD1,0,Protein
GO Biological Processes,19,GO:0099172,presynapse organization,19_GO:0009987 cellular process,-2,4.8,3.4,795,3,167,3,1.8,1,27253|53942|266727,PCDH17|CNTN5|MDGA1,0,Protein
GO Biological Processes,19,GO:0030224,monocyte differentiation,19_GO:0032502 developmental process,-2,4.8,3.4,795,3,167,3,1.8,1,652|1435|7422,BMP4|CSF1|VEGFA,0,Protein
GO Biological Processes,19,GO:0030148,sphingolipid biosynthetic process,19_GO:0009987 cellular process,-2,4.8,3.4,795,3,167,3,1.8,1,6482|6609|56624,ST3GAL1|SMPD1|ASAH2,0,Protein
GO Biological Processes,19,GO:0060449,bud elongation involved in lung branching,19_GO:0040007 growth,-2,4.8,3.4,795,3,167,3,1.8,1,652|2263|10253,BMP4|FGFR2|SPRY2,0,Protein
GO Biological Processes,19,GO:1900748,positive regulation of vascular endothelial growth factor signaling pathway,19_GO:0048518 positive regulation of biological process,-2,4.8,3.4,795,3,167,3,1.8,1,7422|9289|64094,VEGFA|ADGRG1|SMOC2,0,Protein
GO Biological Processes,19,GO:0060291,long-term synaptic potentiation,19_GO:0048518 positive regulation of biological process,-2,4.8,3.4,795,3,167,3,1.8,1,1392|4915|7143,CRH|NTRK2|TNR,0,Protein
GO Biological Processes,19,GO:0055006,cardiac cell development,19_GO:0032502 developmental process,-2,4.8,3.4,795,3,167,3,1.8,1,1525|5156|7422,CXADR|PDGFRA|VEGFA,0,Protein
GO Biological Processes,19,GO:0060442,branching involved in prostate gland morphogenesis,19_GO:0022414 reproductive process,-2,4.8,3.4,795,3,167,3,1.8,1,652|2263|6422,BMP4|FGFR2|SFRP1,0,Protein
GO Biological Processes,19,GO:0060740,prostate gland epithelium morphogenesis,19_GO:0022414 reproductive process,-2,4.8,3.4,795,3,167,3,1.8,1,652|2263|6422,BMP4|FGFR2|SFRP1,0,Protein
GO Biological Processes,19,GO:0010719,negative regulation of epithelial to mesenchymal transition,19_GO:0032502 developmental process,-2,4.8,3.4,795,3,167,3,1.8,1,6422|7422|10253,SFRP1|VEGFA|SPRY2,0,Protein
GO Biological Processes,19,GO:0031290,retinal ganglion cell axon guidance,19_GO:0032502 developmental process,-2,4.8,3.4,795,3,167,3,1.8,1,4897|6092|7422,NRCAM|ROBO2|VEGFA,0,Protein
GO Biological Processes,19,GO:0055013,cardiac muscle cell development,19_GO:0032502 developmental process,-2,4.8,3.4,795,3,167,3,1.8,1,1525|5156|7422,CXADR|PDGFRA|VEGFA,0,Protein
GO Biological Processes,19,GO:0071711,basement membrane organization,19_GO:0009987 cellular process,-2,4.8,3.4,795,3,167,3,1.8,1,1282|1520|23768,COL4A1|CTSS|FLRT2,0,Protein
GO Biological Processes,19,GO:0099560,synaptic membrane adhesion,19_GO:0009987 cellular process,-2,4.8,3.4,795,3,167,3,1.8,1,1004|27253|84631,CDH6|PCDH17|SLITRK2,0,Protein
GO Biological Processes,19,GO:0099054,presynapse assembly,19_GO:0032502 developmental process,-2,4.8,3.4,795,3,167,3,1.8,1,27253|53942|266727,PCDH17|CNTN5|MDGA1,0,Protein
GO Biological Processes,19,GO:0046513,ceramide biosynthetic process,19_GO:0009987 cellular process,-2,4.8,3.4,795,3,167,3,1.8,1,6482|6609|56624,ST3GAL1|SMPD1|ASAH2,0,Protein
GO Biological Processes,19,GO:0046467,membrane lipid biosynthetic process,19_GO:0009987 cellular process,-2,4.8,3.4,795,3,167,3,1.8,1,6482|6609|56624,ST3GAL1|SMPD1|ASAH2,0,Protein
GO Biological Processes,19,GO:0060512,prostate gland morphogenesis,19_GO:0022414 reproductive process,-2,4.8,3.4,795,3,167,3,1.8,1,652|2263|6422,BMP4|FGFR2|SFRP1,0,Protein
