_MEMBER_Protein,_LogP_Protein,GO,Description,_PATTERN_,_RANK_,GiniIndex
1,-2.1,GO:0008038,neuron recognition,M1,1,0
1,-2.1,GO:0048732,gland development,M1,1,0
1,-2,GO:0099560,synaptic membrane adhesion,M1,1,0
1,-2.3,GO:0061387,regulation of extent of cell growth,M1,1,0
1,-2.7,GO:0050805,negative regulation of synaptic transmission,M1,1,0
1,-4.6,GO:0051960,regulation of nervous system development,M1,1,0
1,-2.2,GO:0006643,membrane lipid metabolic process,M1,1,0
1,-3.6,GO:0007409,axonogenesis,M1,1,0
1,-2.1,GO:0021536,diencephalon development,M1,1,0
1,-2.5,GO:0050770,regulation of axonogenesis,M1,1,0
1,-2,GO:0099054,presynapse assembly,M1,1,0
1,-2.1,GO:0009953,dorsal/ventral pattern formation,M1,1,0
1,-2.4,GO:0031346,positive regulation of cell projection organization,M1,1,0
1,-3.1,GO:0010975,regulation of neuron projection development,M1,1,0
1,-3.3,GO:0001558,regulation of cell growth,M1,1,0
1,-2,GO:0060291,long-term synaptic potentiation,M1,1,0
1,-2,GO:0099172,presynapse organization,M1,1,0
1,-2.4,GO:0050772,positive regulation of axonogenesis,M1,1,0
1,-3,GO:0034330,cell junction organization,M1,1,0
1,-2.1,GO:0030879,mammary gland development,M1,1,0
1,-2,GO:0060740,prostate gland epithelium morphogenesis,M1,1,0
1,-2,GO:0046513,ceramide biosynthetic process,M1,1,0
1,-2,GO:0055006,cardiac cell development,M1,1,0
1,-2.3,GO:0120035,regulation of plasma membrane bounded cell projection organization,M1,1,0
1,-2,GO:0010719,negative regulation of epithelial to mesenchymal transition,M1,1,0
1,-2,GO:0046467,membrane lipid biosynthetic process,M1,1,0
1,-2,GO:0030224,monocyte differentiation,M1,1,0
1,-2.6,GO:0030900,forebrain development,M1,1,0
1,-2.1,GO:0045667,regulation of osteoblast differentiation,M1,1,0
1,-2.7,GO:0034329,cell junction assembly,M1,1,0
1,-2.1,GO:0060602,branch elongation of an epithelium,M1,1,0
1,-2.1,GO:0021537,telencephalon development,M1,1,0
1,-2.1,GO:0006672,ceramide metabolic process,M1,1,0
1,-2,GO:0060442,branching involved in prostate gland morphogenesis,M1,1,0
1,-2.7,GO:1901890,positive regulation of cell junction assembly,M1,1,0
1,-3.3,GO:0000902,cell morphogenesis,M1,1,0
1,-2.6,GO:0007167,enzyme-linked receptor protein signaling pathway,M1,1,0
1,-3.3,GO:0051962,positive regulation of nervous system development,M1,1,0
1,-3.4,GO:0040008,regulation of growth,M1,1,0
1,-2.2,GO:0003401,axis elongation,M1,1,0
1,-2.1,GO:0003148,outflow tract septum morphogenesis,M1,1,0
1,-3.5,GO:0007416,synapse assembly,M1,1,0
1,-2,GO:0043062,extracellular structure organization,M1,1,0
1,-2,GO:0031290,retinal ganglion cell axon guidance,M1,1,0
1,-2.8,GO:0001764,neuron migration,M1,1,0
1,-2,GO:0030198,extracellular matrix organization,M1,1,0
1,-4.4,GO:0031175,neuron projection development,M1,1,0
1,-2.4,GO:0098742,cell-cell adhesion via plasma-membrane adhesion molecules,M1,1,0
1,-3.1,GO:0098609,cell-cell adhesion,M1,1,0
1,-4.3,GO:0048858,cell projection morphogenesis,M1,1,0
1,-3.1,GO:0051963,regulation of synapse assembly,M1,1,0
1,-2,GO:0055013,cardiac muscle cell development,M1,1,0
1,-3.4,GO:0048667,cell morphogenesis involved in neuron differentiation,M1,1,0
1,-2.1,GO:0050806,positive regulation of synaptic transmission,M1,1,0
1,-2,GO:0060512,prostate gland morphogenesis,M1,1,0
1,-2,GO:0060449,bud elongation involved in lung branching,M1,1,0
1,-2.5,GO:0048167,regulation of synaptic plasticity,M1,1,0
1,-3.1,GO:0007411,axon guidance,M1,1,0
1,-2.1,GO:0016266,O-glycan processing,M1,1,0
1,-4.4,GO:0120039,plasma membrane bounded cell projection morphogenesis,M1,1,0
1,-3.6,GO:0050808,synapse organization,M1,1,0
1,-2.1,GO:0055007,cardiac muscle cell differentiation,M1,1,0
1,-4.4,GO:0048812,neuron projection morphogenesis,M1,1,0
1,-3.1,GO:0097485,neuron projection guidance,M1,1,0
1,-2.2,GO:0006665,sphingolipid metabolic process,M1,1,0
1,-2.6,GO:0031344,regulation of cell projection organization,M1,1,0
1,-4,GO:0061564,axon development,M1,1,0
1,-2,GO:0045229,external encapsulating structure organization,M1,1,0
1,-2,GO:0030148,sphingolipid biosynthetic process,M1,1,0
1,-2,GO:1900748,positive regulation of vascular endothelial growth factor signaling pathway,M1,1,0
1,-2.7,GO:0007420,brain development,M1,1,0
1,-3.2,GO:0060560,developmental growth involved in morphogenesis,M1,1,0
1,-2.6,GO:0060322,head development,M1,1,0
1,-2.1,GO:0006493,protein O-linked glycosylation,M1,1,0
1,-2.3,GO:0021953,central nervous system neuron differentiation,M1,1,0
1,-2.1,GO:1901888,regulation of cell junction assembly,M1,1,0
1,-4.1,GO:0051965,positive regulation of synapse assembly,M1,1,0
1,-2,GO:0048638,regulation of developmental growth,M1,1,0
1,-2.1,GO:0009101,glycoprotein biosynthetic process,M1,1,0
1,-2,GO:0071711,basement membrane organization,M1,1,0
