_MEMBER_Protein,_LogP_Protein,GO,Description,_PATTERN_,_RANK_,CHILD_GO_Protein
1,-4.649604261592476,GO:0032502,developmental process,M1,1,GO:0051960 regulation of nervous system development
1,-3.6035343190241025,GO:0009987,cellular process,M1,1,GO:0050808 synapse organization
1,-3.4220606154339475,GO:0040007,growth,M1,1,GO:0040008 regulation of growth
1,-2.7230336485414983,GO:0048519,negative regulation of biological process,M1,1,GO:0050805 negative regulation of synaptic transmission
1,-2.7154755554415377,GO:0048518,positive regulation of biological process,M1,1,GO:1901890 positive regulation of cell junction assembly
1,-2.6095236721726827,GO:0050789,regulation of biological process,M1,1,GO:0031344 regulation of cell projection organization
1,-2.5545965098210344,GO:0050896,response to stimulus,M1,1,GO:0007167 enzyme-linked receptor protein signaling pathway
1,-2.039152314999975,GO:0022414,reproductive process,M1,1,GO:0060442 branching involved in prostate gland morphogenesis
