Name,Category,CategoryID,GO,Description,PARENT_GO,LogP,Enrichment,Z-score,#TotalGeneInLibrary,#GeneInGO,#GeneInHitList,#GeneInGOAndHitList,%InGO,STDV %InGO,GeneID,Hits,Log(q-value)
Protein,GO Biological Processes,19,GO:0042391,regulation of membrane potential,19_GO:0065007 biological regulation,-5.6,9.4,7.5,795,17,35,7,20,6.8,25|142|2745|4137|6648|10935|11060,ABL1|PARP1|GLRX|MAPT|SOD2|PRDX3|WWP2,-1.7
Protein,GO Biological Processes,19,GO:0051276,chromosome organization,19_GO:0009987 cellular process,-5.2,10,7.4,795,13,35,6,17,6.4,25|142|328|7155|7917|8379,ABL1|PARP1|APEX1|TOP2B|BAG6|MAD1L1,-1.7
Protein,GO Biological Processes,19,GO:0034599,cellular response to oxidative stress,19_GO:0050896 response to stimulus,-5.1,8,6.8,795,20,35,7,20,6.8,25|142|4137|6648|7155|10935|25824,ABL1|PARP1|MAPT|SOD2|TOP2B|PRDX3|PRDX5,-1.7
Protein,GO Biological Processes,19,GO:0034614,cellular response to reactive oxygen species,19_GO:0050896 response to stimulus,-5,9.7,7.1,795,14,35,6,17,6.4,25|4137|6648|7155|10935|25824,ABL1|MAPT|SOD2|TOP2B|PRDX3|PRDX5,-1.6
Protein,GO Biological Processes,19,GO:0051881,regulation of mitochondrial membrane potential,19_GO:0065007 biological regulation,-4.9,13,7.5,795,9,35,5,14,5.9,25|142|4137|6648|10935,ABL1|PARP1|MAPT|SOD2|PRDX3,-1.6
Protein,GO Biological Processes,19,GO:0062197,cellular response to chemical stress,19_GO:0050896 response to stimulus,-4.3,6.4,5.8,795,25,35,7,20,6.8,25|142|4137|6648|7155|10935|25824,ABL1|PARP1|MAPT|SOD2|TOP2B|PRDX3|PRDX5,-1.2
Protein,GO Biological Processes,19,GO:0006979,response to oxidative stress,19_GO:0050896 response to stimulus,-4.2,5.2,5.4,795,35,35,8,23,7.1,25|142|4137|6648|7155|10935|11168|25824,ABL1|PARP1|MAPT|SOD2|TOP2B|PRDX3|PSIP1|PRDX5,-1.2
Protein,GO Biological Processes,19,GO:0033365,protein localization to organelle,19_GO:0051179 localization,-4.1,5,5.3,795,36,35,8,23,7.1,25|142|867|3068|5534|6727|7917|84687,ABL1|PARP1|CBL|HDGF|PPP3R1|SRP14|BAG6|PPP1R9B,-1.2
Protein,GO Biological Processes,19,GO:0008380,RNA splicing,19_GO:0009987 cellular process,-4.1,23,8.1,795,3,35,3,8.6,4.7,6733|11168|84687,SRPK2|PSIP1|PPP1R9B,-1.2
Protein,GO Biological Processes,19,GO:0000302,response to reactive oxygen species,19_GO:0050896 response to stimulus,-3.9,6.8,5.6,795,20,35,6,17,6.4,25|4137|6648|7155|10935|25824,ABL1|MAPT|SOD2|TOP2B|PRDX3|PRDX5,-1.1
Protein,GO Biological Processes,19,GO:0018193,peptidyl-amino acid modification,19_GO:0009987 cellular process,-3.9,5.5,5.3,795,29,35,7,20,6.8,25|4067|6733|7917|10935|10988|254042,ABL1|LYN|SRPK2|BAG6|PRDX3|METAP2|METAP1D,-1.1
Protein,GO Biological Processes,19,GO:0009636,response to toxic substance,19_GO:0050896 response to stimulus,-3.7,6.2,5.3,795,22,35,6,17,6.4,216|4067|4747|6648|10935|25824,ALDH1A1|LYN|NEFL|SOD2|PRDX3|PRDX5,-1
Protein,GO Biological Processes,19,GO:0042743,hydrogen peroxide metabolic process,19_GO:0009987 cellular process,-3.5,17,6.9,795,4,35,3,8.6,4.7,6648|10935|25824,SOD2|PRDX3|PRDX5,-0.94
Protein,GO Biological Processes,19,GO:0098813,nuclear chromosome segregation,19_GO:0009987 cellular process,-3.5,17,6.9,795,4,35,3,8.6,4.7,7155|7917|8379,TOP2B|BAG6|MAD1L1,-0.94
Protein,GO Biological Processes,19,GO:1990748,cellular detoxification,19_GO:0098754 detoxification,-3.5,10,5.9,795,9,35,4,11,5.4,216|6648|10935|25824,ALDH1A1|SOD2|PRDX3|PRDX5,-0.93
Protein,GO Biological Processes,19,GO:0098754,detoxification,19_GO:0098754 detoxification,-3.5,10,5.9,795,9,35,4,11,5.4,216|6648|10935|25824,ALDH1A1|SOD2|PRDX3|PRDX5,-0.93
Protein,GO Biological Processes,19,GO:0097237,cellular response to toxic substance,19_GO:0050896 response to stimulus,-3.3,9.1,5.5,795,10,35,4,11,5.4,216|6648|10935|25824,ALDH1A1|SOD2|PRDX3|PRDX5,-0.79
Protein,GO Biological Processes,19,GO:0045931,positive regulation of mitotic cell cycle,19_GO:0048518 positive regulation of biological process,-3.3,9.1,5.5,795,10,35,4,11,5.4,25|1978|1981|8379,ABL1|EIF4EBP1|EIF4G1|MAD1L1,-0.79
Protein,GO Biological Processes,19,GO:0031113,regulation of microtubule polymerization,19_GO:0050789 regulation of biological process,-3.1,14,6.1,795,5,35,3,8.6,4.7,25|2288|4137,ABL1|FKBP4|MAPT,-0.72
Protein,GO Biological Processes,19,GO:0031110,regulation of microtubule polymerization or depolymerization,19_GO:0050789 regulation of biological process,-3.1,14,6.1,795,5,35,3,8.6,4.7,25|2288|4137,ABL1|FKBP4|MAPT,-0.72
Protein,GO Biological Processes,19,GO:0007059,chromosome segregation,19_GO:0009987 cellular process,-3.1,14,6.1,795,5,35,3,8.6,4.7,7155|7917|8379,TOP2B|BAG6|MAD1L1,-0.72
Protein,GO Biological Processes,19,GO:0048538,thymus development,19_GO:0002376 immune system process,-3.1,14,6.1,795,5,35,3,8.6,4.7,25|1399|8379,ABL1|CRKL|MAD1L1,-0.72
Protein,GO Biological Processes,19,GO:0042542,response to hydrogen peroxide,19_GO:0050896 response to stimulus,-3.1,8.3,5.2,795,11,35,4,11,5.4,25|6648|7155|10935,ABL1|SOD2|TOP2B|PRDX3,-0.69
Protein,GO Biological Processes,19,GO:0045936,negative regulation of phosphate metabolic process,19_GO:0048519 negative regulation of biological process,-3,4.7,4.4,795,29,35,6,17,6.4,25|142|1399|1981|4067|10935,ABL1|PARP1|CRKL|EIF4G1|LYN|PRDX3,-0.62
Protein,GO Biological Processes,19,GO:0010563,negative regulation of phosphorus metabolic process,19_GO:0048519 negative regulation of biological process,-3,4.7,4.4,795,29,35,6,17,6.4,25|142|1399|1981|4067|10935,ABL1|PARP1|CRKL|EIF4G1|LYN|PRDX3,-0.62
Protein,GO Biological Processes,19,GO:0051248,negative regulation of protein metabolic process,19_GO:0048519 negative regulation of biological process,-2.9,3.5,4,795,52,35,8,23,7.1,25|1399|1978|1981|4067|4137|5202|7917,ABL1|CRKL|EIF4EBP1|EIF4G1|LYN|MAPT|PFDN2|BAG6,-0.6
Protein,GO Biological Processes,19,GO:0045454,cell redox homeostasis,19_GO:0042592 homeostatic process,-2.8,11,5.5,795,6,35,3,8.6,4.7,328|10935|25824,APEX1|PRDX3|PRDX5,-0.55
Protein,GO Biological Processes,19,GO:2000779,regulation of double-strand break repair,19_GO:0050896 response to stimulus,-2.8,11,5.5,795,6,35,3,8.6,4.7,25|142|7155,ABL1|PARP1|TOP2B,-0.55
Protein,GO Biological Processes,19,GO:0070507,regulation of microtubule cytoskeleton organization,19_GO:0050789 regulation of biological process,-2.8,11,5.5,795,6,35,3,8.6,4.7,25|2288|4137,ABL1|FKBP4|MAPT,-0.55
Protein,GO Biological Processes,19,GO:0051656,establishment of organelle localization,19_GO:0051179 localization,-2.6,4.9,4.1,795,23,35,5,14,5.9,867|4067|4137|4747|8379,CBL|LYN|MAPT|NEFL|MAD1L1,-0.38
Protein,GO Biological Processes,19,GO:0021766,hippocampus development,19_GO:0032502 developmental process,-2.6,9.7,5,795,7,35,3,8.6,4.7,1399|4747|84687,CRKL|NEFL|PPP1R9B,-0.38
Protein,GO Biological Processes,19,GO:0006282,regulation of DNA repair,19_GO:0050896 response to stimulus,-2.6,9.7,5,795,7,35,3,8.6,4.7,25|142|7155,ABL1|PARP1|TOP2B,-0.38
Protein,GO Biological Processes,19,GO:0042326,negative regulation of phosphorylation,19_GO:0048519 negative regulation of biological process,-2.5,4.7,4,795,24,35,5,14,5.9,25|1399|1981|4067|10935,ABL1|CRKL|EIF4G1|LYN|PRDX3,-0.32
Protein,GO Biological Processes,19,GO:0080135,regulation of cellular response to stress,19_GO:0050896 response to stimulus,-2.5,3.9,3.8,795,35,35,6,17,6.4,25|142|1981|4137|7155|7917,ABL1|PARP1|EIF4G1|MAPT|TOP2B|BAG6,-0.32
Protein,GO Biological Processes,19,GO:0031400,negative regulation of protein modification process,19_GO:0048519 negative regulation of biological process,-2.5,4.5,3.9,795,25,35,5,14,5.9,25|1399|1981|4067|4137,ABL1|CRKL|EIF4G1|LYN|MAPT,-0.27
Protein,GO Biological Processes,19,GO:0032886,regulation of microtubule-based process,19_GO:0050789 regulation of biological process,-2.4,8.5,4.6,795,8,35,3,8.6,4.7,25|2288|4137,ABL1|FKBP4|MAPT,-0.26
Protein,GO Biological Processes,19,GO:0098869,cellular oxidant detoxification,19_GO:0098754 detoxification,-2.4,8.5,4.6,795,8,35,3,8.6,4.7,6648|10935|25824,SOD2|PRDX3|PRDX5,-0.26
Protein,GO Biological Processes,19,GO:0008630,intrinsic apoptotic signaling pathway in response to DNA damage,19_GO:0050896 response to stimulus,-2.4,8.5,4.6,795,8,35,3,8.6,4.7,25|6648|7917,ABL1|SOD2|BAG6,-0.26
Protein,GO Biological Processes,19,GO:0006259,DNA metabolic process,19_GO:0009987 cellular process,-2.4,5.7,4.1,795,16,35,4,11,5.4,25|142|328|7155,ABL1|PARP1|APEX1|TOP2B,-0.26
Protein,GO Biological Processes,19,GO:0010639,negative regulation of organelle organization,19_GO:0048519 negative regulation of biological process,-2.4,5.7,4.1,795,16,35,4,11,5.4,142|2288|4137|8379,PARP1|FKBP4|MAPT|MAD1L1,-0.26
Protein,GO Biological Processes,19,GO:0097305,response to alcohol,19_GO:0050896 response to stimulus,-2.3,3.6,3.5,795,38,35,6,17,6.4,142|867|1981|4747|6648|84687,PARP1|CBL|EIF4G1|NEFL|SOD2|PPP1R9B,-0.2
Protein,GO Biological Processes,19,GO:0051640,organelle localization,19_GO:0051179 localization,-2.3,4.2,3.6,795,27,35,5,14,5.9,867|4067|4137|4747|8379,CBL|LYN|MAPT|NEFL|MAD1L1,-0.19
Protein,GO Biological Processes,19,GO:0019941,modification-dependent protein catabolic process,19_GO:0009987 cellular process,-2.3,7.6,4.3,795,9,35,3,8.6,4.7,867|7917|11060,CBL|BAG6|WWP2,-0.19
Protein,GO Biological Processes,19,GO:0048285,organelle fission,19_GO:0009987 cellular process,-2.3,7.6,4.3,795,9,35,3,8.6,4.7,7155|7917|8379,TOP2B|BAG6|MAD1L1,-0.19
Protein,GO Biological Processes,19,GO:0006511,ubiquitin-dependent protein catabolic process,19_GO:0009987 cellular process,-2.3,7.6,4.3,795,9,35,3,8.6,4.7,867|7917|11060,CBL|BAG6|WWP2,-0.19
Protein,GO Biological Processes,19,GO:0051258,protein polymerization,19_GO:0009987 cellular process,-2.3,7.6,4.3,795,9,35,3,8.6,4.7,25|4137|4747,ABL1|MAPT|NEFL,-0.19
Protein,GO Biological Processes,19,GO:0010332,response to gamma radiation,19_GO:0050896 response to stimulus,-2.3,7.6,4.3,795,9,35,3,8.6,4.7,142|867|6648,PARP1|CBL|SOD2,-0.19
Protein,GO Biological Processes,19,GO:0033044,regulation of chromosome organization,19_GO:0050789 regulation of biological process,-2.3,7.6,4.3,795,9,35,3,8.6,4.7,142|4137|8379,PARP1|MAPT|MAD1L1,-0.19
Protein,GO Biological Processes,19,GO:0043632,modification-dependent macromolecule catabolic process,19_GO:0009987 cellular process,-2.3,7.6,4.3,795,9,35,3,8.6,4.7,867|7917|11060,CBL|BAG6|WWP2,-0.19
Protein,GO Biological Processes,19,GO:0000280,nuclear division,19_GO:0009987 cellular process,-2.3,7.6,4.3,795,9,35,3,8.6,4.7,7155|7917|8379,TOP2B|BAG6|MAD1L1,-0.19
Protein,GO Biological Processes,19,GO:0048678,response to axon injury,19_GO:0050896 response to stimulus,-2.3,7.6,4.3,795,9,35,3,8.6,4.7,4067|4747|6648,LYN|NEFL|SOD2,-0.19
Protein,GO Biological Processes,19,GO:0045787,positive regulation of cell cycle,19_GO:0048518 positive regulation of biological process,-2.2,4.1,3.5,795,28,35,5,14,5.9,25|1978|1981|6733|8379,ABL1|EIF4EBP1|EIF4G1|SRPK2|MAD1L1,-0.17
Protein,GO Biological Processes,19,GO:0072593,reactive oxygen species metabolic process,19_GO:0009987 cellular process,-2.1,6.8,4,795,10,35,3,8.6,4.7,6648|10935|25824,SOD2|PRDX3|PRDX5,-0.085
Protein,GO Biological Processes,19,GO:0021987,cerebral cortex development,19_GO:0032502 developmental process,-2.1,6.8,4,795,10,35,3,8.6,4.7,1399|4747|84687,CRKL|NEFL|PPP1R9B,-0.085
Protein,GO Biological Processes,19,GO:0072594,establishment of protein localization to organelle,19_GO:0051179 localization,-2.1,4.8,3.6,795,19,35,4,11,5.4,867|5534|6727|7917,CBL|PPP3R1|SRP14|BAG6,-0.085
Protein,GO Biological Processes,19,GO:0002520,immune system development,19_GO:0002376 immune system process,-2,4.5,3.4,795,20,35,4,11,5.4,25|1399|4067|8379,ABL1|CRKL|LYN|MAD1L1,-0.018
Protein,GO Biological Processes,19,GO:1901987,regulation of cell cycle phase transition,19_GO:0050789 regulation of biological process,-2,4.5,3.4,795,20,35,4,11,5.4,1981|4067|8379|84687,EIF4G1|LYN|MAD1L1|PPP1R9B,-0.018
Protein_MCODE_ALL,GO Biological Processes,19,GO:0045936,negative regulation of phosphate metabolic process,19_GO:0048519 negative regulation of biological process,-4.7,12,7.4,795,29,11,5,45,15,25|142|1399|4067|10935,ABL1|PARP1|CRKL|LYN|PRDX3,-1.6
Protein_MCODE_ALL,GO Biological Processes,19,GO:0010563,negative regulation of phosphorus metabolic process,19_GO:0048519 negative regulation of biological process,-4.7,12,7.4,795,29,11,5,45,15,25|142|1399|4067|10935,ABL1|PARP1|CRKL|LYN|PRDX3,-1.6
Protein_MCODE_ALL,GO Biological Processes,19,GO:0042391,regulation of membrane potential,19_GO:0065007 biological regulation,-4.4,17,7.9,795,17,11,4,36,15,25|142|10935|11060,ABL1|PARP1|PRDX3|WWP2,-1.2
Protein_MCODE_ALL,GO Biological Processes,19,GO:0034599,cellular response to oxidative stress,19_GO:0050896 response to stimulus,-4.1,14,7.2,795,20,11,4,36,15,25|142|10935|25824,ABL1|PARP1|PRDX3|PRDX5,-1.2
Protein_MCODE_ALL,GO Biological Processes,19,GO:0009636,response to toxic substance,19_GO:0050896 response to stimulus,-3.9,13,6.8,795,22,11,4,36,15,216|4067|10935|25824,ALDH1A1|LYN|PRDX3|PRDX5,-1.1
Protein_MCODE_ALL,GO Biological Processes,19,GO:0051881,regulation of mitochondrial membrane potential,19_GO:0065007 biological regulation,-3.8,24,8.2,795,9,11,3,27,13,25|142|10935,ABL1|PARP1|PRDX3,-1.1
Protein_MCODE_ALL,GO Biological Processes,19,GO:1990748,cellular detoxification,19_GO:0098754 detoxification,-3.8,24,8.2,795,9,11,3,27,13,216|10935|25824,ALDH1A1|PRDX3|PRDX5,-1.1
Protein_MCODE_ALL,GO Biological Processes,19,GO:0098754,detoxification,19_GO:0098754 detoxification,-3.8,24,8.2,795,9,11,3,27,13,216|10935|25824,ALDH1A1|PRDX3|PRDX5,-1.1
Protein_MCODE_ALL,GO Biological Processes,19,GO:0042326,negative regulation of phosphorylation,19_GO:0048519 negative regulation of biological process,-3.7,12,6.5,795,24,11,4,36,15,25|1399|4067|10935,ABL1|CRKL|LYN|PRDX3,-1.1
Protein_MCODE_ALL,GO Biological Processes,19,GO:0062197,cellular response to chemical stress,19_GO:0050896 response to stimulus,-3.7,12,6.4,795,25,11,4,36,15,25|142|10935|25824,ABL1|PARP1|PRDX3|PRDX5,-1
Protein_MCODE_ALL,GO Biological Processes,19,GO:0097237,cellular response to toxic substance,19_GO:0050896 response to stimulus,-3.6,22,7.8,795,10,11,3,27,13,216|10935|25824,ALDH1A1|PRDX3|PRDX5,-1
Protein_MCODE_ALL,GO Biological Processes,19,GO:0044092,negative regulation of molecular function,19_GO:0065007 biological regulation,-3.5,7.1,5.3,795,51,11,5,45,15,25|4067|10935|11060|25824,ABL1|LYN|PRDX3|WWP2|PRDX5,-0.94
Protein_MCODE_ALL,GO Biological Processes,19,GO:0043086,negative regulation of catalytic activity,19_GO:0065007 biological regulation,-3.3,9.6,5.7,795,30,11,4,36,15,25|4067|10935|25824,ABL1|LYN|PRDX3|PRDX5,-0.83
Protein_MCODE_ALL,GO Biological Processes,19,GO:0034614,cellular response to reactive oxygen species,19_GO:0050896 response to stimulus,-3.2,15,6.5,795,14,11,3,27,13,25|10935|25824,ABL1|PRDX3|PRDX5,-0.73
Protein_MCODE_ALL,GO Biological Processes,19,GO:0051348,negative regulation of transferase activity,19_GO:0065007 biological regulation,-3.1,14,6.2,795,15,11,3,27,13,25|4067|10935,ABL1|LYN|PRDX3,-0.69
Protein_MCODE_ALL,GO Biological Processes,19,GO:0033673,negative regulation of kinase activity,19_GO:0048519 negative regulation of biological process,-3.1,14,6.2,795,15,11,3,27,13,25|4067|10935,ABL1|LYN|PRDX3,-0.69
Protein_MCODE_ALL,GO Biological Processes,19,GO:0006979,response to oxidative stress,19_GO:0050896 response to stimulus,-3.1,8.3,5.2,795,35,11,4,36,15,25|142|10935|25824,ABL1|PARP1|PRDX3|PRDX5,-0.69
Protein_MCODE_ALL,GO Biological Processes,19,GO:0000302,response to reactive oxygen species,19_GO:0050896 response to stimulus,-2.7,11,5.3,795,20,11,3,27,13,25|10935|25824,ABL1|PRDX3|PRDX5,-0.43
Protein_MCODE_ALL,GO Biological Processes,19,GO:0006163,purine nucleotide metabolic process,19_GO:0009987 cellular process,-2.7,11,5.3,795,20,11,3,27,13,142|2026|25824,PARP1|ENO2|PRDX5,-0.43
Protein_MCODE_ALL,GO Biological Processes,19,GO:0002520,immune system development,19_GO:0002376 immune system process,-2.7,11,5.3,795,20,11,3,27,13,25|1399|4067,ABL1|CRKL|LYN,-0.43
Protein_MCODE_ALL,GO Biological Processes,19,GO:0002253,activation of immune response,19_GO:0002376 immune system process,-2.7,6.6,4.5,795,44,11,4,36,15,25|1399|4067|10614,ABL1|CRKL|LYN|HEXIM1,-0.43
Protein_MCODE_ALL,GO Biological Processes,19,GO:0050851,antigen receptor-mediated signaling pathway,19_GO:0002376 immune system process,-2.6,10,5.1,795,21,11,3,27,13,25|1399|4067,ABL1|CRKL|LYN,-0.39
Protein_MCODE_ALL,GO Biological Processes,19,GO:0001933,negative regulation of protein phosphorylation,19_GO:0048519 negative regulation of biological process,-2.5,9.4,4.9,795,23,11,3,27,13,25|1399|4067,ABL1|CRKL|LYN,-0.32
Protein_MCODE_ALL,GO Biological Processes,19,GO:0072521,purine-containing compound metabolic process,19_GO:0009987 cellular process,-2.5,9.4,4.9,795,23,11,3,27,13,142|2026|25824,PARP1|ENO2|PRDX5,-0.32
Protein_MCODE_ALL,GO Biological Processes,19,GO:1904062,regulation of monoatomic cation transmembrane transport,19_GO:0051179 localization,-2.5,9.4,4.9,795,23,11,3,27,13,25|4067|11060,ABL1|LYN|WWP2,-0.32
Protein_MCODE_ALL,GO Biological Processes,19,GO:0009117,nucleotide metabolic process,19_GO:0009987 cellular process,-2.5,9.4,4.9,795,23,11,3,27,13,142|2026|25824,PARP1|ENO2|PRDX5,-0.32
Protein_MCODE_ALL,GO Biological Processes,19,GO:0051056,regulation of small GTPase mediated signal transduction,19_GO:0050896 response to stimulus,-2.5,9.4,4.9,795,23,11,3,27,13,25|867|1399,ABL1|CBL|CRKL,-0.32
Protein_MCODE_ALL,GO Biological Processes,19,GO:0034765,regulation of monoatomic ion transmembrane transport,19_GO:0051179 localization,-2.5,9,4.7,795,24,11,3,27,13,25|4067|11060,ABL1|LYN|WWP2,-0.27
Protein_MCODE_ALL,GO Biological Processes,19,GO:0031400,negative regulation of protein modification process,19_GO:0048519 negative regulation of biological process,-2.4,8.7,4.6,795,25,11,3,27,13,25|1399|4067,ABL1|CRKL|LYN,-0.26
Protein_MCODE_ALL,GO Biological Processes,19,GO:0006753,nucleoside phosphate metabolic process,19_GO:0009987 cellular process,-2.3,8,4.4,795,27,11,3,27,13,142|2026|25824,PARP1|ENO2|PRDX5,-0.19
Protein_MCODE_ALL,GO Biological Processes,19,GO:0071560,cellular response to transforming growth factor beta stimulus,19_GO:0050896 response to stimulus,-2.3,8,4.4,795,27,11,3,27,13,25|142|1399,ABL1|PARP1|CRKL,-0.19
Protein_MCODE_ALL,GO Biological Processes,19,GO:0071559,response to transforming growth factor beta,19_GO:0050896 response to stimulus,-2.3,7.7,4.3,795,28,11,3,27,13,25|142|1399,ABL1|PARP1|CRKL,-0.19
Protein_MCODE_ALL,GO Biological Processes,19,GO:0018193,peptidyl-amino acid modification,19_GO:0009987 cellular process,-2.2,7.5,4.2,795,29,11,3,27,13,25|4067|10935,ABL1|LYN|PRDX3,-0.17
Protein_MCODE_ALL,GO Biological Processes,19,GO:0055086,nucleobase-containing small molecule metabolic process,19_GO:0009987 cellular process,-2.2,7.5,4.2,795,29,11,3,27,13,142|2026|25824,PARP1|ENO2|PRDX5,-0.17
Protein_MCODE_ALL,GO Biological Processes,19,GO:1901699,cellular response to nitrogen compound,19_GO:0050896 response to stimulus,-2.2,4.7,3.6,795,61,11,4,36,15,25|142|1399|4067,ABL1|PARP1|CRKL|LYN,-0.12
Protein_MCODE_ALL,GO Biological Processes,19,GO:0002429,immune response-activating cell surface receptor signaling pathway,19_GO:0002376 immune system process,-2.1,6.8,3.9,795,32,11,3,27,13,25|1399|4067,ABL1|CRKL|LYN,-0.077
Protein_MCODE_ALL,GO Biological Processes,19,GO:0048871,multicellular organismal-level homeostasis,19_GO:0042592 homeostatic process,-2.1,4.5,3.5,795,64,11,4,36,15,25|216|4067|25824,ABL1|ALDH1A1|LYN|PRDX5,-0.063
Protein_MCODE_ALL,GO Biological Processes,19,GO:0034762,regulation of transmembrane transport,19_GO:0051179 localization,-2,6.4,3.8,795,34,11,3,27,13,25|4067|11060,ABL1|LYN|WWP2,-0.016
Protein_SUB1_MCODE_1,GO Biological Processes,19,GO:0002520,immune system development,19_GO:0002376 immune system process,-4.3,30,9.3,795,20,4,3,75,22,25|1399|4067,ABL1|CRKL|LYN,-1.2
Protein_SUB1_MCODE_1,GO Biological Processes,19,GO:0050851,antigen receptor-mediated signaling pathway,19_GO:0002376 immune system process,-4.2,28,9,795,21,4,3,75,22,25|1399|4067,ABL1|CRKL|LYN,-1.2
Protein_SUB1_MCODE_1,GO Biological Processes,19,GO:0001933,negative regulation of protein phosphorylation,19_GO:0048519 negative regulation of biological process,-4.1,26,8.6,795,23,4,3,75,22,25|1399|4067,ABL1|CRKL|LYN,-1.2
Protein_SUB1_MCODE_1,GO Biological Processes,19,GO:0051056,regulation of small GTPase mediated signal transduction,19_GO:0050896 response to stimulus,-4.1,26,8.6,795,23,4,3,75,22,25|867|1399,ABL1|CBL|CRKL,-1.2
Protein_SUB1_MCODE_1,GO Biological Processes,19,GO:0042326,negative regulation of phosphorylation,19_GO:0048519 negative regulation of biological process,-4,25,8.4,795,24,4,3,75,22,25|1399|4067,ABL1|CRKL|LYN,-1.2
Protein_SUB1_MCODE_1,GO Biological Processes,19,GO:0031400,negative regulation of protein modification process,19_GO:0048519 negative regulation of biological process,-4,24,8.3,795,25,4,3,75,22,25|1399|4067,ABL1|CRKL|LYN,-1.2
Protein_SUB1_MCODE_1,GO Biological Processes,19,GO:0010563,negative regulation of phosphorus metabolic process,19_GO:0048519 negative regulation of biological process,-3.8,21,7.6,795,29,4,3,75,22,25|1399|4067,ABL1|CRKL|LYN,-1.1
Protein_SUB1_MCODE_1,GO Biological Processes,19,GO:0045936,negative regulation of phosphate metabolic process,19_GO:0048519 negative regulation of biological process,-3.8,21,7.6,795,29,4,3,75,22,25|1399|4067,ABL1|CRKL|LYN,-1.1
Protein_SUB1_MCODE_1,GO Biological Processes,19,GO:0002429,immune response-activating cell surface receptor signaling pathway,19_GO:0002376 immune system process,-3.6,19,7.2,795,32,4,3,75,22,25|1399|4067,ABL1|CRKL|LYN,-1
Protein_SUB1_MCODE_1,GO Biological Processes,19,GO:0071675,regulation of mononuclear cell migration,19_GO:0040011 locomotion,-3.5,17,6.9,795,35,4,3,75,22,25|1399|4067,ABL1|CRKL|LYN,-0.94
Protein_SUB1_MCODE_1,GO Biological Processes,19,GO:0002366,leukocyte activation involved in immune response,19_GO:0002376 immune system process,-3.5,17,6.8,795,36,4,3,75,22,25|867|4067,ABL1|CBL|LYN,-0.93
Protein_SUB1_MCODE_1,GO Biological Processes,19,GO:0002263,cell activation involved in immune response,19_GO:0002376 immune system process,-3.4,16,6.7,795,37,4,3,75,22,25|867|4067,ABL1|CBL|LYN,-0.91
Protein_SUB1_MCODE_1,GO Biological Processes,19,GO:0002757,immune response-activating signaling pathway,19_GO:0002376 immune system process,-3.3,15,6.4,795,40,4,3,75,22,25|1399|4067,ABL1|CRKL|LYN,-0.83
Protein_SUB1_MCODE_1,GO Biological Processes,19,GO:0002768,immune response-regulating cell surface receptor signaling pathway,19_GO:0002376 immune system process,-3.3,15,6.3,795,41,4,3,75,22,25|1399|4067,ABL1|CRKL|LYN,-0.81
Protein_SUB1_MCODE_1,GO Biological Processes,19,GO:0009410,response to xenobiotic stimulus,19_GO:0050896 response to stimulus,-3.3,14,6.2,795,42,4,3,75,22,25|1399|4067,ABL1|CRKL|LYN,-0.79
Protein_SUB1_MCODE_1,GO Biological Processes,19,GO:0002253,activation of immune response,19_GO:0002376 immune system process,-3.2,14,6.1,795,44,4,3,75,22,25|1399|4067,ABL1|CRKL|LYN,-0.75
Protein_SUB1_MCODE_1,GO Biological Processes,19,GO:0010975,regulation of neuron projection development,19_GO:0032502 developmental process,-3.2,13,6,795,45,4,3,75,22,25|1399|4067,ABL1|CRKL|LYN,-0.73
Protein_SUB1_MCODE_1,GO Biological Processes,19,GO:0070372,regulation of ERK1 and ERK2 cascade,19_GO:0050896 response to stimulus,-3,12,5.6,795,51,4,3,75,22,25|1399|4067,ABL1|CRKL|LYN,-0.64
Protein_SUB1_MCODE_1,GO Biological Processes,19,GO:0051248,negative regulation of protein metabolic process,19_GO:0048519 negative regulation of biological process,-3,11,5.5,795,52,4,3,75,22,25|1399|4067,ABL1|CRKL|LYN,-0.62
Protein_SUB1_MCODE_1,GO Biological Processes,19,GO:0002685,regulation of leukocyte migration,19_GO:0040011 locomotion,-3,11,5.5,795,53,4,3,75,22,25|1399|4067,ABL1|CRKL|LYN,-0.62
Protein_SUB1_MCODE_1,GO Biological Processes,19,GO:0006897,endocytosis,19_GO:0051179 localization,-2.9,11,5.4,795,54,4,3,75,22,25|867|4067,ABL1|CBL|LYN,-0.61
Protein_SUB1_MCODE_1,GO Biological Processes,19,GO:0060627,regulation of vesicle-mediated transport,19_GO:0051179 localization,-2.9,11,5.4,795,54,4,3,75,22,25|867|4067,ABL1|CBL|LYN,-0.61
Protein_SUB1_MCODE_1,GO Biological Processes,19,GO:0098657,import into cell,19_GO:0051179 localization,-2.9,11,5.4,795,55,4,3,75,22,25|867|4067,ABL1|CBL|LYN,-0.6
Protein_SUB1_MCODE_1,GO Biological Processes,19,GO:0120035,regulation of plasma membrane bounded cell projection organization,19_GO:0050789 regulation of biological process,-2.9,11,5.4,795,55,4,3,75,22,25|1399|4067,ABL1|CRKL|LYN,-0.6
Protein_SUB1_MCODE_1,GO Biological Processes,19,GO:0031344,regulation of cell projection organization,19_GO:0050789 regulation of biological process,-2.9,11,5.3,795,56,4,3,75,22,25|1399|4067,ABL1|CRKL|LYN,-0.58
Protein_SUB1_MCODE_1,GO Biological Processes,19,GO:0002764,immune response-regulating signaling pathway,19_GO:0002376 immune system process,-2.9,10,5.3,795,57,4,3,75,22,25|1399|4067,ABL1|CRKL|LYN,-0.57
Protein_SUB1_MCODE_1,GO Biological Processes,19,GO:1901699,cellular response to nitrogen compound,19_GO:0050896 response to stimulus,-2.8,9.8,5.1,795,61,4,3,75,22,25|1399|4067,ABL1|CRKL|LYN,-0.5
Protein_SUB1_MCODE_1,GO Biological Processes,19,GO:0002252,immune effector process,19_GO:0002376 immune system process,-2.6,8.8,4.8,795,68,4,3,75,22,25|867|4067,ABL1|CBL|LYN,-0.39
Protein_SUB1_MCODE_1,GO Biological Processes,19,GO:0001934,positive regulation of protein phosphorylation,19_GO:0048518 positive regulation of biological process,-2.5,7.5,4.4,795,79,4,3,75,22,25|1399|4067,ABL1|CRKL|LYN,-0.26
Protein_SUB1_MCODE_1,GO Biological Processes,19,GO:0007169,cell surface receptor protein tyrosine kinase signaling pathway,19_GO:0050896 response to stimulus,-2.4,7.5,4.3,795,80,4,3,75,22,25|1399|4067,ABL1|CRKL|LYN,-0.26
Protein_SUB1_MCODE_1,GO Biological Processes,19,GO:0042327,positive regulation of phosphorylation,19_GO:0048518 positive regulation of biological process,-2.4,7.4,4.3,795,81,4,3,75,22,25|1399|4067,ABL1|CRKL|LYN,-0.26
Protein_SUB1_MCODE_1,GO Biological Processes,19,GO:0031401,positive regulation of protein modification process,19_GO:0048518 positive regulation of biological process,-2.4,7.3,4.3,795,82,4,3,75,22,25|1399|4067,ABL1|CRKL|LYN,-0.26
Protein_SUB1_MCODE_1,GO Biological Processes,19,GO:0043410,positive regulation of MAPK cascade,19_GO:0048518 positive regulation of biological process,-2.4,7.3,4.3,795,82,4,3,75,22,25|1399|4067,ABL1|CRKL|LYN,-0.26
Protein_SUB1_MCODE_1,GO Biological Processes,19,GO:0050778,positive regulation of immune response,19_GO:0002376 immune system process,-2.4,7.2,4.2,795,83,4,3,75,22,25|1399|4067,ABL1|CRKL|LYN,-0.25
Protein_SUB1_MCODE_1,GO Biological Processes,19,GO:0010562,positive regulation of phosphorus metabolic process,19_GO:0048518 positive regulation of biological process,-2.3,6.9,4.1,795,87,4,3,75,22,25|1399|4067,ABL1|CRKL|LYN,-0.2
Protein_SUB1_MCODE_1,GO Biological Processes,19,GO:0045937,positive regulation of phosphate metabolic process,19_GO:0048518 positive regulation of biological process,-2.3,6.9,4.1,795,87,4,3,75,22,25|1399|4067,ABL1|CRKL|LYN,-0.2
Protein_SUB1_MCODE_1,GO Biological Processes,19,GO:0045785,positive regulation of cell adhesion,19_GO:0048518 positive regulation of biological process,-2.3,6.6,4,795,90,4,3,75,22,25|1399|4067,ABL1|CRKL|LYN,-0.19
Protein_SUB1_MCODE_1,GO Biological Processes,19,GO:0071363,cellular response to growth factor stimulus,19_GO:0050896 response to stimulus,-2.3,6.6,4,795,91,4,3,75,22,25|867|1399,ABL1|CBL|CRKL,-0.19
Protein_SUB1_MCODE_1,GO Biological Processes,19,GO:0001932,regulation of protein phosphorylation,19_GO:0050789 regulation of biological process,-2.3,6.6,4,795,91,4,3,75,22,25|1399|4067,ABL1|CRKL|LYN,-0.19
Protein_SUB1_MCODE_1,GO Biological Processes,19,GO:0070848,response to growth factor,19_GO:0050896 response to stimulus,-2.3,6.5,4,795,92,4,3,75,22,25|867|1399,ABL1|CBL|CRKL,-0.19
Protein_SUB1_MCODE_1,GO Biological Processes,19,GO:0042325,regulation of phosphorylation,19_GO:0050789 regulation of biological process,-2.2,6.2,3.9,795,96,4,3,75,22,25|1399|4067,ABL1|CRKL|LYN,-0.15
Protein_SUB1_MCODE_1,GO Biological Processes,19,GO:0030335,positive regulation of cell migration,19_GO:0040011 locomotion,-2.2,6.1,3.8,795,98,4,3,75,22,25|1399|4067,ABL1|CRKL|LYN,-0.13
Protein_SUB1_MCODE_1,GO Biological Processes,19,GO:2000147,positive regulation of cell motility,19_GO:0040011 locomotion,-2.2,6.1,3.8,795,98,4,3,75,22,25|1399|4067,ABL1|CRKL|LYN,-0.13
Protein_SUB1_MCODE_1,GO Biological Processes,19,GO:0040017,positive regulation of locomotion,19_GO:0040011 locomotion,-2.2,6,3.8,795,100,4,3,75,22,25|1399|4067,ABL1|CRKL|LYN,-0.11
Protein_SUB1_MCODE_1,GO Biological Processes,19,GO:0043408,regulation of MAPK cascade,19_GO:0050896 response to stimulus,-2.1,5.7,3.7,795,104,4,3,75,22,25|1399|4067,ABL1|CRKL|LYN,-0.077
Protein_SUB1_MCODE_1,GO Biological Processes,19,GO:0045321,leukocyte activation,19_GO:0002376 immune system process,-2,5.4,3.5,795,111,4,3,75,22,25|867|4067,ABL1|CBL|LYN,-0.0094
Protein_SUB1_MCODE_2,GO Biological Processes,19,GO:1990748,cellular detoxification,19_GO:0098754 detoxification,-5.4,66,14,795,9,4,3,75,22,216|10935|25824,ALDH1A1|PRDX3|PRDX5,-1.7
Protein_SUB1_MCODE_2,GO Biological Processes,19,GO:0098754,detoxification,19_GO:0098754 detoxification,-5.4,66,14,795,9,4,3,75,22,216|10935|25824,ALDH1A1|PRDX3|PRDX5,-1.7
Protein_SUB1_MCODE_2,GO Biological Processes,19,GO:0097237,cellular response to toxic substance,19_GO:0050896 response to stimulus,-5.2,60,13,795,10,4,3,75,22,216|10935|25824,ALDH1A1|PRDX3|PRDX5,-1.7
Protein_SUB1_MCODE_2,GO Biological Processes,19,GO:0009636,response to toxic substance,19_GO:0050896 response to stimulus,-4.1,27,8.8,795,22,4,3,75,22,216|10935|25824,ALDH1A1|PRDX3|PRDX5,-1.2
