Network,Annotation
Protein,GO:0042391|regulation of membrane potential|-5.6;GO:0051276|chromosome organization|-5.2;GO:0034599|cellular response to oxidative stress|-5.1
Protein_MCODE_ALL,GO:0045936|negative regulation of phosphate metabolic process|-4.7;GO:0010563|negative regulation of phosphorus metabolic process|-4.7;GO:0042391|regulation of membrane potential|-4.4
Protein_SUB1_MCODE_1,GO:0002520|immune system development|-4.3;GO:0050851|antigen receptor-mediated signaling pathway|-4.2;GO:0001933|negative regulation of protein phosphorylation|-4.1
Protein_SUB1_MCODE_2,GO:1990748|cellular detoxification|-5.4;GO:0098754|detoxification|-5.4;GO:0097237|cellular response to toxic substance|-5.2
