_MEMBER_Protein,_LogP_Protein,GO,_PATTERN_,_RANK_,GiniIndex,Category,CategoryID,Description,PARENT_GO,LogP,Enrichment,Z-score,#TotalGeneInLibrary,#GeneInGO,#GeneInHitList,#GeneInGOAndHitList,%InGO,STDV %InGO,GeneID,Hits,Log(q-value),EvidenceCutoff,GROUP_ID,FirstInGroupByEnrichment,FirstInGroupByLogP,BestLogPInGroup,BestEnrichmentInGroup,URL
1,-4.081931567047338,GO:1902532,M1,1,0,GO Biological Processes,19,negative regulation of intracellular signal transduction,19_GO:0048519 negative regulation of biological process,-4.081931567047338,3.3567909922589725,4.7746352493896875,795,49,58,12,20.689655172413794,5.318970094255658,637|2056|2281|2308|4035|5495|5795|9270|9770|50484|55024|55914,BID|EPO|FKBP1B|FOXO1|LRP1|PPM1B|PTPRJ|ITGB1BP1|RASSF2|RRM2B|BANK1|ERBIN,0.0,0,1,1,1,-4.081931567047338,3.3567909922589725,
1,-2.85313979154978,GO:0010389,M1,1,0,GO Biological Processes,19,regulation of G2/M transition of mitotic cell cycle,19_GO:0050789 regulation of biological process,-2.85313979154978,10.280172413793103,5.216609199443624,795,4,58,3,5.172413793103448,2.9080373606172647,4683|50484|63967,NBN|RRM2B|CLSPN,0.0,0,2,1,1,-2.85313979154978,10.280172413793103,
1,-2.2004369076176333,GO:1902749,M1,1,0,GO Biological Processes,19,regulation of cell cycle G2/M phase transition,19_GO:0050789 regulation of biological process,-2.2004369076176333,6.8534482758620685,4.034961662531931,795,6,58,3,5.172413793103448,2.9080373606172647,4683|50484|63967,NBN|RRM2B|CLSPN,0.0,0,2,0,0,-2.85313979154978,10.280172413793103,
1,-2.842588592394594,GO:0016311,M1,1,0,GO Biological Processes,19,dephosphorylation,19_GO:0009987 cellular process,-2.842588592394594,6.8534482758620685,4.665088815850783,795,8,58,4,6.896551724137931,3.327245797772467,3636|5495|5795|54704,INPPL1|PPM1B|PTPRJ|PDP1,0.0,0,3,1,1,-2.842588592394594,6.8534482758620685,
1,-2.2004369076176333,GO:0006470,M1,1,0,GO Biological Processes,19,protein dephosphorylation,19_GO:0009987 cellular process,-2.2004369076176333,6.8534482758620685,4.034961662531931,795,6,58,3,5.172413793103448,2.9080373606172647,5495|5795|54704,PPM1B|PTPRJ|PDP1,0.0,0,3,0,0,-2.842588592394594,6.8534482758620685,
1,-2.3896764901362517,GO:0007005,M1,1,0,GO Biological Processes,19,mitochondrion organization,19_GO:0009987 cellular process,-2.3896764901362517,4.283405172413794,3.71968569523065,795,16,58,5,8.620689655172415,3.6853687304090257,637|4846|9131|23408|50484,BID|NOS3|AIFM1|SIRT5|RRM2B,0.0,0,4,1,1,-2.3896764901362517,4.283405172413794,
1,-2.253989949873956,GO:1902903,M1,1,0,GO Biological Processes,19,regulation of supramolecular fiber organization,19_GO:0050789 regulation of biological process,-2.253989949873956,3.4267241379310343,3.3844596898340105,795,24,58,6,10.344827586206897,3.9988517766469047,2242|3636|5829|5921|7454|9270,FES|INPPL1|PXN|RASA1|WAS|ITGB1BP1,0.0,0,5,1,1,-2.253989949873956,3.8074712643678166,
1,-2.1599060191849837,GO:0032956,M1,1,0,GO Biological Processes,19,regulation of actin cytoskeleton organization,19_GO:0050789 regulation of biological process,-2.1599060191849837,3.2896551724137932,3.2612585243950725,795,25,58,6,10.344827586206897,3.9988517766469047,3636|4035|5829|5921|7454|9270,INPPL1|LRP1|PXN|RASA1|WAS|ITGB1BP1,0.0,0,5,0,0,-2.253989949873956,3.8074712643678166,
1,-2.146595144261642,GO:0110053,M1,1,0,GO Biological Processes,19,regulation of actin filament organization,19_GO:0050789 regulation of biological process,-2.146595144261642,3.8074712643678166,3.3777816107427387,795,18,58,5,8.620689655172415,3.6853687304090257,3636|5829|5921|7454|9270,INPPL1|PXN|RASA1|WAS|ITGB1BP1,0.0,0,5,0,0,-2.253989949873956,3.8074712643678166,
1,-2.1385985102789093,GO:0051493,M1,1,0,GO Biological Processes,19,regulation of cytoskeleton organization,19_GO:0050789 regulation of biological process,-2.1385985102789093,2.9075235109717865,3.137905698316052,795,33,58,7,12.068965517241379,4.277520678657319,2242|3636|4035|5829|5921|7454|9270,FES|INPPL1|LRP1|PXN|RASA1|WAS|ITGB1BP1,0.0,0,5,0,0,-2.253989949873956,3.8074712643678166,
1,-2.0710511013739175,GO:0032970,M1,1,0,GO Biological Processes,19,regulation of actin filament-based process,19_GO:0050789 regulation of biological process,-2.0710511013739175,3.163129973474801,3.1441019744833762,795,26,58,6,10.344827586206897,3.9988517766469047,3636|4035|5829|5921|7454|9270,INPPL1|LRP1|PXN|RASA1|WAS|ITGB1BP1,0.0,0,5,0,0,-2.253989949873956,3.8074712643678166,
1,-2.1599060191849837,GO:0062197,M1,1,0,GO Biological Processes,19,cellular response to chemical stress,19_GO:0050896 response to stimulus,-2.1599060191849837,3.2896551724137932,3.2612585243950725,795,25,58,6,10.344827586206897,3.9988517766469047,2056|2308|4846|5829|8575|9131,EPO|FOXO1|NOS3|PXN|PRKRA|AIFM1,0.0,0,6,1,1,-2.1599060191849837,3.2896551724137932,
1,-2.146595144261642,GO:0008610,M1,1,0,GO Biological Processes,19,lipid biosynthetic process,19_GO:0009987 cellular process,-2.146595144261642,3.8074712643678166,3.3777816107427387,795,18,58,5,8.620689655172415,3.6853687304090257,3636|3972|4598|5564|27306,INPPL1|LHB|MVK|PRKAB1|HPGDS,0.0,0,7,1,1,-2.146595144261642,3.8074712643678166,
