Category,CategoryID,GO,Description,PARENT_GO,LogP,Enrichment,Z-score,#TotalGeneInLibrary,#GeneInGO,#GeneInHitList,#GeneInGOAndHitList,%InGO,STDV %InGO,GeneID,Hits,Log(q-value),GeneList
GO Biological Processes,19,GO:1902532,negative regulation of intracellular signal transduction,19_GO:0048519 negative regulation of biological process,-4.1,3.4,4.8,795,49,58,12,21,5.3,637|2056|2281|2308|4035|5495|5795|9270|9770|50484|55024|55914,BID|EPO|FKBP1B|FOXO1|LRP1|PPM1B|PTPRJ|ITGB1BP1|RASSF2|RRM2B|BANK1|ERBIN,0,Protein
GO Biological Processes,19,GO:0010389,regulation of G2/M transition of mitotic cell cycle,19_GO:0050789 regulation of biological process,-2.9,10,5.2,795,4,58,3,5.2,2.9,4683|50484|63967,NBN|RRM2B|CLSPN,0,Protein
GO Biological Processes,19,GO:0016311,dephosphorylation,19_GO:0009987 cellular process,-2.8,6.9,4.7,795,8,58,4,6.9,3.3,3636|5495|5795|54704,INPPL1|PPM1B|PTPRJ|PDP1,0,Protein
GO Biological Processes,19,GO:0007005,mitochondrion organization,19_GO:0009987 cellular process,-2.4,4.3,3.7,795,16,58,5,8.6,3.7,637|4846|9131|23408|50484,BID|NOS3|AIFM1|SIRT5|RRM2B,0,Protein
GO Biological Processes,19,GO:1902903,regulation of supramolecular fiber organization,19_GO:0050789 regulation of biological process,-2.3,3.4,3.4,795,24,58,6,10,4,2242|3636|5829|5921|7454|9270,FES|INPPL1|PXN|RASA1|WAS|ITGB1BP1,0,Protein
GO Biological Processes,19,GO:1902749,regulation of cell cycle G2/M phase transition,19_GO:0050789 regulation of biological process,-2.2,6.9,4,795,6,58,3,5.2,2.9,4683|50484|63967,NBN|RRM2B|CLSPN,0,Protein
GO Biological Processes,19,GO:0006470,protein dephosphorylation,19_GO:0009987 cellular process,-2.2,6.9,4,795,6,58,3,5.2,2.9,5495|5795|54704,PPM1B|PTPRJ|PDP1,0,Protein
GO Biological Processes,19,GO:0062197,cellular response to chemical stress,19_GO:0050896 response to stimulus,-2.2,3.3,3.3,795,25,58,6,10,4,2056|2308|4846|5829|8575|9131,EPO|FOXO1|NOS3|PXN|PRKRA|AIFM1,0,Protein
GO Biological Processes,19,GO:0032956,regulation of actin cytoskeleton organization,19_GO:0050789 regulation of biological process,-2.2,3.3,3.3,795,25,58,6,10,4,3636|4035|5829|5921|7454|9270,INPPL1|LRP1|PXN|RASA1|WAS|ITGB1BP1,0,Protein
GO Biological Processes,19,GO:0110053,regulation of actin filament organization,19_GO:0050789 regulation of biological process,-2.1,3.8,3.4,795,18,58,5,8.6,3.7,3636|5829|5921|7454|9270,INPPL1|PXN|RASA1|WAS|ITGB1BP1,0,Protein
GO Biological Processes,19,GO:0008610,lipid biosynthetic process,19_GO:0009987 cellular process,-2.1,3.8,3.4,795,18,58,5,8.6,3.7,3636|3972|4598|5564|27306,INPPL1|LHB|MVK|PRKAB1|HPGDS,0,Protein
GO Biological Processes,19,GO:0051493,regulation of cytoskeleton organization,19_GO:0050789 regulation of biological process,-2.1,2.9,3.1,795,33,58,7,12,4.3,2242|3636|4035|5829|5921|7454|9270,FES|INPPL1|LRP1|PXN|RASA1|WAS|ITGB1BP1,0,Protein
GO Biological Processes,19,GO:0032970,regulation of actin filament-based process,19_GO:0050789 regulation of biological process,-2.1,3.2,3.1,795,26,58,6,10,4,3636|4035|5829|5921|7454|9270,INPPL1|LRP1|PXN|RASA1|WAS|ITGB1BP1,0,Protein
