_MEMBER_Protein,_LogP_Protein,GO,Description,_PATTERN_,_RANK_,GiniIndex
1,-2.2,GO:0032956,regulation of actin cytoskeleton organization,M1,1,0
1,-2.9,GO:0010389,regulation of G2/M transition of mitotic cell cycle,M1,1,0
1,-2.3,GO:1902903,regulation of supramolecular fiber organization,M1,1,0
1,-2.1,GO:0051493,regulation of cytoskeleton organization,M1,1,0
1,-2.1,GO:0110053,regulation of actin filament organization,M1,1,0
1,-2.2,GO:0062197,cellular response to chemical stress,M1,1,0
1,-2.4,GO:0007005,mitochondrion organization,M1,1,0
1,-2.2,GO:1902749,regulation of cell cycle G2/M phase transition,M1,1,0
1,-2.1,GO:0008610,lipid biosynthetic process,M1,1,0
1,-2.1,GO:0032970,regulation of actin filament-based process,M1,1,0
1,-2.2,GO:0006470,protein dephosphorylation,M1,1,0
1,-4.1,GO:1902532,negative regulation of intracellular signal transduction,M1,1,0
1,-2.8,GO:0016311,dephosphorylation,M1,1,0
