_MEMBER_Protein,_LogP_Protein,GO,Description,_PATTERN_,_RANK_,CHILD_GO_Protein
1,-4.081931567047338,GO:0048519,negative regulation of biological process,M1,1,GO:1902532 negative regulation of intracellular signal transduction
1,-2.85313979154978,GO:0050789,regulation of biological process,M1,1,GO:0010389 regulation of G2/M transition of mitotic cell cycle
1,-2.842588592394594,GO:0009987,cellular process,M1,1,GO:0016311 dephosphorylation
1,-2.1599060191849837,GO:0050896,response to stimulus,M1,1,GO:0062197 cellular response to chemical stress
