_MEMBER_Protein,_LogP_Protein,GO,_PATTERN_,_RANK_,GiniIndex,Category,CategoryID,Description,PARENT_GO,LogP,Enrichment,Z-score,#TotalGeneInLibrary,#GeneInGO,#GeneInHitList,#GeneInGOAndHitList,%InGO,STDV %InGO,GeneID,Hits,Log(q-value),EvidenceCutoff,GROUP_ID,FirstInGroupByEnrichment,FirstInGroupByLogP,BestLogPInGroup,BestEnrichmentInGroup,URL
1,-4.810215478051137,GO:0009636,M1,1,0,GO Biological Processes,19,response to toxic substance,19_GO:0050896 response to stimulus,-4.810215478051137,3.2623106060606064,5.05795344893428,795,22,144,13,9.027777777777779,2.3881609122642766,216|1026|1644|2950|4067|4747|5052|6348|6351|6648|9588|10935|25824,ALDH1A1|CDKN1A|DDC|GSTP1|LYN|NEFL|PRDX1|CCL3|CCL4|SOD2|PRDX6|PRDX3|PRDX5,-0.6381382210816562,0,1,1,1,-4.810215478051137,5.520833333333335,
1,-3.8337370184394635,GO:0098754,M1,1,0,GO Biological Processes,19,detoxification,19_GO:0098754 detoxification,-3.8337370184394635,4.293981481481481,4.671239535425973,795,9,144,7,4.861111111111111,1.7921137230557895,216|2950|5052|6648|9588|10935|25824,ALDH1A1|GSTP1|PRDX1|SOD2|PRDX6|PRDX3|PRDX5,-0.5647497484619265,0,1,0,0,-4.810215478051137,5.520833333333335,
1,-3.8337370184394635,GO:1990748,M1,1,0,GO Biological Processes,19,cellular detoxification,19_GO:0098754 detoxification,-3.8337370184394635,4.293981481481481,4.671239535425973,795,9,144,7,4.861111111111111,1.7921137230557895,216|2950|5052|6648|9588|10935|25824,ALDH1A1|GSTP1|PRDX1|SOD2|PRDX6|PRDX3|PRDX5,-0.5647497484619265,0,1,0,0,-4.810215478051137,5.520833333333335,
1,-3.3822466309076096,GO:0097237,M1,1,0,GO Biological Processes,19,cellular response to toxic substance,19_GO:0050896 response to stimulus,-3.3822466309076096,3.864583333333333,4.284771191660189,795,10,144,7,4.861111111111111,1.7921137230557895,216|2950|5052|6648|9588|10935|25824,ALDH1A1|GSTP1|PRDX1|SOD2|PRDX6|PRDX3|PRDX5,-0.251562059096354,0,1,0,0,-4.810215478051137,5.520833333333335,
1,-3.183362801754057,GO:0098869,M1,1,0,GO Biological Processes,19,cellular oxidant detoxification,19_GO:0098754 detoxification,-3.183362801754057,4.140625000000001,4.196379084198763,795,8,144,6,4.166666666666667,1.6652192789280276,2950|5052|6648|9588|10935|25824,GSTP1|PRDX1|SOD2|PRDX6|PRDX3|PRDX5,-0.23725526155207738,0,1,0,0,-4.810215478051137,5.520833333333335,
1,-3.0257370265534766,GO:0045454,M1,1,0,GO Biological Processes,19,cell redox homeostasis,19_GO:0042592 homeostatic process,-3.0257370265534766,4.600694444444445,4.161255624702416,795,6,144,5,3.4722222222222223,1.5256280470444523,328|5052|9588|10935|25824,APEX1|PRDX1|PRDX6|PRDX3|PRDX5,-0.23725526155207738,0,1,0,0,-4.810215478051137,5.520833333333335,
1,-2.9829800133919413,GO:0042743,M1,1,0,GO Biological Processes,19,hydrogen peroxide metabolic process,19_GO:0009987 cellular process,-2.9829800133919413,5.520833333333333,4.260506707438658,795,4,144,4,2.7777777777777777,1.3694629127545408,5052|6648|10935|25824,PRDX1|SOD2|PRDX3|PRDX5,-0.23725526155207738,0,1,0,0,-4.810215478051137,5.520833333333335,
1,-2.9621744871793387,GO:0034614,M1,1,0,GO Biological Processes,19,cellular response to reactive oxygen species,19_GO:0050896 response to stimulus,-2.9621744871793387,3.1547619047619047,3.823303661110611,795,14,144,8,5.555555555555555,1.9088451970452132,25|4137|5052|6648|6714|7155|10935|25824,ABL1|MAPT|PRDX1|SOD2|SRC|TOP2B|PRDX3|PRDX5,-0.23725526155207738,0,1,0,0,-4.810215478051137,5.520833333333335,
1,-2.799567011229398,GO:0006979,M1,1,0,GO Biological Processes,19,response to oxidative stress,19_GO:0050896 response to stimulus,-2.799567011229398,2.208333333333333,3.4364892144613557,795,35,144,14,9.722222222222221,2.4688343758913818,25|142|2950|3163|4137|5052|6648|6714|7155|9588|10935|11168|23607|25824,ABL1|PARP1|GSTP1|HMOX2|MAPT|PRDX1|SOD2|SRC|TOP2B|PRDX6|PRDX3|PSIP1|CD2AP|PRDX5,-0.1483637785347272,0,1,0,0,-4.810215478051137,5.520833333333335,
1,-2.776372991153932,GO:0051881,M1,1,0,GO Biological Processes,19,regulation of mitochondrial membrane potential,19_GO:0065007 biological regulation,-2.776372991153932,3.6805555555555562,3.8013319620683603,795,9,144,6,4.166666666666667,1.6652192789280276,25|142|4137|6648|6714|10935,ABL1|PARP1|MAPT|SOD2|SRC|PRDX3,-0.1483637785347272,0,1,0,0,-4.810215478051137,5.520833333333335,
1,-2.3421331625567254,GO:0000302,M1,1,0,GO Biological Processes,19,response to reactive oxygen species,19_GO:0050896 response to stimulus,-2.3421331625567254,2.484375,3.1601578840209776,795,20,144,9,6.25,2.017178826149696,25|2950|4137|5052|6648|6714|7155|10935|25824,ABL1|GSTP1|MAPT|PRDX1|SOD2|SRC|TOP2B|PRDX3|PRDX5,0.0,0,1,0,0,-4.810215478051137,5.520833333333335,
1,-2.3421331625567254,GO:0034599,M1,1,0,GO Biological Processes,19,cellular response to oxidative stress,19_GO:0050896 response to stimulus,-2.3421331625567254,2.484375,3.1601578840209776,795,20,144,9,6.25,2.017178826149696,25|142|4137|5052|6648|6714|7155|10935|25824,ABL1|PARP1|MAPT|PRDX1|SOD2|SRC|TOP2B|PRDX3|PRDX5,0.0,0,1,0,0,-4.810215478051137,5.520833333333335,
1,-2.2689159155944942,GO:0042391,M1,1,0,GO Biological Processes,19,regulation of membrane potential,19_GO:0065007 biological regulation,-2.2689159155944942,2.598039215686274,3.130567683911849,795,17,144,8,5.555555555555555,1.9088451970452132,25|142|2745|4137|6648|6714|10935|11060,ABL1|PARP1|GLRX|MAPT|SOD2|SRC|PRDX3|WWP2,0.0,0,1,0,0,-4.810215478051137,5.520833333333335,
1,-2.2334739444581513,GO:0042744,M1,1,0,GO Biological Processes,19,hydrogen peroxide catabolic process,19_GO:0009987 cellular process,-2.2334739444581513,5.520833333333335,3.6873769453872947,795,3,144,3,2.0833333333333335,1.1902178125696257,5052|10935|25824,PRDX1|PRDX3|PRDX5,0.0,0,1,0,0,-4.810215478051137,5.520833333333335,
1,-2.1132542408571013,GO:0062197,M1,1,0,GO Biological Processes,19,cellular response to chemical stress,19_GO:0050896 response to stimulus,-2.1132542408571013,2.2083333333333335,2.8854423447863726,795,25,144,10,6.944444444444445,2.118403381680918,25|142|2203|4137|5052|6648|6714|7155|10935|25824,ABL1|PARP1|FBP1|MAPT|PRDX1|SOD2|SRC|TOP2B|PRDX3|PRDX5,0.0,0,1,0,0,-4.810215478051137,5.520833333333335,
1,-3.8340551291557796,GO:0010563,M1,1,0,GO Biological Processes,19,negative regulation of phosphorus metabolic process,19_GO:0048519 negative regulation of biological process,-3.8340551291557796,2.665229885057471,4.293977984628124,795,29,144,14,9.722222222222221,2.4688343758913818,25|142|1026|1399|1981|2203|2950|4067|4869|5770|10935|11006|57103|84335,ABL1|PARP1|CDKN1A|CRKL|EIF4G1|FBP1|GSTP1|LYN|NPM1|PTPN1|PRDX3|LILRB4|TIGAR|AKT1S1,-0.5647497484619265,0,2,1,1,-3.8340551291557796,5.520833333333335,
1,-3.8340551291557796,GO:0045936,M1,1,0,GO Biological Processes,19,negative regulation of phosphate metabolic process,19_GO:0048519 negative regulation of biological process,-3.8340551291557796,2.665229885057471,4.293977984628124,795,29,144,14,9.722222222222221,2.4688343758913818,25|142|1026|1399|1981|2203|2950|4067|4869|5770|10935|11006|57103|84335,ABL1|PARP1|CDKN1A|CRKL|EIF4G1|FBP1|GSTP1|LYN|NPM1|PTPN1|PRDX3|LILRB4|TIGAR|AKT1S1,-0.5647497484619265,0,2,0,0,-3.8340551291557796,5.520833333333335,
1,-3.5062964112723405,GO:0033673,M1,1,0,GO Biological Processes,19,negative regulation of kinase activity,19_GO:0048519 negative regulation of biological process,-3.5062964112723405,3.3125,4.249923107505514,795,15,144,9,6.25,2.017178826149696,25|1026|2950|4067|4869|5770|10935|11006|84335,ABL1|CDKN1A|GSTP1|LYN|NPM1|PTPN1|PRDX3|LILRB4|AKT1S1,-0.33421915430285987,0,2,0,0,-3.8340551291557796,5.520833333333335,
1,-3.5062964112723405,GO:0051348,M1,1,0,GO Biological Processes,19,negative regulation of transferase activity,19_GO:0065007 biological regulation,-3.5062964112723405,3.3125,4.249923107505514,795,15,144,9,6.25,2.017178826149696,25|1026|2950|4067|4869|5770|10935|11006|84335,ABL1|CDKN1A|GSTP1|LYN|NPM1|PTPN1|PRDX3|LILRB4|AKT1S1,-0.33421915430285987,0,2,0,0,-3.8340551291557796,5.520833333333335,
1,-3.0681687661179935,GO:0051248,M1,1,0,GO Biological Processes,19,negative regulation of protein metabolic process,19_GO:0048519 negative regulation of biological process,-3.0681687661179935,2.0172275641025643,3.5663699168474676,795,52,144,19,13.194444444444445,2.820252993289631,25|811|1026|1399|1978|1981|2272|2950|4067|4137|4869|5202|5770|6714|7917|8832|9101|11006|84335,ABL1|CALR|CDKN1A|CRKL|EIF4EBP1|EIF4G1|FHIT|GSTP1|LYN|MAPT|NPM1|PFDN2|PTPN1|SRC|BAG6|CD84|USP8|LILRB4|AKT1S1,-0.23725526155207738,0,2,0,0,-3.8340551291557796,5.520833333333335,
1,-2.9621744871793387,GO:0006469,M1,1,0,GO Biological Processes,19,negative regulation of protein kinase activity,19_GO:0048519 negative regulation of biological process,-2.9621744871793387,3.1547619047619047,3.823303661110611,795,14,144,8,5.555555555555555,1.9088451970452132,25|1026|2950|4067|4869|5770|11006|84335,ABL1|CDKN1A|GSTP1|LYN|NPM1|PTPN1|LILRB4|AKT1S1,-0.23725526155207738,0,2,0,0,-3.8340551291557796,5.520833333333335,
1,-2.8571824197779145,GO:0042326,M1,1,0,GO Biological Processes,19,negative regulation of phosphorylation,19_GO:0048519 negative regulation of biological process,-2.8571824197779145,2.5303819444444446,3.578320759732579,795,24,144,11,7.638888888888889,2.21349438644737,25|1026|1399|1981|2950|4067|4869|5770|10935|11006|84335,ABL1|CDKN1A|CRKL|EIF4G1|GSTP1|LYN|NPM1|PTPN1|PRDX3|LILRB4|AKT1S1,-0.16222641752809636,0,2,0,0,-3.8340551291557796,5.520833333333335,
1,-2.6783773618940123,GO:0031400,M1,1,0,GO Biological Processes,19,negative regulation of protein modification process,19_GO:0048519 negative regulation of biological process,-2.6783773618940123,2.4291666666666667,3.4127818077990546,795,25,144,11,7.638888888888889,2.21349438644737,25|1026|1399|1981|2950|4067|4137|4869|5770|11006|84335,ABL1|CDKN1A|CRKL|EIF4G1|GSTP1|LYN|MAPT|NPM1|PTPN1|LILRB4|AKT1S1,-0.08608370154134191,0,2,0,0,-3.8340551291557796,5.520833333333335,
1,-2.456347265097546,GO:0043086,M1,1,0,GO Biological Processes,19,negative regulation of catalytic activity,19_GO:0065007 biological regulation,-2.456347265097546,2.208333333333334,3.1711564524612417,795,30,144,12,8.333333333333334,2.303211659969028,25|1026|1676|2950|4067|4869|5770|6714|10935|11006|25824|84335,ABL1|CDKN1A|DFFA|GSTP1|LYN|NPM1|PTPN1|SRC|PRDX3|LILRB4|PRDX5|AKT1S1,0.0,0,2,0,0,-3.8340551291557796,5.520833333333335,
1,-2.424256468071121,GO:0001933,M1,1,0,GO Biological Processes,19,negative regulation of protein phosphorylation,19_GO:0048519 negative regulation of biological process,-2.424256468071121,2.4003623188405796,3.203293164604297,795,23,144,10,6.944444444444445,2.118403381680918,25|1026|1399|1981|2950|4067|4869|5770|11006|84335,ABL1|CDKN1A|CRKL|EIF4G1|GSTP1|LYN|NPM1|PTPN1|LILRB4|AKT1S1,0.0,0,2,0,0,-3.8340551291557796,5.520833333333335,
1,-2.3503167182730067,GO:0071901,M1,1,0,GO Biological Processes,19,negative regulation of protein serine/threonine kinase activity,19_GO:0048519 negative regulation of biological process,-2.3503167182730067,4.416666666666666,3.6022601204606697,795,5,144,4,2.7777777777777777,1.3694629127545408,25|2950|4067|5770,ABL1|GSTP1|LYN|PTPN1,0.0,0,2,0,0,-3.8340551291557796,5.520833333333335,
1,-2.2334739444581513,GO:0060397,M1,1,0,GO Biological Processes,19,growth hormone receptor signaling pathway via JAK-STAT,19_GO:0050896 response to stimulus,-2.2334739444581513,5.520833333333335,3.6873769453872947,795,3,144,3,2.0833333333333335,1.1902178125696257,2688|4067|5770,GH1|LYN|PTPN1,0.0,0,2,0,0,-3.8340551291557796,5.520833333333335,
1,-2.080801735246938,GO:1902532,M1,1,0,GO Biological Processes,19,negative regulation of intracellular signal transduction,19_GO:0048519 negative regulation of biological process,-2.080801735246938,1.8027210884353742,2.7264296860085175,795,49,144,16,11.11111111111111,2.6189140043946204,25|142|811|841|2203|2950|4067|5770|6648|6714|7430|8379|10617|11006|23607|84335,ABL1|PARP1|CALR|CASP8|FBP1|GSTP1|LYN|PTPN1|SOD2|SRC|EZR|MAD1L1|STAMBP|LILRB4|CD2AP|AKT1S1,0.0,0,2,0,0,-3.8340551291557796,5.520833333333335,
1,-3.8337370184394635,GO:0019362,M1,1,0,GO Biological Processes,19,pyridine nucleotide metabolic process,19_GO:0009987 cellular process,-3.8337370184394635,4.293981481481481,4.671239535425973,795,9,144,7,4.861111111111111,1.7921137230557895,2026|5213|8942|25824|57103|64080|64802,ENO2|PFKM|KYNU|PRDX5|TIGAR|RBKS|NMNAT1,-0.5647497484619265,0,3,1,1,-3.8337370184394635,5.520833333333335,
1,-3.8337370184394635,GO:0046496,M1,1,0,GO Biological Processes,19,nicotinamide nucleotide metabolic process,19_GO:0009987 cellular process,-3.8337370184394635,4.293981481481481,4.671239535425973,795,9,144,7,4.861111111111111,1.7921137230557895,2026|5213|8942|25824|57103|64080|64802,ENO2|PFKM|KYNU|PRDX5|TIGAR|RBKS|NMNAT1,-0.5647497484619265,0,3,0,0,-3.8337370184394635,5.520833333333335,
1,-3.8337370184394635,GO:0072524,M1,1,0,GO Biological Processes,19,pyridine-containing compound metabolic process,19_GO:0009987 cellular process,-3.8337370184394635,4.293981481481481,4.671239535425973,795,9,144,7,4.861111111111111,1.7921137230557895,2026|5213|8942|25824|57103|64080|64802,ENO2|PFKM|KYNU|PRDX5|TIGAR|RBKS|NMNAT1,-0.5647497484619265,0,3,0,0,-3.8337370184394635,5.520833333333335,
1,-2.9980924132811015,GO:0006163,M1,1,0,GO Biological Processes,19,purine nucleotide metabolic process,19_GO:0009987 cellular process,-2.9980924132811015,2.760416666666667,3.747836367716107,795,20,144,10,6.944444444444445,2.118403381680918,142|2026|2272|5213|8942|25824|57103|64080|64802|84836,PARP1|ENO2|FHIT|PFKM|KYNU|PRDX5|TIGAR|RBKS|NMNAT1|ABHD14B,-0.23725526155207738,0,3,0,0,-3.8337370184394635,5.520833333333335,
1,-2.424256468071121,GO:0009117,M1,1,0,GO Biological Processes,19,nucleotide metabolic process,19_GO:0009987 cellular process,-2.424256468071121,2.4003623188405796,3.203293164604297,795,23,144,10,6.944444444444445,2.118403381680918,142|2026|2272|5213|8942|25824|57103|64080|64802|84836,PARP1|ENO2|FHIT|PFKM|KYNU|PRDX5|TIGAR|RBKS|NMNAT1|ABHD14B,0.0,0,3,0,0,-3.8337370184394635,5.520833333333335,
1,-2.424256468071121,GO:0072521,M1,1,0,GO Biological Processes,19,purine-containing compound metabolic process,19_GO:0009987 cellular process,-2.424256468071121,2.4003623188405796,3.203293164604297,795,23,144,10,6.944444444444445,2.118403381680918,142|2026|2272|5213|8942|25824|57103|64080|64802|84836,PARP1|ENO2|FHIT|PFKM|KYNU|PRDX5|TIGAR|RBKS|NMNAT1|ABHD14B,0.0,0,3,0,0,-3.8337370184394635,5.520833333333335,
1,-2.2334739444581513,GO:0006090,M1,1,0,GO Biological Processes,19,pyruvate metabolic process,19_GO:0009987 cellular process,-2.2334739444581513,5.520833333333335,3.6873769453872947,795,3,144,3,2.0833333333333335,1.1902178125696257,2026|5213|57103,ENO2|PFKM|TIGAR,0.0,0,3,0,0,-3.8337370184394635,5.520833333333335,
1,-2.2334739444581513,GO:0006096,M1,1,0,GO Biological Processes,19,glycolytic process,19_GO:0009987 cellular process,-2.2334739444581513,5.520833333333335,3.6873769453872947,795,3,144,3,2.0833333333333335,1.1902178125696257,2026|5213|57103,ENO2|PFKM|TIGAR,0.0,0,3,0,0,-3.8337370184394635,5.520833333333335,
1,-2.2334739444581513,GO:0019364,M1,1,0,GO Biological Processes,19,pyridine nucleotide catabolic process,19_GO:0009987 cellular process,-2.2334739444581513,5.520833333333335,3.6873769453872947,795,3,144,3,2.0833333333333335,1.1902178125696257,2026|5213|57103,ENO2|PFKM|TIGAR,0.0,0,3,0,0,-3.8337370184394635,5.520833333333335,
1,-2.2334739444581513,GO:0072526,M1,1,0,GO Biological Processes,19,pyridine-containing compound catabolic process,19_GO:0009987 cellular process,-2.2334739444581513,5.520833333333335,3.6873769453872947,795,3,144,3,2.0833333333333335,1.1902178125696257,2026|5213|57103,ENO2|PFKM|TIGAR,0.0,0,3,0,0,-3.8337370184394635,5.520833333333335,
1,-2.192542200084337,GO:0009199,M1,1,0,GO Biological Processes,19,ribonucleoside triphosphate metabolic process,19_GO:0009987 cellular process,-2.192542200084337,3.4505208333333335,3.274289152762053,795,8,144,5,3.4722222222222223,1.5256280470444523,142|2026|5213|57103|64802,PARP1|ENO2|PFKM|TIGAR|NMNAT1,0.0,0,3,0,0,-3.8337370184394635,5.520833333333335,
1,-2.192542200084337,GO:0009205,M1,1,0,GO Biological Processes,19,purine ribonucleoside triphosphate metabolic process,19_GO:0009987 cellular process,-2.192542200084337,3.4505208333333335,3.274289152762053,795,8,144,5,3.4722222222222223,1.5256280470444523,142|2026|5213|57103|64802,PARP1|ENO2|PFKM|TIGAR|NMNAT1,0.0,0,3,0,0,-3.8337370184394635,5.520833333333335,
1,-2.192542200084337,GO:0046034,M1,1,0,GO Biological Processes,19,ATP metabolic process,19_GO:0009987 cellular process,-2.192542200084337,3.4505208333333335,3.274289152762053,795,8,144,5,3.4722222222222223,1.5256280470444523,142|2026|5213|57103|64802,PARP1|ENO2|PFKM|TIGAR|NMNAT1,0.0,0,3,0,0,-3.8337370184394635,5.520833333333335,
1,-2.1756024277094603,GO:0006091,M1,1,0,GO Biological Processes,19,generation of precursor metabolites and energy,19_GO:0009987 cellular process,-2.1756024277094603,3.011363636363637,3.157402208638061,795,11,144,6,4.166666666666667,1.6652192789280276,2026|5213|5504|6648|57103|64080,ENO2|PFKM|PPP1R2|SOD2|TIGAR|RBKS,0.0,0,3,0,0,-3.8337370184394635,5.520833333333335,
1,-2.079819342872216,GO:0055086,M1,1,0,GO Biological Processes,19,nucleobase-containing small molecule metabolic process,19_GO:0009987 cellular process,-2.079819342872216,2.0941091954022992,2.82128061716507,795,29,144,11,7.638888888888889,2.21349438644737,142|2026|2272|2745|5213|8942|25824|57103|64080|64802|84836,PARP1|ENO2|FHIT|GLRX|PFKM|KYNU|PRDX5|TIGAR|RBKS|NMNAT1|ABHD14B,0.0,0,3,0,0,-3.8337370184394635,5.520833333333335,
1,-3.2582387002227344,GO:0051276,M1,1,0,GO Biological Processes,19,chromosome organization,19_GO:0009987 cellular process,-3.2582387002227344,3.3974358974358974,4.096531573201717,795,13,144,8,5.555555555555555,1.9088451970452132,25|142|328|7155|7917|8260|8379|10540,ABL1|PARP1|APEX1|TOP2B|BAG6|NAA10|MAD1L1|DCTN2,-0.23725526155207738,0,4,1,1,-3.2582387002227344,5.520833333333335,
1,-2.9829800133919413,GO:0098813,M1,1,0,GO Biological Processes,19,nuclear chromosome segregation,19_GO:0009987 cellular process,-2.9829800133919413,5.520833333333333,4.260506707438658,795,4,144,4,2.7777777777777777,1.3694629127545408,7155|7917|8379|10540,TOP2B|BAG6|MAD1L1|DCTN2,-0.23725526155207738,0,4,0,0,-3.2582387002227344,5.520833333333335,
1,-2.3503167182730067,GO:0007059,M1,1,0,GO Biological Processes,19,chromosome segregation,19_GO:0009987 cellular process,-2.3503167182730067,4.416666666666666,3.6022601204606697,795,5,144,4,2.7777777777777777,1.3694629127545408,7155|7917|8379|10540,TOP2B|BAG6|MAD1L1|DCTN2,0.0,0,4,0,0,-3.2582387002227344,5.520833333333335,
1,-2.2334739444581513,GO:0000819,M1,1,0,GO Biological Processes,19,sister chromatid segregation,19_GO:0009987 cellular process,-2.2334739444581513,5.520833333333335,3.6873769453872947,795,3,144,3,2.0833333333333335,1.1902178125696257,7155|8379|10540,TOP2B|MAD1L1|DCTN2,0.0,0,4,0,0,-3.2582387002227344,5.520833333333335,
1,-3.219788704994153,GO:0006259,M1,1,0,GO Biological Processes,19,DNA metabolic process,19_GO:0009987 cellular process,-3.219788704994153,3.10546875,3.9989048011653106,795,16,144,9,6.25,2.017178826149696,25|142|328|1069|1676|4255|4869|6714|7155,ABL1|PARP1|APEX1|CETN2|DFFA|MGMT|NPM1|SRC|TOP2B,-0.23725526155207738,0,5,1,1,-3.219788704994153,3.943452380952381,
1,-2.799567011229398,GO:0080135,M1,1,0,GO Biological Processes,19,regulation of cellular response to stress,19_GO:0050896 response to stimulus,-2.799567011229398,2.208333333333333,3.4364892144613557,795,35,144,14,9.722222222222221,2.4688343758913818,25|142|1981|2950|3337|4137|4255|4869|5052|5770|7155|7917|23576|57103,ABL1|PARP1|EIF4G1|GSTP1|DNAJB1|MAPT|MGMT|NPM1|PRDX1|PTPN1|TOP2B|BAG6|DDAH1|TIGAR,-0.1483637785347272,0,5,0,0,-3.219788704994153,3.943452380952381,
1,-2.550240861501233,GO:0006282,M1,1,0,GO Biological Processes,19,regulation of DNA repair,19_GO:0050896 response to stimulus,-2.550240861501233,3.943452380952381,3.6765792217496753,795,7,144,5,3.4722222222222223,1.5256280470444523,25|142|4255|7155|57103,ABL1|PARP1|MGMT|TOP2B|TIGAR,0.0,0,5,0,0,-3.219788704994153,3.943452380952381,
1,-2.1756024277094603,GO:0006281,M1,1,0,GO Biological Processes,19,DNA repair,19_GO:0050896 response to stimulus,-2.1756024277094603,3.011363636363637,3.157402208638061,795,11,144,6,4.166666666666667,1.6652192789280276,25|142|328|1069|4255|4869,ABL1|PARP1|APEX1|CETN2|MGMT|NPM1,0.0,0,5,0,0,-3.219788704994153,3.943452380952381,
1,-3.0503899849771092,GO:0051656,M1,1,0,GO Biological Processes,19,establishment of organelle localization,19_GO:0051179 localization,-3.0503899849771092,2.6403985507246377,3.7523699360274136,795,23,144,11,7.638888888888889,2.21349438644737,867|1639|4067|4137|4747|4869|7430|8379|10113|10540|284021,CBL|DCTN1|LYN|MAPT|NEFL|NPM1|EZR|MAD1L1|PREB|DCTN2|MILR1,-0.23725526155207738,0,6,1,1,-3.0503899849771092,2.7604166666666665,
1,-2.9335435170659623,GO:0051640,M1,1,0,GO Biological Processes,19,organelle localization,19_GO:0051179 localization,-2.9335435170659623,2.453703703703704,3.612253095945632,795,27,144,12,8.333333333333334,2.303211659969028,867|1639|4067|4137|4747|4869|7430|8379|10113|10228|10540|284021,CBL|DCTN1|LYN|MAPT|NEFL|NPM1|EZR|MAD1L1|PREB|STX6|DCTN2|MILR1,-0.22386425799543774,0,6,0,0,-3.0503899849771092,2.7604166666666665,
1,-2.7361603110061083,GO:0000226,M1,1,0,GO Biological Processes,19,microtubule cytoskeleton organization,19_GO:0009987 cellular process,-2.7361603110061083,2.7604166666666665,3.550930871814134,795,18,144,9,6.25,2.017178826149696,1069|1155|1639|4137|4747|4869|7430|10540|51673,CETN2|TBCB|DCTN1|MAPT|NEFL|NPM1|EZR|DCTN2|TPPP3,-0.12038555480391507,0,6,0,0,-3.0503899849771092,2.7604166666666665,
1,-3.0503899849771092,GO:0010038,M1,1,0,GO Biological Processes,19,response to metal ion,19_GO:0050896 response to stimulus,-3.0503899849771092,2.6403985507246377,3.7523699360274136,795,23,144,11,7.638888888888889,2.21349438644737,142|311|811|841|2203|2354|4048|4137|4982|6648|57103,PARP1|ANXA11|CALR|CASP8|FBP1|FOSB|LTA4H|MAPT|TNFRSF11B|SOD2|TIGAR,-0.23725526155207738,0,7,1,1,-3.0503899849771092,5.520833333333335,
1,-2.2334739444581513,GO:0010043,M1,1,0,GO Biological Processes,19,response to zinc ion,19_GO:0050896 response to stimulus,-2.2334739444581513,5.520833333333335,3.6873769453872947,795,3,144,3,2.0833333333333335,1.1902178125696257,142|4048|6648,PARP1|LTA4H|SOD2,0.0,0,7,0,0,-3.0503899849771092,5.520833333333335,
1,-2.2334739444581513,GO:1903579,M1,1,0,GO Biological Processes,19,negative regulation of ATP metabolic process,19_GO:0048519 negative regulation of biological process,-2.2334739444581513,5.520833333333335,3.6873769453872947,795,3,144,3,2.0833333333333335,1.1902178125696257,142|2203|57103,PARP1|FBP1|TIGAR,0.0,0,7,0,0,-3.0503899849771092,5.520833333333335,
1,-3.0257370265534766,GO:0061077,M1,1,0,GO Biological Processes,19,chaperone-mediated protein folding,19_GO:0009987 cellular process,-3.0257370265534766,4.600694444444445,4.161255624702416,795,6,144,5,3.4722222222222223,1.5256280470444523,1676|2288|2289|3337|5202,DFFA|FKBP4|FKBP5|DNAJB1|PFDN2,-0.23725526155207738,0,8,1,1,-3.0257370265534766,4.600694444444445,
1,-2.209827285503316,GO:0006457,M1,1,0,GO Biological Processes,19,protein folding,19_GO:0009987 cellular process,-2.209827285503316,2.7604166666666665,3.123596844678075,795,14,144,7,4.861111111111111,1.7921137230557895,811|1155|1676|2288|2289|3337|5202,CALR|TBCB|DFFA|FKBP4|FKBP5|DNAJB1|PFDN2,0.0,0,8,0,0,-3.0257370265534766,4.600694444444445,
1,-2.9980924132811015,GO:0045786,M1,1,0,GO Biological Processes,19,negative regulation of cell cycle,19_GO:0048519 negative regulation of biological process,-2.9980924132811015,2.760416666666667,3.747836367716107,795,20,144,10,6.944444444444445,2.118403381680918,25|1026|4067|4869|6347|7709|8260|8379|8738|10457,ABL1|CDKN1A|LYN|NPM1|CCL2|ZBTB17|NAA10|MAD1L1|CRADD|GPNMB,-0.23725526155207738,0,9,1,1,-2.9980924132811015,3.312500000000001,
1,-2.9980924132811015,GO:1901987,M1,1,0,GO Biological Processes,19,regulation of cell cycle phase transition,19_GO:0050789 regulation of biological process,-2.9980924132811015,2.760416666666667,3.747836367716107,795,20,144,10,6.944444444444445,2.118403381680918,1026|1981|4067|4869|5720|6347|8379|8738|10457|84687,CDKN1A|EIF4G1|LYN|NPM1|PSME1|CCL2|MAD1L1|CRADD|GPNMB|PPP1R9B,-0.23725526155207738,0,9,0,0,-2.9980924132811015,3.312500000000001,
1,-2.9621744871793387,GO:0010948,M1,1,0,GO Biological Processes,19,negative regulation of cell cycle process,19_GO:0048519 negative regulation of biological process,-2.9621744871793387,3.1547619047619047,3.823303661110611,795,14,144,8,5.555555555555555,1.9088451970452132,1026|4067|4869|6347|8260|8379|8738|10457,CDKN1A|LYN|NPM1|CCL2|NAA10|MAD1L1|CRADD|GPNMB,-0.23725526155207738,0,9,0,0,-2.9980924132811015,3.312500000000001,
1,-2.5262451160426216,GO:0010564,M1,1,0,GO Biological Processes,19,regulation of cell cycle process,19_GO:0050789 regulation of biological process,-2.5262451160426216,2.088963963963964,3.1884585130898624,795,37,144,14,9.722222222222221,2.4688343758913818,811|1026|1069|1639|1981|4067|4869|5720|6347|8260|8379|8738|10457|84687,CALR|CDKN1A|CETN2|DCTN1|EIF4G1|LYN|NPM1|PSME1|CCL2|NAA10|MAD1L1|CRADD|GPNMB|PPP1R9B,0.0,0,9,0,0,-2.9980924132811015,3.312500000000001,
1,-2.448344522595315,GO:1901988,M1,1,0,GO Biological Processes,19,negative regulation of cell cycle phase transition,19_GO:0048519 negative regulation of biological process,-2.448344522595315,3.312500000000001,3.458978925631134,795,10,144,6,4.166666666666667,1.6652192789280276,1026|4067|6347|8379|8738|10457,CDKN1A|LYN|CCL2|MAD1L1|CRADD|GPNMB,0.0,0,9,0,0,-2.9980924132811015,3.312500000000001,
1,-2.448344522595315,GO:2000045,M1,1,0,GO Biological Processes,19,regulation of G1/S transition of mitotic cell cycle,19_GO:0050789 regulation of biological process,-2.448344522595315,3.312500000000001,3.458978925631134,795,10,144,6,4.166666666666667,1.6652192789280276,1026|1981|5720|6347|8738|10457,CDKN1A|EIF4G1|PSME1|CCL2|CRADD|GPNMB,0.0,0,9,0,0,-2.9980924132811015,3.312500000000001,
1,-2.2689159155944942,GO:1901990,M1,1,0,GO Biological Processes,19,regulation of mitotic cell cycle phase transition,19_GO:0050789 regulation of biological process,-2.2689159155944942,2.598039215686274,3.130567683911849,795,17,144,8,5.555555555555555,1.9088451970452132,1026|1981|5720|6347|8379|8738|10457|84687,CDKN1A|EIF4G1|PSME1|CCL2|MAD1L1|CRADD|GPNMB|PPP1R9B,0.0,0,9,0,0,-2.9980924132811015,3.312500000000001,
1,-2.1756024277094603,GO:1902806,M1,1,0,GO Biological Processes,19,regulation of cell cycle G1/S phase transition,19_GO:0050789 regulation of biological process,-2.1756024277094603,3.011363636363637,3.157402208638061,795,11,144,6,4.166666666666667,1.6652192789280276,1026|1981|5720|6347|8738|10457,CDKN1A|EIF4G1|PSME1|CCL2|CRADD|GPNMB,0.0,0,9,0,0,-2.9980924132811015,3.312500000000001,
1,-2.9621744871793387,GO:0051301,M1,1,0,GO Biological Processes,19,cell division,19_GO:0009987 cellular process,-2.9621744871793387,3.1547619047619047,3.823303661110611,795,14,144,8,5.555555555555555,1.9088451970452132,311|1069|1639|7704|8379|9101|10617|23607,ANXA11|CETN2|DCTN1|ZBTB16|MAD1L1|USP8|STAMBP|CD2AP,-0.23725526155207738,0,10,1,1,-2.9621744871793387,3.1547619047619047,
1,-2.5994463000373877,GO:0000278,M1,1,0,GO Biological Processes,19,mitotic cell cycle,19_GO:0009987 cellular process,-2.5994463000373877,2.5094696969696972,3.374791878443383,795,22,144,10,6.944444444444445,2.118403381680918,25|1026|1069|1639|1978|8379|8738|9101|10540|10617,ABL1|CDKN1A|CETN2|DCTN1|EIF4EBP1|MAD1L1|CRADD|USP8|DCTN2|STAMBP,-0.029429034395869465,0,10,0,0,-2.9621744871793387,3.1547619047619047,
1,-2.776372991153932,GO:0051258,M1,1,0,GO Biological Processes,19,protein polymerization,19_GO:0009987 cellular process,-2.776372991153932,3.6805555555555562,3.8013319620683603,795,9,144,6,4.166666666666667,1.6652192789280276,25|4137|4747|8936|23607|51673,ABL1|MAPT|NEFL|WASF1|CD2AP|TPPP3,-0.1483637785347272,0,11,1,1,-2.776372991153932,3.6805555555555562,
1,-2.007366852928321,GO:1990089,M1,1,0,GO Biological Processes,19,response to nerve growth factor,19_GO:0050896 response to stimulus,-2.007366852928321,2.5763888888888884,2.897094730942197,795,15,144,7,4.861111111111111,1.7921137230557895,142|867|4137|5770|8936|9101|23607,PARP1|CBL|MAPT|PTPN1|WASF1|USP8|CD2AP,0.0,0,11,0,0,-2.776372991153932,3.6805555555555562,
1,-2.007366852928321,GO:1990090,M1,1,0,GO Biological Processes,19,cellular response to nerve growth factor stimulus,19_GO:0050896 response to stimulus,-2.007366852928321,2.5763888888888884,2.897094730942197,795,15,144,7,4.861111111111111,1.7921137230557895,142|867|4137|5770|8936|9101|23607,PARP1|CBL|MAPT|PTPN1|WASF1|USP8|CD2AP,0.0,0,11,0,0,-2.776372991153932,3.6805555555555562,
1,-2.776372991153932,GO:0090398,M1,1,0,GO Biological Processes,19,cellular senescence,19_GO:0050896 response to stimulus,-2.776372991153932,3.6805555555555562,3.8013319620683603,795,9,144,6,4.166666666666667,1.6652192789280276,25|811|1026|4869|5608|7155,ABL1|CALR|CDKN1A|NPM1|MAP2K6|TOP2B,-0.1483637785347272,0,12,1,1,-2.776372991153932,3.6805555555555562,
1,-2.659212068109217,GO:0033365,M1,1,0,GO Biological Processes,19,protein localization to organelle,19_GO:0051179 localization,-2.659212068109217,2.1469907407407405,3.3104823550181055,795,36,144,14,9.722222222222221,2.4688343758913818,25|142|811|867|1026|3068|3621|4869|5534|6727|7704|7917|10540|84687,ABL1|PARP1|CALR|CBL|CDKN1A|HDGF|ING1|NPM1|PPP3R1|SRP14|ZBTB16|BAG6|DCTN2|PPP1R9B,-0.07819941816623563,0,12,0,0,-2.776372991153932,3.6805555555555562,
1,-2.007366852928321,GO:0034504,M1,1,0,GO Biological Processes,19,protein localization to nucleus,19_GO:0051179 localization,-2.007366852928321,2.5763888888888884,2.897094730942197,795,15,144,7,4.861111111111111,1.7921137230557895,811|1026|3068|3621|4869|5534|7704,CALR|CDKN1A|HDGF|ING1|NPM1|PPP3R1|ZBTB16,0.0,0,12,0,0,-2.776372991153932,3.6805555555555562,
1,-2.6783773618940123,GO:1901654,M1,1,0,GO Biological Processes,19,response to ketone,19_GO:0050896 response to stimulus,-2.6783773618940123,2.4291666666666667,3.4127818077990546,795,25,144,11,7.638888888888889,2.21349438644737,142|768|811|867|1026|2203|2354|4747|6714|9101|84687,PARP1|CA9|CALR|CBL|CDKN1A|FBP1|FOSB|NEFL|SRC|USP8|PPP1R9B,-0.08608370154134191,0,13,1,1,-2.6783773618940123,2.4291666666666667,
1,-2.3901503692754633,GO:0009410,M1,1,0,GO Biological Processes,19,response to xenobiotic stimulus,19_GO:0050896 response to stimulus,-2.3901503692754633,1.9717261904761902,3.041389682305476,795,42,144,15,10.416666666666666,2.54563859350958,25|768|811|1026|1399|2203|2354|2950|4067|4982|5608|6648|6714|57103|84687,ABL1|CA9|CALR|CDKN1A|CRKL|FBP1|FOSB|GSTP1|LYN|TNFRSF11B|MAP2K6|SOD2|SRC|TIGAR|PPP1R9B,0.0,0,13,0,0,-2.6783773618940123,2.4291666666666667,
1,-2.4736003629470975,GO:0010639,M1,1,0,GO Biological Processes,19,negative regulation of organelle organization,19_GO:0048519 negative regulation of biological process,-2.4736003629470975,2.7604166666666665,3.343549345192022,795,16,144,8,5.555555555555555,1.9088451970452132,142|822|2288|4137|4869|6714|8260|8379,PARP1|CAPG|FKBP4|MAPT|NPM1|SRC|NAA10|MAD1L1,0.0,0,14,1,1,-2.4736003629470975,4.416666666666666,
1,-2.3503167182730067,GO:0031110,M1,1,0,GO Biological Processes,19,regulation of microtubule polymerization or depolymerization,19_GO:0050789 regulation of biological process,-2.3503167182730067,4.416666666666666,3.6022601204606697,795,5,144,4,2.7777777777777777,1.3694629127545408,25|1639|2288|4137,ABL1|DCTN1|FKBP4|MAPT,0.0,0,14,0,0,-2.4736003629470975,4.416666666666666,
1,-2.3503167182730067,GO:0031113,M1,1,0,GO Biological Processes,19,regulation of microtubule polymerization,19_GO:0050789 regulation of biological process,-2.3503167182730067,4.416666666666666,3.6022601204606697,795,5,144,4,2.7777777777777777,1.3694629127545408,25|1639|2288|4137,ABL1|DCTN1|FKBP4|MAPT,0.0,0,14,0,0,-2.4736003629470975,4.416666666666666,
1,-2.192542200084337,GO:0032886,M1,1,0,GO Biological Processes,19,regulation of microtubule-based process,19_GO:0050789 regulation of biological process,-2.192542200084337,3.4505208333333335,3.274289152762053,795,8,144,5,3.4722222222222223,1.5256280470444523,25|1639|2288|4137|4869,ABL1|DCTN1|FKBP4|MAPT|NPM1,0.0,0,14,0,0,-2.4736003629470975,4.416666666666666,
1,-2.1756024277094603,GO:0032271,M1,1,0,GO Biological Processes,19,regulation of protein polymerization,19_GO:0050789 regulation of biological process,-2.1756024277094603,3.011363636363637,3.157402208638061,795,11,144,6,4.166666666666667,1.6652192789280276,25|822|1639|2288|4137|51673,ABL1|CAPG|DCTN1|FKBP4|MAPT|TPPP3,0.0,0,14,0,0,-2.4736003629470975,4.416666666666666,
1,-2.448344522595315,GO:0030031,M1,1,0,GO Biological Processes,19,cell projection assembly,19_GO:0009987 cellular process,-2.448344522595315,3.312500000000001,3.458978925631134,795,10,144,6,4.166666666666667,1.6652192789280276,25|822|1639|7430|23607|84687,ABL1|CAPG|DCTN1|EZR|CD2AP|PPP1R9B,0.0,0,15,1,1,-2.448344522595315,5.520833333333335,
1,-2.2334739444581513,GO:0046847,M1,1,0,GO Biological Processes,19,filopodium assembly,19_GO:0009987 cellular process,-2.2334739444581513,5.520833333333335,3.6873769453872947,795,3,144,3,2.0833333333333335,1.1902178125696257,7430|23607|84687,EZR|CD2AP|PPP1R9B,0.0,0,15,0,0,-2.448344522595315,5.520833333333335,
1,-2.4401289959492076,GO:0051053,M1,1,0,GO Biological Processes,19,negative regulation of DNA metabolic process,19_GO:0048519 negative regulation of biological process,-2.4401289959492076,2.9727564102564097,3.370875913510236,795,13,144,7,4.861111111111111,1.7921137230557895,25|142|1026|1676|6282|6714|64802,ABL1|PARP1|CDKN1A|DFFA|S100A11|SRC|NMNAT1,0.0,0,16,1,1,-2.4401289959492076,5.520833333333335,
1,-2.2334739444581513,GO:0060575,M1,1,0,GO Biological Processes,19,intestinal epithelial cell differentiation,19_GO:0032502 developmental process,-2.2334739444581513,5.520833333333335,3.6873769453872947,795,3,144,3,2.0833333333333335,1.1902178125696257,1026|6714|57103,CDKN1A|SRC|TIGAR,0.0,0,16,0,0,-2.4401289959492076,5.520833333333335,
1,-2.2334739444581513,GO:0060576,M1,1,0,GO Biological Processes,19,intestinal epithelial cell development,19_GO:0032502 developmental process,-2.2334739444581513,5.520833333333335,3.6873769453872947,795,3,144,3,2.0833333333333335,1.1902178125696257,1026|6714|57103,CDKN1A|SRC|TIGAR,0.0,0,16,0,0,-2.4401289959492076,5.520833333333335,
1,-2.3503167182730067,GO:0141193,M1,1,0,GO Biological Processes,19,nuclear receptor-mediated signaling pathway,19_GO:0050896 response to stimulus,-2.3503167182730067,4.416666666666666,3.6022601204606697,795,5,144,4,2.7777777777777777,1.3694629127545408,811|1399|2288|6714,CALR|CRKL|FKBP4|SRC,0.0,0,17,1,1,-2.3503167182730067,4.416666666666666,
1,-2.2334739444581513,GO:0008380,M1,1,0,GO Biological Processes,19,RNA splicing,19_GO:0009987 cellular process,-2.2334739444581513,5.520833333333335,3.6873769453872947,795,3,144,3,2.0833333333333335,1.1902178125696257,6733|11168|84687,SRPK2|PSIP1|PPP1R9B,0.0,0,18,1,1,-2.2334739444581513,5.520833333333335,
1,-2.2334739444581513,GO:0033059,M1,1,0,GO Biological Processes,19,cellular pigmentation,19_GO:0043473 pigmentation,-2.2334739444581513,5.520833333333335,3.6873769453872947,795,3,144,3,2.0833333333333335,1.1902178125696257,967|1639|10540,CD63|DCTN1|DCTN2,0.0,0,19,1,1,-2.2334739444581513,5.520833333333335,
1,-2.2334739444581513,GO:0061097,M1,1,0,GO Biological Processes,19,regulation of protein tyrosine kinase activity,19_GO:0050789 regulation of biological process,-2.2334739444581513,5.520833333333335,3.6873769453872947,795,3,144,3,2.0833333333333335,1.1902178125696257,5770|11006|353514,PTPN1|LILRB4|LILRA5,0.0,0,20,1,1,-2.2334739444581513,5.520833333333335,
1,-2.2334739444581513,GO:0033004,M1,1,0,GO Biological Processes,19,negative regulation of mast cell activation,19_GO:0002376 immune system process,-2.2334739444581513,5.520833333333335,3.6873769453872947,795,3,144,3,2.0833333333333335,1.1902178125696257,8832|146722|284021,CD84|CD300LF|MILR1,0.0,0,21,1,1,-2.2334739444581513,5.520833333333335,
1,-2.2334739444581513,GO:2000425,M1,1,0,GO Biological Processes,19,regulation of apoptotic cell clearance,19_GO:0051179 localization,-2.2334739444581513,5.520833333333335,3.6873769453872947,795,3,144,3,2.0833333333333335,1.1902178125696257,6347|7052|146722,CCL2|TGM2|CD300LF,0.0,0,21,0,0,-2.2334739444581513,5.520833333333335,
1,-2.2334739444581513,GO:0043922,M1,1,0,GO Biological Processes,19,negative regulation by host of viral transcription,19_GO:0016032 viral process,-2.2334739444581513,5.520833333333335,3.6873769453872947,795,3,144,3,2.0833333333333335,1.1902178125696257,3725|6348|6351,JUN|CCL3|CCL4,0.0,0,22,1,1,-2.2334739444581513,5.520833333333335,
1,-2.209827285503316,GO:0006520,M1,1,0,GO Biological Processes,19,amino acid metabolic process,19_GO:0009987 cellular process,-2.209827285503316,2.7604166666666665,3.123596844678075,795,14,144,7,4.861111111111111,1.7921137230557895,216|1644|3176|5805|8942|23576|80755,ALDH1A1|DDC|HNMT|PTS|KYNU|DDAH1|AARSD1,0.0,0,23,1,1,-2.209827285503316,2.7604166666666665,
1,-2.007366852928321,GO:0034976,M1,1,0,GO Biological Processes,19,response to endoplasmic reticulum stress,19_GO:0050896 response to stimulus,-2.007366852928321,2.5763888888888884,2.897094730942197,795,15,144,7,4.861111111111111,1.7921137230557895,25|811|1981|3576|3725|5770|7917,ABL1|CALR|EIF4G1|CXCL8|JUN|PTPN1|BAG6,0.0,0,24,1,1,-2.007366852928321,2.5763888888888884,
