Category,CategoryID,GO,Description,PARENT_GO,LogP,Enrichment,Z-score,#TotalGeneInLibrary,#GeneInGO,#GeneInHitList,#GeneInGOAndHitList,%InGO,STDV %InGO,GeneID,Hits,Log(q-value),GeneList
GO Biological Processes,19,GO:0009636,response to toxic substance,19_GO:0050896 response to stimulus,-4.8,3.3,5.1,795,22,144,13,9,2.4,216|1026|1644|2950|4067|4747|5052|6348|6351|6648|9588|10935|25824,ALDH1A1|CDKN1A|DDC|GSTP1|LYN|NEFL|PRDX1|CCL3|CCL4|SOD2|PRDX6|PRDX3|PRDX5,-0.64,Protein
GO Biological Processes,19,GO:0045936,negative regulation of phosphate metabolic process,19_GO:0048519 negative regulation of biological process,-3.8,2.7,4.3,795,29,144,14,9.7,2.5,25|142|1026|1399|1981|2203|2950|4067|4869|5770|10935|11006|57103|84335,ABL1|PARP1|CDKN1A|CRKL|EIF4G1|FBP1|GSTP1|LYN|NPM1|PTPN1|PRDX3|LILRB4|TIGAR|AKT1S1,-0.56,Protein
GO Biological Processes,19,GO:0010563,negative regulation of phosphorus metabolic process,19_GO:0048519 negative regulation of biological process,-3.8,2.7,4.3,795,29,144,14,9.7,2.5,25|142|1026|1399|1981|2203|2950|4067|4869|5770|10935|11006|57103|84335,ABL1|PARP1|CDKN1A|CRKL|EIF4G1|FBP1|GSTP1|LYN|NPM1|PTPN1|PRDX3|LILRB4|TIGAR|AKT1S1,-0.56,Protein
GO Biological Processes,19,GO:1990748,cellular detoxification,19_GO:0098754 detoxification,-3.8,4.3,4.7,795,9,144,7,4.9,1.8,216|2950|5052|6648|9588|10935|25824,ALDH1A1|GSTP1|PRDX1|SOD2|PRDX6|PRDX3|PRDX5,-0.56,Protein
GO Biological Processes,19,GO:0019362,pyridine nucleotide metabolic process,19_GO:0009987 cellular process,-3.8,4.3,4.7,795,9,144,7,4.9,1.8,2026|5213|8942|25824|57103|64080|64802,ENO2|PFKM|KYNU|PRDX5|TIGAR|RBKS|NMNAT1,-0.56,Protein
GO Biological Processes,19,GO:0072524,pyridine-containing compound metabolic process,19_GO:0009987 cellular process,-3.8,4.3,4.7,795,9,144,7,4.9,1.8,2026|5213|8942|25824|57103|64080|64802,ENO2|PFKM|KYNU|PRDX5|TIGAR|RBKS|NMNAT1,-0.56,Protein
GO Biological Processes,19,GO:0046496,nicotinamide nucleotide metabolic process,19_GO:0009987 cellular process,-3.8,4.3,4.7,795,9,144,7,4.9,1.8,2026|5213|8942|25824|57103|64080|64802,ENO2|PFKM|KYNU|PRDX5|TIGAR|RBKS|NMNAT1,-0.56,Protein
GO Biological Processes,19,GO:0098754,detoxification,19_GO:0098754 detoxification,-3.8,4.3,4.7,795,9,144,7,4.9,1.8,216|2950|5052|6648|9588|10935|25824,ALDH1A1|GSTP1|PRDX1|SOD2|PRDX6|PRDX3|PRDX5,-0.56,Protein
GO Biological Processes,19,GO:0033673,negative regulation of kinase activity,19_GO:0048519 negative regulation of biological process,-3.5,3.3,4.2,795,15,144,9,6.2,2,25|1026|2950|4067|4869|5770|10935|11006|84335,ABL1|CDKN1A|GSTP1|LYN|NPM1|PTPN1|PRDX3|LILRB4|AKT1S1,-0.33,Protein
GO Biological Processes,19,GO:0051348,negative regulation of transferase activity,19_GO:0065007 biological regulation,-3.5,3.3,4.2,795,15,144,9,6.2,2,25|1026|2950|4067|4869|5770|10935|11006|84335,ABL1|CDKN1A|GSTP1|LYN|NPM1|PTPN1|PRDX3|LILRB4|AKT1S1,-0.33,Protein
GO Biological Processes,19,GO:0097237,cellular response to toxic substance,19_GO:0050896 response to stimulus,-3.4,3.9,4.3,795,10,144,7,4.9,1.8,216|2950|5052|6648|9588|10935|25824,ALDH1A1|GSTP1|PRDX1|SOD2|PRDX6|PRDX3|PRDX5,-0.25,Protein
GO Biological Processes,19,GO:0051276,chromosome organization,19_GO:0009987 cellular process,-3.3,3.4,4.1,795,13,144,8,5.6,1.9,25|142|328|7155|7917|8260|8379|10540,ABL1|PARP1|APEX1|TOP2B|BAG6|NAA10|MAD1L1|DCTN2,-0.24,Protein
GO Biological Processes,19,GO:0006259,DNA metabolic process,19_GO:0009987 cellular process,-3.2,3.1,4,795,16,144,9,6.2,2,25|142|328|1069|1676|4255|4869|6714|7155,ABL1|PARP1|APEX1|CETN2|DFFA|MGMT|NPM1|SRC|TOP2B,-0.24,Protein
GO Biological Processes,19,GO:0098869,cellular oxidant detoxification,19_GO:0098754 detoxification,-3.2,4.1,4.2,795,8,144,6,4.2,1.7,2950|5052|6648|9588|10935|25824,GSTP1|PRDX1|SOD2|PRDX6|PRDX3|PRDX5,-0.24,Protein
GO Biological Processes,19,GO:0051248,negative regulation of protein metabolic process,19_GO:0048519 negative regulation of biological process,-3.1,2,3.6,795,52,144,19,13,2.8,25|811|1026|1399|1978|1981|2272|2950|4067|4137|4869|5202|5770|6714|7917|8832|9101|11006|84335,ABL1|CALR|CDKN1A|CRKL|EIF4EBP1|EIF4G1|FHIT|GSTP1|LYN|MAPT|NPM1|PFDN2|PTPN1|SRC|BAG6|CD84|USP8|LILRB4|AKT1S1,-0.24,Protein
GO Biological Processes,19,GO:0010038,response to metal ion,19_GO:0050896 response to stimulus,-3.1,2.6,3.8,795,23,144,11,7.6,2.2,142|311|811|841|2203|2354|4048|4137|4982|6648|57103,PARP1|ANXA11|CALR|CASP8|FBP1|FOSB|LTA4H|MAPT|TNFRSF11B|SOD2|TIGAR,-0.24,Protein
GO Biological Processes,19,GO:0051656,establishment of organelle localization,19_GO:0051179 localization,-3.1,2.6,3.8,795,23,144,11,7.6,2.2,867|1639|4067|4137|4747|4869|7430|8379|10113|10540|284021,CBL|DCTN1|LYN|MAPT|NEFL|NPM1|EZR|MAD1L1|PREB|DCTN2|MILR1,-0.24,Protein
GO Biological Processes,19,GO:0061077,chaperone-mediated protein folding,19_GO:0009987 cellular process,-3,4.6,4.2,795,6,144,5,3.5,1.5,1676|2288|2289|3337|5202,DFFA|FKBP4|FKBP5|DNAJB1|PFDN2,-0.24,Protein
GO Biological Processes,19,GO:0045454,cell redox homeostasis,19_GO:0042592 homeostatic process,-3,4.6,4.2,795,6,144,5,3.5,1.5,328|5052|9588|10935|25824,APEX1|PRDX1|PRDX6|PRDX3|PRDX5,-0.24,Protein
GO Biological Processes,19,GO:0045786,negative regulation of cell cycle,19_GO:0048519 negative regulation of biological process,-3,2.8,3.7,795,20,144,10,6.9,2.1,25|1026|4067|4869|6347|7709|8260|8379|8738|10457,ABL1|CDKN1A|LYN|NPM1|CCL2|ZBTB17|NAA10|MAD1L1|CRADD|GPNMB,-0.24,Protein
GO Biological Processes,19,GO:0006163,purine nucleotide metabolic process,19_GO:0009987 cellular process,-3,2.8,3.7,795,20,144,10,6.9,2.1,142|2026|2272|5213|8942|25824|57103|64080|64802|84836,PARP1|ENO2|FHIT|PFKM|KYNU|PRDX5|TIGAR|RBKS|NMNAT1|ABHD14B,-0.24,Protein
GO Biological Processes,19,GO:1901987,regulation of cell cycle phase transition,19_GO:0050789 regulation of biological process,-3,2.8,3.7,795,20,144,10,6.9,2.1,1026|1981|4067|4869|5720|6347|8379|8738|10457|84687,CDKN1A|EIF4G1|LYN|NPM1|PSME1|CCL2|MAD1L1|CRADD|GPNMB|PPP1R9B,-0.24,Protein
GO Biological Processes,19,GO:0098813,nuclear chromosome segregation,19_GO:0009987 cellular process,-3,5.5,4.3,795,4,144,4,2.8,1.4,7155|7917|8379|10540,TOP2B|BAG6|MAD1L1|DCTN2,-0.24,Protein
GO Biological Processes,19,GO:0042743,hydrogen peroxide metabolic process,19_GO:0009987 cellular process,-3,5.5,4.3,795,4,144,4,2.8,1.4,5052|6648|10935|25824,PRDX1|SOD2|PRDX3|PRDX5,-0.24,Protein
GO Biological Processes,19,GO:0034614,cellular response to reactive oxygen species,19_GO:0050896 response to stimulus,-3,3.2,3.8,795,14,144,8,5.6,1.9,25|4137|5052|6648|6714|7155|10935|25824,ABL1|MAPT|PRDX1|SOD2|SRC|TOP2B|PRDX3|PRDX5,-0.24,Protein
GO Biological Processes,19,GO:0010948,negative regulation of cell cycle process,19_GO:0048519 negative regulation of biological process,-3,3.2,3.8,795,14,144,8,5.6,1.9,1026|4067|4869|6347|8260|8379|8738|10457,CDKN1A|LYN|NPM1|CCL2|NAA10|MAD1L1|CRADD|GPNMB,-0.24,Protein
GO Biological Processes,19,GO:0051301,cell division,19_GO:0009987 cellular process,-3,3.2,3.8,795,14,144,8,5.6,1.9,311|1069|1639|7704|8379|9101|10617|23607,ANXA11|CETN2|DCTN1|ZBTB16|MAD1L1|USP8|STAMBP|CD2AP,-0.24,Protein
GO Biological Processes,19,GO:0006469,negative regulation of protein kinase activity,19_GO:0048519 negative regulation of biological process,-3,3.2,3.8,795,14,144,8,5.6,1.9,25|1026|2950|4067|4869|5770|11006|84335,ABL1|CDKN1A|GSTP1|LYN|NPM1|PTPN1|LILRB4|AKT1S1,-0.24,Protein
GO Biological Processes,19,GO:0051640,organelle localization,19_GO:0051179 localization,-2.9,2.5,3.6,795,27,144,12,8.3,2.3,867|1639|4067|4137|4747|4869|7430|8379|10113|10228|10540|284021,CBL|DCTN1|LYN|MAPT|NEFL|NPM1|EZR|MAD1L1|PREB|STX6|DCTN2|MILR1,-0.22,Protein
GO Biological Processes,19,GO:0042326,negative regulation of phosphorylation,19_GO:0048519 negative regulation of biological process,-2.9,2.5,3.6,795,24,144,11,7.6,2.2,25|1026|1399|1981|2950|4067|4869|5770|10935|11006|84335,ABL1|CDKN1A|CRKL|EIF4G1|GSTP1|LYN|NPM1|PTPN1|PRDX3|LILRB4|AKT1S1,-0.16,Protein
GO Biological Processes,19,GO:0080135,regulation of cellular response to stress,19_GO:0050896 response to stimulus,-2.8,2.2,3.4,795,35,144,14,9.7,2.5,25|142|1981|2950|3337|4137|4255|4869|5052|5770|7155|7917|23576|57103,ABL1|PARP1|EIF4G1|GSTP1|DNAJB1|MAPT|MGMT|NPM1|PRDX1|PTPN1|TOP2B|BAG6|DDAH1|TIGAR,-0.15,Protein
GO Biological Processes,19,GO:0006979,response to oxidative stress,19_GO:0050896 response to stimulus,-2.8,2.2,3.4,795,35,144,14,9.7,2.5,25|142|2950|3163|4137|5052|6648|6714|7155|9588|10935|11168|23607|25824,ABL1|PARP1|GSTP1|HMOX2|MAPT|PRDX1|SOD2|SRC|TOP2B|PRDX6|PRDX3|PSIP1|CD2AP|PRDX5,-0.15,Protein
GO Biological Processes,19,GO:0051881,regulation of mitochondrial membrane potential,19_GO:0065007 biological regulation,-2.8,3.7,3.8,795,9,144,6,4.2,1.7,25|142|4137|6648|6714|10935,ABL1|PARP1|MAPT|SOD2|SRC|PRDX3,-0.15,Protein
GO Biological Processes,19,GO:0090398,cellular senescence,19_GO:0050896 response to stimulus,-2.8,3.7,3.8,795,9,144,6,4.2,1.7,25|811|1026|4869|5608|7155,ABL1|CALR|CDKN1A|NPM1|MAP2K6|TOP2B,-0.15,Protein
GO Biological Processes,19,GO:0051258,protein polymerization,19_GO:0009987 cellular process,-2.8,3.7,3.8,795,9,144,6,4.2,1.7,25|4137|4747|8936|23607|51673,ABL1|MAPT|NEFL|WASF1|CD2AP|TPPP3,-0.15,Protein
GO Biological Processes,19,GO:0000226,microtubule cytoskeleton organization,19_GO:0009987 cellular process,-2.7,2.8,3.6,795,18,144,9,6.2,2,1069|1155|1639|4137|4747|4869|7430|10540|51673,CETN2|TBCB|DCTN1|MAPT|NEFL|NPM1|EZR|DCTN2|TPPP3,-0.12,Protein
GO Biological Processes,19,GO:0031400,negative regulation of protein modification process,19_GO:0048519 negative regulation of biological process,-2.7,2.4,3.4,795,25,144,11,7.6,2.2,25|1026|1399|1981|2950|4067|4137|4869|5770|11006|84335,ABL1|CDKN1A|CRKL|EIF4G1|GSTP1|LYN|MAPT|NPM1|PTPN1|LILRB4|AKT1S1,-0.086,Protein
GO Biological Processes,19,GO:1901654,response to ketone,19_GO:0050896 response to stimulus,-2.7,2.4,3.4,795,25,144,11,7.6,2.2,142|768|811|867|1026|2203|2354|4747|6714|9101|84687,PARP1|CA9|CALR|CBL|CDKN1A|FBP1|FOSB|NEFL|SRC|USP8|PPP1R9B,-0.086,Protein
GO Biological Processes,19,GO:0033365,protein localization to organelle,19_GO:0051179 localization,-2.7,2.1,3.3,795,36,144,14,9.7,2.5,25|142|811|867|1026|3068|3621|4869|5534|6727|7704|7917|10540|84687,ABL1|PARP1|CALR|CBL|CDKN1A|HDGF|ING1|NPM1|PPP3R1|SRP14|ZBTB16|BAG6|DCTN2|PPP1R9B,-0.078,Protein
GO Biological Processes,19,GO:0000278,mitotic cell cycle,19_GO:0009987 cellular process,-2.6,2.5,3.4,795,22,144,10,6.9,2.1,25|1026|1069|1639|1978|8379|8738|9101|10540|10617,ABL1|CDKN1A|CETN2|DCTN1|EIF4EBP1|MAD1L1|CRADD|USP8|DCTN2|STAMBP,-0.029,Protein
GO Biological Processes,19,GO:0006282,regulation of DNA repair,19_GO:0050896 response to stimulus,-2.6,3.9,3.7,795,7,144,5,3.5,1.5,25|142|4255|7155|57103,ABL1|PARP1|MGMT|TOP2B|TIGAR,0,Protein
GO Biological Processes,19,GO:0010564,regulation of cell cycle process,19_GO:0050789 regulation of biological process,-2.5,2.1,3.2,795,37,144,14,9.7,2.5,811|1026|1069|1639|1981|4067|4869|5720|6347|8260|8379|8738|10457|84687,CALR|CDKN1A|CETN2|DCTN1|EIF4G1|LYN|NPM1|PSME1|CCL2|NAA10|MAD1L1|CRADD|GPNMB|PPP1R9B,0,Protein
GO Biological Processes,19,GO:0010639,negative regulation of organelle organization,19_GO:0048519 negative regulation of biological process,-2.5,2.8,3.3,795,16,144,8,5.6,1.9,142|822|2288|4137|4869|6714|8260|8379,PARP1|CAPG|FKBP4|MAPT|NPM1|SRC|NAA10|MAD1L1,0,Protein
GO Biological Processes,19,GO:0043086,negative regulation of catalytic activity,19_GO:0065007 biological regulation,-2.5,2.2,3.2,795,30,144,12,8.3,2.3,25|1026|1676|2950|4067|4869|5770|6714|10935|11006|25824|84335,ABL1|CDKN1A|DFFA|GSTP1|LYN|NPM1|PTPN1|SRC|PRDX3|LILRB4|PRDX5|AKT1S1,0,Protein
GO Biological Processes,19,GO:0030031,cell projection assembly,19_GO:0009987 cellular process,-2.4,3.3,3.5,795,10,144,6,4.2,1.7,25|822|1639|7430|23607|84687,ABL1|CAPG|DCTN1|EZR|CD2AP|PPP1R9B,0,Protein
GO Biological Processes,19,GO:2000045,regulation of G1/S transition of mitotic cell cycle,19_GO:0050789 regulation of biological process,-2.4,3.3,3.5,795,10,144,6,4.2,1.7,1026|1981|5720|6347|8738|10457,CDKN1A|EIF4G1|PSME1|CCL2|CRADD|GPNMB,0,Protein
GO Biological Processes,19,GO:1901988,negative regulation of cell cycle phase transition,19_GO:0048519 negative regulation of biological process,-2.4,3.3,3.5,795,10,144,6,4.2,1.7,1026|4067|6347|8379|8738|10457,CDKN1A|LYN|CCL2|MAD1L1|CRADD|GPNMB,0,Protein
GO Biological Processes,19,GO:0051053,negative regulation of DNA metabolic process,19_GO:0048519 negative regulation of biological process,-2.4,3,3.4,795,13,144,7,4.9,1.8,25|142|1026|1676|6282|6714|64802,ABL1|PARP1|CDKN1A|DFFA|S100A11|SRC|NMNAT1,0,Protein
GO Biological Processes,19,GO:0072521,purine-containing compound metabolic process,19_GO:0009987 cellular process,-2.4,2.4,3.2,795,23,144,10,6.9,2.1,142|2026|2272|5213|8942|25824|57103|64080|64802|84836,PARP1|ENO2|FHIT|PFKM|KYNU|PRDX5|TIGAR|RBKS|NMNAT1|ABHD14B,0,Protein
GO Biological Processes,19,GO:0009117,nucleotide metabolic process,19_GO:0009987 cellular process,-2.4,2.4,3.2,795,23,144,10,6.9,2.1,142|2026|2272|5213|8942|25824|57103|64080|64802|84836,PARP1|ENO2|FHIT|PFKM|KYNU|PRDX5|TIGAR|RBKS|NMNAT1|ABHD14B,0,Protein
GO Biological Processes,19,GO:0001933,negative regulation of protein phosphorylation,19_GO:0048519 negative regulation of biological process,-2.4,2.4,3.2,795,23,144,10,6.9,2.1,25|1026|1399|1981|2950|4067|4869|5770|11006|84335,ABL1|CDKN1A|CRKL|EIF4G1|GSTP1|LYN|NPM1|PTPN1|LILRB4|AKT1S1,0,Protein
GO Biological Processes,19,GO:0009410,response to xenobiotic stimulus,19_GO:0050896 response to stimulus,-2.4,2,3,795,42,144,15,10,2.5,25|768|811|1026|1399|2203|2354|2950|4067|4982|5608|6648|6714|57103|84687,ABL1|CA9|CALR|CDKN1A|CRKL|FBP1|FOSB|GSTP1|LYN|TNFRSF11B|MAP2K6|SOD2|SRC|TIGAR|PPP1R9B,0,Protein
GO Biological Processes,19,GO:0031113,regulation of microtubule polymerization,19_GO:0050789 regulation of biological process,-2.4,4.4,3.6,795,5,144,4,2.8,1.4,25|1639|2288|4137,ABL1|DCTN1|FKBP4|MAPT,0,Protein
GO Biological Processes,19,GO:0007059,chromosome segregation,19_GO:0009987 cellular process,-2.4,4.4,3.6,795,5,144,4,2.8,1.4,7155|7917|8379|10540,TOP2B|BAG6|MAD1L1|DCTN2,0,Protein
GO Biological Processes,19,GO:0071901,negative regulation of protein serine/threonine kinase activity,19_GO:0048519 negative regulation of biological process,-2.4,4.4,3.6,795,5,144,4,2.8,1.4,25|2950|4067|5770,ABL1|GSTP1|LYN|PTPN1,0,Protein
GO Biological Processes,19,GO:0141193,nuclear receptor-mediated signaling pathway,19_GO:0050896 response to stimulus,-2.4,4.4,3.6,795,5,144,4,2.8,1.4,811|1399|2288|6714,CALR|CRKL|FKBP4|SRC,0,Protein
GO Biological Processes,19,GO:0031110,regulation of microtubule polymerization or depolymerization,19_GO:0050789 regulation of biological process,-2.4,4.4,3.6,795,5,144,4,2.8,1.4,25|1639|2288|4137,ABL1|DCTN1|FKBP4|MAPT,0,Protein
GO Biological Processes,19,GO:0000302,response to reactive oxygen species,19_GO:0050896 response to stimulus,-2.3,2.5,3.2,795,20,144,9,6.2,2,25|2950|4137|5052|6648|6714|7155|10935|25824,ABL1|GSTP1|MAPT|PRDX1|SOD2|SRC|TOP2B|PRDX3|PRDX5,0,Protein
GO Biological Processes,19,GO:0034599,cellular response to oxidative stress,19_GO:0050896 response to stimulus,-2.3,2.5,3.2,795,20,144,9,6.2,2,25|142|4137|5052|6648|6714|7155|10935|25824,ABL1|PARP1|MAPT|PRDX1|SOD2|SRC|TOP2B|PRDX3|PRDX5,0,Protein
GO Biological Processes,19,GO:0042391,regulation of membrane potential,19_GO:0065007 biological regulation,-2.3,2.6,3.1,795,17,144,8,5.6,1.9,25|142|2745|4137|6648|6714|10935|11060,ABL1|PARP1|GLRX|MAPT|SOD2|SRC|PRDX3|WWP2,0,Protein
GO Biological Processes,19,GO:1901990,regulation of mitotic cell cycle phase transition,19_GO:0050789 regulation of biological process,-2.3,2.6,3.1,795,17,144,8,5.6,1.9,1026|1981|5720|6347|8379|8738|10457|84687,CDKN1A|EIF4G1|PSME1|CCL2|MAD1L1|CRADD|GPNMB|PPP1R9B,0,Protein
GO Biological Processes,19,GO:0042744,hydrogen peroxide catabolic process,19_GO:0009987 cellular process,-2.2,5.5,3.7,795,3,144,3,2.1,1.2,5052|10935|25824,PRDX1|PRDX3|PRDX5,0,Protein
GO Biological Processes,19,GO:0010043,response to zinc ion,19_GO:0050896 response to stimulus,-2.2,5.5,3.7,795,3,144,3,2.1,1.2,142|4048|6648,PARP1|LTA4H|SOD2,0,Protein
GO Biological Processes,19,GO:0019364,pyridine nucleotide catabolic process,19_GO:0009987 cellular process,-2.2,5.5,3.7,795,3,144,3,2.1,1.2,2026|5213|57103,ENO2|PFKM|TIGAR,0,Protein
GO Biological Processes,19,GO:0033059,cellular pigmentation,19_GO:0043473 pigmentation,-2.2,5.5,3.7,795,3,144,3,2.1,1.2,967|1639|10540,CD63|DCTN1|DCTN2,0,Protein
GO Biological Processes,19,GO:0072526,pyridine-containing compound catabolic process,19_GO:0009987 cellular process,-2.2,5.5,3.7,795,3,144,3,2.1,1.2,2026|5213|57103,ENO2|PFKM|TIGAR,0,Protein
GO Biological Processes,19,GO:0060397,growth hormone receptor signaling pathway via JAK-STAT,19_GO:0050896 response to stimulus,-2.2,5.5,3.7,795,3,144,3,2.1,1.2,2688|4067|5770,GH1|LYN|PTPN1,0,Protein
GO Biological Processes,19,GO:0006090,pyruvate metabolic process,19_GO:0009987 cellular process,-2.2,5.5,3.7,795,3,144,3,2.1,1.2,2026|5213|57103,ENO2|PFKM|TIGAR,0,Protein
GO Biological Processes,19,GO:1903579,negative regulation of ATP metabolic process,19_GO:0048519 negative regulation of biological process,-2.2,5.5,3.7,795,3,144,3,2.1,1.2,142|2203|57103,PARP1|FBP1|TIGAR,0,Protein
GO Biological Processes,19,GO:0000819,sister chromatid segregation,19_GO:0009987 cellular process,-2.2,5.5,3.7,795,3,144,3,2.1,1.2,7155|8379|10540,TOP2B|MAD1L1|DCTN2,0,Protein
GO Biological Processes,19,GO:0006096,glycolytic process,19_GO:0009987 cellular process,-2.2,5.5,3.7,795,3,144,3,2.1,1.2,2026|5213|57103,ENO2|PFKM|TIGAR,0,Protein
GO Biological Processes,19,GO:0046847,filopodium assembly,19_GO:0009987 cellular process,-2.2,5.5,3.7,795,3,144,3,2.1,1.2,7430|23607|84687,EZR|CD2AP|PPP1R9B,0,Protein
GO Biological Processes,19,GO:0060575,intestinal epithelial cell differentiation,19_GO:0032502 developmental process,-2.2,5.5,3.7,795,3,144,3,2.1,1.2,1026|6714|57103,CDKN1A|SRC|TIGAR,0,Protein
GO Biological Processes,19,GO:0008380,RNA splicing,19_GO:0009987 cellular process,-2.2,5.5,3.7,795,3,144,3,2.1,1.2,6733|11168|84687,SRPK2|PSIP1|PPP1R9B,0,Protein
GO Biological Processes,19,GO:0033004,negative regulation of mast cell activation,19_GO:0002376 immune system process,-2.2,5.5,3.7,795,3,144,3,2.1,1.2,8832|146722|284021,CD84|CD300LF|MILR1,0,Protein
GO Biological Processes,19,GO:0061097,regulation of protein tyrosine kinase activity,19_GO:0050789 regulation of biological process,-2.2,5.5,3.7,795,3,144,3,2.1,1.2,5770|11006|353514,PTPN1|LILRB4|LILRA5,0,Protein
GO Biological Processes,19,GO:0060576,intestinal epithelial cell development,19_GO:0032502 developmental process,-2.2,5.5,3.7,795,3,144,3,2.1,1.2,1026|6714|57103,CDKN1A|SRC|TIGAR,0,Protein
GO Biological Processes,19,GO:2000425,regulation of apoptotic cell clearance,19_GO:0051179 localization,-2.2,5.5,3.7,795,3,144,3,2.1,1.2,6347|7052|146722,CCL2|TGM2|CD300LF,0,Protein
GO Biological Processes,19,GO:0043922,negative regulation by host of viral transcription,19_GO:0016032 viral process,-2.2,5.5,3.7,795,3,144,3,2.1,1.2,3725|6348|6351,JUN|CCL3|CCL4,0,Protein
GO Biological Processes,19,GO:0006520,amino acid metabolic process,19_GO:0009987 cellular process,-2.2,2.8,3.1,795,14,144,7,4.9,1.8,216|1644|3176|5805|8942|23576|80755,ALDH1A1|DDC|HNMT|PTS|KYNU|DDAH1|AARSD1,0,Protein
GO Biological Processes,19,GO:0006457,protein folding,19_GO:0009987 cellular process,-2.2,2.8,3.1,795,14,144,7,4.9,1.8,811|1155|1676|2288|2289|3337|5202,CALR|TBCB|DFFA|FKBP4|FKBP5|DNAJB1|PFDN2,0,Protein
GO Biological Processes,19,GO:0032886,regulation of microtubule-based process,19_GO:0050789 regulation of biological process,-2.2,3.5,3.3,795,8,144,5,3.5,1.5,25|1639|2288|4137|4869,ABL1|DCTN1|FKBP4|MAPT|NPM1,0,Protein
GO Biological Processes,19,GO:0009199,ribonucleoside triphosphate metabolic process,19_GO:0009987 cellular process,-2.2,3.5,3.3,795,8,144,5,3.5,1.5,142|2026|5213|57103|64802,PARP1|ENO2|PFKM|TIGAR|NMNAT1,0,Protein
GO Biological Processes,19,GO:0009205,purine ribonucleoside triphosphate metabolic process,19_GO:0009987 cellular process,-2.2,3.5,3.3,795,8,144,5,3.5,1.5,142|2026|5213|57103|64802,PARP1|ENO2|PFKM|TIGAR|NMNAT1,0,Protein
GO Biological Processes,19,GO:0046034,ATP metabolic process,19_GO:0009987 cellular process,-2.2,3.5,3.3,795,8,144,5,3.5,1.5,142|2026|5213|57103|64802,PARP1|ENO2|PFKM|TIGAR|NMNAT1,0,Protein
GO Biological Processes,19,GO:0032271,regulation of protein polymerization,19_GO:0050789 regulation of biological process,-2.2,3,3.2,795,11,144,6,4.2,1.7,25|822|1639|2288|4137|51673,ABL1|CAPG|DCTN1|FKBP4|MAPT|TPPP3,0,Protein
GO Biological Processes,19,GO:0006281,DNA repair,19_GO:0050896 response to stimulus,-2.2,3,3.2,795,11,144,6,4.2,1.7,25|142|328|1069|4255|4869,ABL1|PARP1|APEX1|CETN2|MGMT|NPM1,0,Protein
GO Biological Processes,19,GO:1902806,regulation of cell cycle G1/S phase transition,19_GO:0050789 regulation of biological process,-2.2,3,3.2,795,11,144,6,4.2,1.7,1026|1981|5720|6347|8738|10457,CDKN1A|EIF4G1|PSME1|CCL2|CRADD|GPNMB,0,Protein
GO Biological Processes,19,GO:0006091,generation of precursor metabolites and energy,19_GO:0009987 cellular process,-2.2,3,3.2,795,11,144,6,4.2,1.7,2026|5213|5504|6648|57103|64080,ENO2|PFKM|PPP1R2|SOD2|TIGAR|RBKS,0,Protein
GO Biological Processes,19,GO:0062197,cellular response to chemical stress,19_GO:0050896 response to stimulus,-2.1,2.2,2.9,795,25,144,10,6.9,2.1,25|142|2203|4137|5052|6648|6714|7155|10935|25824,ABL1|PARP1|FBP1|MAPT|PRDX1|SOD2|SRC|TOP2B|PRDX3|PRDX5,0,Protein
GO Biological Processes,19,GO:1902532,negative regulation of intracellular signal transduction,19_GO:0048519 negative regulation of biological process,-2.1,1.8,2.7,795,49,144,16,11,2.6,25|142|811|841|2203|2950|4067|5770|6648|6714|7430|8379|10617|11006|23607|84335,ABL1|PARP1|CALR|CASP8|FBP1|GSTP1|LYN|PTPN1|SOD2|SRC|EZR|MAD1L1|STAMBP|LILRB4|CD2AP|AKT1S1,0,Protein
GO Biological Processes,19,GO:0055086,nucleobase-containing small molecule metabolic process,19_GO:0009987 cellular process,-2.1,2.1,2.8,795,29,144,11,7.6,2.2,142|2026|2272|2745|5213|8942|25824|57103|64080|64802|84836,PARP1|ENO2|FHIT|GLRX|PFKM|KYNU|PRDX5|TIGAR|RBKS|NMNAT1|ABHD14B,0,Protein
GO Biological Processes,19,GO:1990089,response to nerve growth factor,19_GO:0050896 response to stimulus,-2,2.6,2.9,795,15,144,7,4.9,1.8,142|867|4137|5770|8936|9101|23607,PARP1|CBL|MAPT|PTPN1|WASF1|USP8|CD2AP,0,Protein
GO Biological Processes,19,GO:0034976,response to endoplasmic reticulum stress,19_GO:0050896 response to stimulus,-2,2.6,2.9,795,15,144,7,4.9,1.8,25|811|1981|3576|3725|5770|7917,ABL1|CALR|EIF4G1|CXCL8|JUN|PTPN1|BAG6,0,Protein
GO Biological Processes,19,GO:1990090,cellular response to nerve growth factor stimulus,19_GO:0050896 response to stimulus,-2,2.6,2.9,795,15,144,7,4.9,1.8,142|867|4137|5770|8936|9101|23607,PARP1|CBL|MAPT|PTPN1|WASF1|USP8|CD2AP,0,Protein
GO Biological Processes,19,GO:0034504,protein localization to nucleus,19_GO:0051179 localization,-2,2.6,2.9,795,15,144,7,4.9,1.8,811|1026|3068|3621|4869|5534|7704,CALR|CDKN1A|HDGF|ING1|NPM1|PPP3R1|ZBTB16,0,Protein
