_MEMBER_Protein,_LogP_Protein,GO,Description,_PATTERN_,_RANK_,CHILD_GO_Protein
1,-4.810215478051137,GO:0050896,response to stimulus,M1,1,GO:0009636 response to toxic substance
1,-3.8340551291557796,GO:0048519,negative regulation of biological process,M1,1,GO:0045936 negative regulation of phosphate metabolic process
1,-3.8337370184394635,GO:0009987,cellular process,M1,1,GO:0019362 pyridine nucleotide metabolic process
1,-3.8337370184394635,GO:0098754,detoxification,M1,1,GO:1990748 cellular detoxification
1,-3.5062964112723405,GO:0065007,biological regulation,M1,1,GO:0051348 negative regulation of transferase activity
1,-3.0503899849771092,GO:0051179,localization,M1,1,GO:0051656 establishment of organelle localization
1,-3.0257370265534766,GO:0042592,homeostatic process,M1,1,GO:0045454 cell redox homeostasis
1,-2.9980924132811015,GO:0050789,regulation of biological process,M1,1,GO:1901987 regulation of cell cycle phase transition
1,-2.2334739444581513,GO:0002376,immune system process,M1,1,GO:0033004 negative regulation of mast cell activation
1,-2.2334739444581513,GO:0032502,developmental process,M1,1,GO:0060575 intestinal epithelial cell differentiation
1,-2.2334739444581513,GO:0043473,pigmentation,M1,1,GO:0033059 cellular pigmentation
1,-2.2334739444581513,GO:0016032,viral process,M1,1,GO:0043922 negative regulation by host of viral transcription
