_MEMBER_Protein,_LogP_Protein,GO,Description,_PATTERN_,_RANK_,GiniIndex
1,-2,GO:0034976,response to endoplasmic reticulum stress,M1,1,0
1,-3,GO:0006163,purine nucleotide metabolic process,M1,1,0
1,-2.2,GO:0008380,RNA splicing,M1,1,0
1,-3,GO:0034614,cellular response to reactive oxygen species,M1,1,0
1,-2.2,GO:0061097,regulation of protein tyrosine kinase activity,M1,1,0
1,-2.4,GO:0030031,cell projection assembly,M1,1,0
1,-3.5,GO:0051348,negative regulation of transferase activity,M1,1,0
1,-2.8,GO:0051258,protein polymerization,M1,1,0
1,-2.2,GO:0019364,pyridine nucleotide catabolic process,M1,1,0
1,-2.2,GO:0032271,regulation of protein polymerization,M1,1,0
1,-3.8,GO:0019362,pyridine nucleotide metabolic process,M1,1,0
1,-2.9,GO:0042326,negative regulation of phosphorylation,M1,1,0
1,-3.8,GO:0046496,nicotinamide nucleotide metabolic process,M1,1,0
1,-3.8,GO:1990748,cellular detoxification,M1,1,0
1,-2,GO:1990089,response to nerve growth factor,M1,1,0
1,-3.8,GO:0072524,pyridine-containing compound metabolic process,M1,1,0
1,-2.4,GO:0051053,negative regulation of DNA metabolic process,M1,1,0
1,-2.2,GO:0006520,amino acid metabolic process,M1,1,0
1,-2.2,GO:0006090,pyruvate metabolic process,M1,1,0
1,-2.6,GO:0000278,mitotic cell cycle,M1,1,0
1,-2.4,GO:0072521,purine-containing compound metabolic process,M1,1,0
1,-2.1,GO:0062197,cellular response to chemical stress,M1,1,0
1,-3,GO:0010948,negative regulation of cell cycle process,M1,1,0
1,-2.2,GO:0006457,protein folding,M1,1,0
1,-2.2,GO:0060576,intestinal epithelial cell development,M1,1,0
1,-3,GO:0042743,hydrogen peroxide metabolic process,M1,1,0
1,-2.8,GO:0080135,regulation of cellular response to stress,M1,1,0
1,-2.2,GO:0000819,sister chromatid segregation,M1,1,0
1,-3.8,GO:0010563,negative regulation of phosphorus metabolic process,M1,1,0
1,-2.2,GO:0032886,regulation of microtubule-based process,M1,1,0
1,-2.4,GO:0007059,chromosome segregation,M1,1,0
1,-2.2,GO:0010043,response to zinc ion,M1,1,0
1,-2.7,GO:0033365,protein localization to organelle,M1,1,0
1,-2.1,GO:1902532,negative regulation of intracellular signal transduction,M1,1,0
1,-4.8,GO:0009636,response to toxic substance,M1,1,0
1,-2.3,GO:0042391,regulation of membrane potential,M1,1,0
1,-2.2,GO:1902806,regulation of cell cycle G1/S phase transition,M1,1,0
1,-3,GO:0098813,nuclear chromosome segregation,M1,1,0
1,-2.8,GO:0090398,cellular senescence,M1,1,0
1,-2.5,GO:0010639,negative regulation of organelle organization,M1,1,0
1,-2.5,GO:0043086,negative regulation of catalytic activity,M1,1,0
1,-2.2,GO:0060397,growth hormone receptor signaling pathway via JAK-STAT,M1,1,0
1,-3,GO:0006469,negative regulation of protein kinase activity,M1,1,0
1,-2.4,GO:0009117,nucleotide metabolic process,M1,1,0
1,-3.5,GO:0033673,negative regulation of kinase activity,M1,1,0
1,-2.2,GO:0006281,DNA repair,M1,1,0
1,-3.2,GO:0006259,DNA metabolic process,M1,1,0
1,-2.2,GO:0006096,glycolytic process,M1,1,0
1,-3,GO:0051301,cell division,M1,1,0
1,-2.2,GO:0043922,negative regulation by host of viral transcription,M1,1,0
1,-2.2,GO:0072526,pyridine-containing compound catabolic process,M1,1,0
1,-2.4,GO:0071901,negative regulation of protein serine/threonine kinase activity,M1,1,0
1,-2.2,GO:0009205,purine ribonucleoside triphosphate metabolic process,M1,1,0
1,-2.8,GO:0051881,regulation of mitochondrial membrane potential,M1,1,0
1,-2,GO:1990090,cellular response to nerve growth factor stimulus,M1,1,0
1,-2.2,GO:0046847,filopodium assembly,M1,1,0
1,-2.9,GO:0051640,organelle localization,M1,1,0
1,-2.2,GO:0006091,generation of precursor metabolites and energy,M1,1,0
1,-2.4,GO:0009410,response to xenobiotic stimulus,M1,1,0
1,-3,GO:0045454,cell redox homeostasis,M1,1,0
1,-2.7,GO:0000226,microtubule cytoskeleton organization,M1,1,0
1,-2.4,GO:0031110,regulation of microtubule polymerization or depolymerization,M1,1,0
1,-3.2,GO:0098869,cellular oxidant detoxification,M1,1,0
1,-3.8,GO:0098754,detoxification,M1,1,0
1,-3.4,GO:0097237,cellular response to toxic substance,M1,1,0
1,-2.2,GO:2000425,regulation of apoptotic cell clearance,M1,1,0
1,-2.8,GO:0006979,response to oxidative stress,M1,1,0
1,-3.1,GO:0051656,establishment of organelle localization,M1,1,0
1,-2.4,GO:2000045,regulation of G1/S transition of mitotic cell cycle,M1,1,0
1,-2.3,GO:0034599,cellular response to oxidative stress,M1,1,0
1,-2.7,GO:1901654,response to ketone,M1,1,0
1,-2.2,GO:0046034,ATP metabolic process,M1,1,0
1,-3,GO:0045786,negative regulation of cell cycle,M1,1,0
1,-3.1,GO:0010038,response to metal ion,M1,1,0
1,-2.2,GO:0042744,hydrogen peroxide catabolic process,M1,1,0
1,-3,GO:1901987,regulation of cell cycle phase transition,M1,1,0
1,-3.8,GO:0045936,negative regulation of phosphate metabolic process,M1,1,0
1,-2.3,GO:0000302,response to reactive oxygen species,M1,1,0
1,-2.5,GO:0010564,regulation of cell cycle process,M1,1,0
1,-2,GO:0034504,protein localization to nucleus,M1,1,0
1,-2.2,GO:0009199,ribonucleoside triphosphate metabolic process,M1,1,0
1,-2.1,GO:0055086,nucleobase-containing small molecule metabolic process,M1,1,0
1,-2.4,GO:1901988,negative regulation of cell cycle phase transition,M1,1,0
1,-2.7,GO:0031400,negative regulation of protein modification process,M1,1,0
1,-3.1,GO:0051248,negative regulation of protein metabolic process,M1,1,0
1,-2.6,GO:0006282,regulation of DNA repair,M1,1,0
1,-3,GO:0061077,chaperone-mediated protein folding,M1,1,0
1,-2.2,GO:0060575,intestinal epithelial cell differentiation,M1,1,0
1,-2.2,GO:0033004,negative regulation of mast cell activation,M1,1,0
1,-2.2,GO:0033059,cellular pigmentation,M1,1,0
1,-2.4,GO:0031113,regulation of microtubule polymerization,M1,1,0
1,-2.4,GO:0001933,negative regulation of protein phosphorylation,M1,1,0
1,-2.3,GO:1901990,regulation of mitotic cell cycle phase transition,M1,1,0
1,-2.4,GO:0141193,nuclear receptor-mediated signaling pathway,M1,1,0
1,-2.2,GO:1903579,negative regulation of ATP metabolic process,M1,1,0
1,-3.3,GO:0051276,chromosome organization,M1,1,0
