Name,Category,CategoryID,GO,Description,PARENT_GO,LogP,Enrichment,Z-score,#TotalGeneInLibrary,#GeneInGO,#GeneInHitList,#GeneInGOAndHitList,%InGO,STDV %InGO,GeneID,Hits,Log(q-value)
Protein,GO Biological Processes,19,GO:0007167,enzyme-linked receptor protein signaling pathway,19_GO:0050896 response to stimulus,-5.9,2.1,5.3,795,114,111,34,31,4.4,94|374|652|780|925|1282|1435|1438|1945|2051|2250|2263|2660|2674|2675|2676|3082|3977|4880|4915|4916|5156|6997|7039|7422|8828|9965|10253|23768|25805|55997|56963|284656|285704,ACVRL1|AREG|BMP4|DDR1|CD8A|COL4A1|CSF1|CSF2RA|EFNA4|EPHB6|FGF5|FGFR2|MSTN|GFRA1|GFRA2|GFRA3|HGF|LIFR|NPPC|NTRK2|NTRK3|PDGFRA|CRIPTO|TGFA|VEGFA|NRP2|FGF19|SPRY2|FLRT2|BAMBI|CFC1|RGMA|EPHA10|RGMB,-2.2
Protein,GO Biological Processes,19,GO:0031175,neuron projection development,19_GO:0032502 developmental process,-5.3,2.5,5.1,795,70,111,24,22,3.9,333|374|780|1945|2051|2263|2674|2676|4681|4897|5364|6092|7143|7422|7873|8633|8828|23768|27242|53942|56963|91584|284656|441549,APLP1|AREG|DDR1|EFNA4|EPHB6|FGFR2|GFRA1|GFRA3|NBL1|NRCAM|PLXNB1|ROBO2|TNR|VEGFA|MANF|UNC5C|NRP2|FLRT2|TNFRSF21|CNTN5|RGMA|PLXNA4|EPHA10|CDNF,-1.9
Protein,GO Biological Processes,19,GO:0061564,axon development,19_GO:0032502 developmental process,-4.8,2.8,5,795,43,111,17,15,3.4,333|780|1945|2051|2263|2676|4897|6092|7143|7422|8633|8828|23768|27242|53942|91584|284656,APLP1|DDR1|EFNA4|EPHB6|FGFR2|GFRA3|NRCAM|ROBO2|TNR|VEGFA|UNC5C|NRP2|FLRT2|TNFRSF21|CNTN5|PLXNA4|EPHA10,-1.6
Protein,GO Biological Processes,19,GO:0007411,axon guidance,19_GO:0032502 developmental process,-4.4,3.2,4.9,795,29,111,13,12,3.1,1945|2051|2676|4897|6092|7143|7422|8633|8828|23768|53942|91584|284656,EFNA4|EPHB6|GFRA3|NRCAM|ROBO2|TNR|VEGFA|UNC5C|NRP2|FLRT2|CNTN5|PLXNA4|EPHA10,-1.5
Protein,GO Biological Processes,19,GO:0097485,neuron projection guidance,19_GO:0032502 developmental process,-4.4,3.2,4.9,795,29,111,13,12,3.1,1945|2051|2676|4897|6092|7143|7422|8633|8828|23768|53942|91584|284656,EFNA4|EPHB6|GFRA3|NRCAM|ROBO2|TNR|VEGFA|UNC5C|NRP2|FLRT2|CNTN5|PLXNA4|EPHA10,-1.5
Protein,GO Biological Processes,19,GO:0048812,neuron projection morphogenesis,19_GO:0032502 developmental process,-4.4,2.6,4.6,795,50,111,18,16,3.5,333|780|1945|2051|2263|2676|4681|4897|5364|6092|7143|7422|8633|8828|23768|53942|91584|284656,APLP1|DDR1|EFNA4|EPHB6|FGFR2|GFRA3|NBL1|NRCAM|PLXNB1|ROBO2|TNR|VEGFA|UNC5C|NRP2|FLRT2|CNTN5|PLXNA4|EPHA10,-1.5
Protein,GO Biological Processes,19,GO:0120039,plasma membrane bounded cell projection morphogenesis,19_GO:0032502 developmental process,-4.4,2.6,4.6,795,50,111,18,16,3.5,333|780|1945|2051|2263|2676|4681|4897|5364|6092|7143|7422|8633|8828|23768|53942|91584|284656,APLP1|DDR1|EFNA4|EPHB6|FGFR2|GFRA3|NBL1|NRCAM|PLXNB1|ROBO2|TNR|VEGFA|UNC5C|NRP2|FLRT2|CNTN5|PLXNA4|EPHA10,-1.5
Protein,GO Biological Processes,19,GO:0048858,cell projection morphogenesis,19_GO:0032502 developmental process,-4.2,2.5,4.5,795,51,111,18,16,3.5,333|780|1945|2051|2263|2676|4681|4897|5364|6092|7143|7422|8633|8828|23768|53942|91584|284656,APLP1|DDR1|EFNA4|EPHB6|FGFR2|GFRA3|NBL1|NRCAM|PLXNB1|ROBO2|TNR|VEGFA|UNC5C|NRP2|FLRT2|CNTN5|PLXNA4|EPHA10,-1.5
Protein,GO Biological Processes,19,GO:0007169,cell surface receptor protein tyrosine kinase signaling pathway,19_GO:0050896 response to stimulus,-4.2,2.1,4.4,795,80,111,24,22,3.9,374|780|925|1282|1435|1438|1945|2051|2250|2263|2674|2675|2676|3082|4915|4916|5156|7039|7422|8828|9965|10253|23768|284656,AREG|DDR1|CD8A|COL4A1|CSF1|CSF2RA|EFNA4|EPHB6|FGF5|FGFR2|GFRA1|GFRA2|GFRA3|HGF|NTRK2|NTRK3|PDGFRA|TGFA|VEGFA|NRP2|FGF19|SPRY2|FLRT2|EPHA10,-1.4
Protein,GO Biological Processes,19,GO:0007409,axonogenesis,19_GO:0032502 developmental process,-4.1,2.8,4.5,795,39,111,15,14,3.2,333|1945|2051|2263|2676|4897|6092|7143|7422|8633|8828|23768|53942|91584|284656,APLP1|EFNA4|EPHB6|FGFR2|GFRA3|NRCAM|ROBO2|TNR|VEGFA|UNC5C|NRP2|FLRT2|CNTN5|PLXNA4|EPHA10,-1.4
Protein,GO Biological Processes,19,GO:0048667,cell morphogenesis involved in neuron differentiation,19_GO:0032502 developmental process,-3.9,2.7,4.4,795,40,111,15,14,3.2,333|1945|2051|2263|2676|4897|6092|7143|7422|8633|8828|23768|53942|91584|284656,APLP1|EFNA4|EPHB6|FGFR2|GFRA3|NRCAM|ROBO2|TNR|VEGFA|UNC5C|NRP2|FLRT2|CNTN5|PLXNA4|EPHA10,-1.3
Protein,GO Biological Processes,19,GO:0000902,cell morphogenesis,19_GO:0032502 developmental process,-3.9,2.2,4.2,795,68,111,21,19,3.7,333|780|1004|1013|1945|2051|2263|2676|3082|4681|4897|5364|6092|7143|7422|8633|8828|23768|53942|91584|284656,APLP1|DDR1|CDH6|CDH15|EFNA4|EPHB6|FGFR2|GFRA3|HGF|NBL1|NRCAM|PLXNB1|ROBO2|TNR|VEGFA|UNC5C|NRP2|FLRT2|CNTN5|PLXNA4|EPHA10,-1.3
Protein,GO Biological Processes,19,GO:0030879,mammary gland development,19_GO:0032502 developmental process,-3.4,3.4,4.2,795,19,111,9,8.1,2.6,374|652|780|1435|2263|6997|7039|7422|10018,AREG|BMP4|DDR1|CSF1|FGFR2|CRIPTO|TGFA|VEGFA|BCL2L11,-0.95
Protein,GO Biological Processes,19,GO:0098609,cell-cell adhesion,19_GO:0009987 cellular process,-3.2,1.9,3.6,795,81,111,22,20,3.8,945|1004|1013|2650|4345|4897|5156|5365|5817|6092|6376|6614|7143|7422|22883|27253|50512|53942|56253|58494|131450|283659,CD33|CDH6|CDH15|GCNT1|CD200|NRCAM|PDGFRA|PLXNB3|PVR|ROBO2|CX3CL1|SIGLEC1|TNR|VEGFA|CLSTN1|PCDH17|PODXL2|CNTN5|CRTAM|JAM2|CD200R1|PRTG,-0.84
Protein,GO Biological Processes,19,GO:0035239,tube morphogenesis,19_GO:0032502 developmental process,-3.1,1.9,3.6,795,92,111,24,22,3.9,94|374|652|780|1282|1435|2263|4880|4897|4915|5156|6376|6997|7039|7422|8742|8751|8828|9289|9394|9953|10018|10253|56963,ACVRL1|AREG|BMP4|DDR1|COL4A1|CSF1|FGFR2|NPPC|NRCAM|NTRK2|PDGFRA|CX3CL1|CRIPTO|TGFA|VEGFA|TNFSF12|ADAM15|NRP2|ADGRG1|HS6ST1|HS3ST3B1|BCL2L11|SPRY2|RGMA,-0.82
Protein,GO Biological Processes,19,GO:0060322,head development,19_GO:0032502 developmental process,-3.1,2.2,3.7,795,56,111,17,15,3.4,333|652|1282|1392|2263|4897|4915|5156|6092|7143|8633|8828|9289|22933|53942|63827|91584,APLP1|BMP4|COL4A1|CRH|FGFR2|NRCAM|NTRK2|PDGFRA|ROBO2|TNR|UNC5C|NRP2|ADGRG1|SIRT2|CNTN5|BCAN|PLXNA4,-0.81
Protein,GO Biological Processes,19,GO:0006643,membrane lipid metabolic process,19_GO:0009987 cellular process,-3.1,5.1,4.4,795,7,111,5,4.5,2,2720|6482|6609|27163|56624,GLB1|ST3GAL1|SMPD1|NAAA|ASAH2,-0.8
Protein,GO Biological Processes,19,GO:0006665,sphingolipid metabolic process,19_GO:0009987 cellular process,-3.1,5.1,4.4,795,7,111,5,4.5,2,2720|6482|6609|27163|56624,GLB1|ST3GAL1|SMPD1|NAAA|ASAH2,-0.8
Protein,GO Biological Processes,19,GO:0009101,glycoprotein biosynthetic process,19_GO:0009987 cellular process,-3.1,4.3,4.2,795,10,111,6,5.4,2.1,2590|2650|6482|9394|9953|55568,GALNT2|GCNT1|ST3GAL1|HS6ST1|HS3ST3B1|GALNT10,-0.79
Protein,GO Biological Processes,19,GO:0060560,developmental growth involved in morphogenesis,19_GO:0040007 growth,-3,3.4,4,795,17,111,8,7.2,2.5,374|652|780|1435|2263|7143|8828|10253,AREG|BMP4|DDR1|CSF1|FGFR2|TNR|NRP2|SPRY2,-0.78
Protein,GO Biological Processes,19,GO:0007420,brain development,19_GO:0032502 developmental process,-3,2.2,3.6,795,52,111,16,14,3.3,333|652|1282|1392|2263|4897|4915|6092|7143|8633|8828|9289|22933|53942|63827|91584,APLP1|BMP4|COL4A1|CRH|FGFR2|NRCAM|NTRK2|ROBO2|TNR|UNC5C|NRP2|ADGRG1|SIRT2|CNTN5|BCAN|PLXNA4,-0.78
Protein,GO Biological Processes,19,GO:0051960,regulation of nervous system development,19_GO:0032502 developmental process,-3,2.2,3.6,795,52,111,16,14,3.3,1075|4311|4915|5364|5365|6092|6376|7143|7422|22883|22933|23768|27242|56963|58494|283659,CTSC|MME|NTRK2|PLXNB1|PLXNB3|ROBO2|CX3CL1|TNR|VEGFA|CLSTN1|SIRT2|FLRT2|TNFRSF21|RGMA|JAM2|PRTG,-0.78
Protein,GO Biological Processes,19,GO:0048167,regulation of synaptic plasticity,19_GO:0050789 regulation of biological process,-2.9,3.6,3.9,795,14,111,7,6.3,2.3,952|1392|2149|4311|4915|6376|7143,CD38|CRH|F2R|MME|NTRK2|CX3CL1|TNR,-0.69
Protein,GO Biological Processes,19,GO:0031346,positive regulation of cell projection organization,19_GO:0048518 positive regulation of biological process,-2.9,2.6,3.7,795,30,111,11,9.9,2.8,411|780|2660|4915|4916|5364|5365|6092|6376|7422|56963,ARSB|DDR1|MSTN|NTRK2|NTRK3|PLXNB1|PLXNB3|ROBO2|CX3CL1|VEGFA|RGMA,-0.68
Protein,GO Biological Processes,19,GO:0048754,branching morphogenesis of an epithelial tube,19_GO:0032502 developmental process,-2.8,2.9,3.7,795,22,111,9,8.1,2.6,374|652|780|1282|1435|2263|7422|9953|10253,AREG|BMP4|DDR1|COL4A1|CSF1|FGFR2|VEGFA|HS3ST3B1|SPRY2,-0.64
Protein,GO Biological Processes,19,GO:0060602,branch elongation of an epithelium,19_GO:0040007 growth,-2.8,5.7,4.3,795,5,111,4,3.6,1.8,374|652|2263|10253,AREG|BMP4|FGFR2|SPRY2,-0.64
Protein,GO Biological Processes,19,GO:0016266,O-glycan processing,19_GO:0009987 cellular process,-2.8,5.7,4.3,795,5,111,4,3.6,1.8,2590|2650|6482|55568,GALNT2|GCNT1|ST3GAL1|GALNT10,-0.64
Protein,GO Biological Processes,19,GO:0006493,protein O-linked glycosylation,19_GO:0009987 cellular process,-2.8,5.7,4.3,795,5,111,4,3.6,1.8,2590|2650|6482|55568,GALNT2|GCNT1|ST3GAL1|GALNT10,-0.64
Protein,GO Biological Processes,19,GO:0006672,ceramide metabolic process,19_GO:0009987 cellular process,-2.8,5.7,4.3,795,5,111,4,3.6,1.8,2720|6482|6609|56624,GLB1|ST3GAL1|SMPD1|ASAH2,-0.64
Protein,GO Biological Processes,19,GO:0003148,outflow tract septum morphogenesis,19_GO:0032502 developmental process,-2.8,5.7,4.3,795,5,111,4,3.6,1.8,652|2263|6092|8828,BMP4|FGFR2|ROBO2|NRP2,-0.64
Protein,GO Biological Processes,19,GO:0048608,reproductive structure development,19_GO:0022414 reproductive process,-2.8,2.5,3.5,795,31,111,11,9.9,2.8,652|2263|2674|4880|5156|6092|7422|8743|8751|9289|10018,BMP4|FGFR2|GFRA1|NPPC|PDGFRA|ROBO2|VEGFA|TNFSF10|ADAM15|ADGRG1|BCL2L11,-0.6
Protein,GO Biological Processes,19,GO:0003151,outflow tract morphogenesis,19_GO:0032502 developmental process,-2.7,4.5,4,795,8,111,5,4.5,2,652|2263|6092|7422|8828,BMP4|FGFR2|ROBO2|VEGFA|NRP2,-0.58
Protein,GO Biological Processes,19,GO:0008543,fibroblast growth factor receptor signaling pathway,19_GO:0050896 response to stimulus,-2.7,2.7,3.5,795,27,111,10,9,2.7,780|2250|2263|4915|4916|5156|9965|10253|23768|284656,DDR1|FGF5|FGFR2|NTRK2|NTRK3|PDGFRA|FGF19|SPRY2|FLRT2|EPHA10,-0.56
Protein,GO Biological Processes,19,GO:0045667,regulation of osteoblast differentiation,19_GO:0032502 developmental process,-2.6,3,3.6,795,19,111,8,7.2,2.5,374|652|2263|3082|4880|7422|25805|64093,AREG|BMP4|FGFR2|HGF|NPPC|VEGFA|BAMBI|SMOC1,-0.52
Protein,GO Biological Processes,19,GO:0061458,reproductive system development,19_GO:0032502 developmental process,-2.6,2.5,3.4,795,32,111,11,9.9,2.8,652|2263|2674|4880|5156|6092|7422|8743|8751|9289|10018,BMP4|FGFR2|GFRA1|NPPC|PDGFRA|ROBO2|VEGFA|TNFSF10|ADAM15|ADGRG1|BCL2L11,-0.5
Protein,GO Biological Processes,19,GO:0030900,forebrain development,19_GO:0032502 developmental process,-2.6,2.5,3.4,795,32,111,11,9.9,2.8,333|652|1392|2263|4915|6092|7143|8828|9289|63827|91584,APLP1|BMP4|CRH|FGFR2|NTRK2|ROBO2|TNR|NRP2|ADGRG1|BCAN|PLXNA4,-0.5
Protein,GO Biological Processes,19,GO:0071711,basement membrane organization,19_GO:0009987 cellular process,-2.6,7.2,4.3,795,3,111,3,2.7,1.5,1282|1520|23768,COL4A1|CTSS|FLRT2,-0.49
Protein,GO Biological Processes,19,GO:0030148,sphingolipid biosynthetic process,19_GO:0009987 cellular process,-2.6,7.2,4.3,795,3,111,3,2.7,1.5,6482|6609|56624,ST3GAL1|SMPD1|ASAH2,-0.49
Protein,GO Biological Processes,19,GO:0030224,monocyte differentiation,19_GO:0032502 developmental process,-2.6,7.2,4.3,795,3,111,3,2.7,1.5,652|1435|7422,BMP4|CSF1|VEGFA,-0.49
Protein,GO Biological Processes,19,GO:0031290,retinal ganglion cell axon guidance,19_GO:0032502 developmental process,-2.6,7.2,4.3,795,3,111,3,2.7,1.5,4897|6092|7422,NRCAM|ROBO2|VEGFA,-0.49
Protein,GO Biological Processes,19,GO:0046513,ceramide biosynthetic process,19_GO:0009987 cellular process,-2.6,7.2,4.3,795,3,111,3,2.7,1.5,6482|6609|56624,ST3GAL1|SMPD1|ASAH2,-0.49
Protein,GO Biological Processes,19,GO:0046467,membrane lipid biosynthetic process,19_GO:0009987 cellular process,-2.6,7.2,4.3,795,3,111,3,2.7,1.5,6482|6609|56624,ST3GAL1|SMPD1|ASAH2,-0.49
Protein,GO Biological Processes,19,GO:0060449,bud elongation involved in lung branching,19_GO:0040007 growth,-2.6,7.2,4.3,795,3,111,3,2.7,1.5,652|2263|10253,BMP4|FGFR2|SPRY2,-0.49
Protein,GO Biological Processes,19,GO:0060291,long-term synaptic potentiation,19_GO:0048518 positive regulation of biological process,-2.6,7.2,4.3,795,3,111,3,2.7,1.5,1392|4915|7143,CRH|NTRK2|TNR,-0.49
Protein,GO Biological Processes,19,GO:0001763,morphogenesis of a branching structure,19_GO:0032502 developmental process,-2.6,2.6,3.4,795,28,111,10,9,2.7,374|652|780|1282|1435|2263|6997|7422|9953|10253,AREG|BMP4|DDR1|COL4A1|CSF1|FGFR2|CRIPTO|VEGFA|HS3ST3B1|SPRY2,-0.49
Protein,GO Biological Processes,19,GO:0001944,vasculature development,19_GO:0032502 developmental process,-2.6,1.8,3.1,795,78,111,20,18,3.6,94|652|1282|2263|3964|4880|4897|4915|5156|6092|6376|6997|7039|7422|8742|8751|8828|9289|9394|55997,ACVRL1|BMP4|COL4A1|FGFR2|LGALS8|NPPC|NRCAM|NTRK2|PDGFRA|ROBO2|CX3CL1|CRIPTO|TGFA|VEGFA|TNFSF12|ADAM15|NRP2|ADGRG1|HS6ST1|CFC1,-0.49
Protein,GO Biological Processes,19,GO:0050808,synapse organization,19_GO:0009987 cellular process,-2.6,2.2,3.3,795,42,111,13,12,3.1,1004|1282|2149|4897|5364|5365|6376|7143|26470|27253|53942|63827|91584,CDH6|COL4A1|F2R|NRCAM|PLXNB1|PLXNB3|CX3CL1|TNR|SEZ6L2|PCDH17|CNTN5|BCAN|PLXNA4,-0.49
Protein,GO Biological Processes,19,GO:0035924,cellular response to vascular endothelial growth factor stimulus,19_GO:0050896 response to stimulus,-2.5,2.7,3.4,795,24,111,9,8.1,2.6,780|2263|4915|4916|5156|7422|8828|10253|284656,DDR1|FGFR2|NTRK2|NTRK3|PDGFRA|VEGFA|NRP2|SPRY2|EPHA10,-0.46
Protein,GO Biological Processes,19,GO:0038084,vascular endothelial growth factor signaling pathway,19_GO:0050896 response to stimulus,-2.5,2.9,3.4,795,20,111,8,7.2,2.5,780|2263|4915|4916|5156|7422|8828|284656,DDR1|FGFR2|NTRK2|NTRK3|PDGFRA|VEGFA|NRP2|EPHA10,-0.43
Protein,GO Biological Processes,19,GO:0030198,extracellular matrix organization,19_GO:0009987 cellular process,-2.4,2.5,3.2,795,29,111,10,9,2.7,333|1282|1520|4148|4312|5156|7143|8751|23768|64093,APLP1|COL4A1|CTSS|MATN3|MMP1|PDGFRA|TNR|ADAM15|FLRT2|SMOC1,-0.4
Protein,GO Biological Processes,19,GO:0048638,regulation of developmental growth,19_GO:0040007 growth,-2.4,2.5,3.2,795,29,111,10,9,2.7,1435|2263|2660|4880|4897|7143|7422|10018|56963|91584,CSF1|FGFR2|MSTN|NPPC|NRCAM|TNR|VEGFA|BCL2L11|RGMA|PLXNA4,-0.4
Protein,GO Biological Processes,19,GO:0043062,extracellular structure organization,19_GO:0009987 cellular process,-2.4,2.5,3.2,795,29,111,10,9,2.7,333|1282|1520|4148|4312|5156|7143|8751|23768|64093,APLP1|COL4A1|CTSS|MATN3|MMP1|PDGFRA|TNR|ADAM15|FLRT2|SMOC1,-0.4
Protein,GO Biological Processes,19,GO:0045229,external encapsulating structure organization,19_GO:0009987 cellular process,-2.4,2.5,3.2,795,29,111,10,9,2.7,333|1282|1520|4148|4312|5156|7143|8751|23768|64093,APLP1|COL4A1|CTSS|MATN3|MMP1|PDGFRA|TNR|ADAM15|FLRT2|SMOC1,-0.4
Protein,GO Biological Processes,19,GO:0009791,post-embryonic development,19_GO:0032502 developmental process,-2.4,4,3.6,795,9,111,5,4.5,2,652|2263|4880|7422|10018,BMP4|FGFR2|NPPC|VEGFA|BCL2L11,-0.4
Protein,GO Biological Processes,19,GO:0050772,positive regulation of axonogenesis,19_GO:0032502 developmental process,-2.4,4,3.6,795,9,111,5,4.5,2,4915|5364|5365|6092|7422,NTRK2|PLXNB1|PLXNB3|ROBO2|VEGFA,-0.4
Protein,GO Biological Processes,19,GO:0044344,cellular response to fibroblast growth factor stimulus,19_GO:0050896 response to stimulus,-2.4,2.3,3.2,795,34,111,11,9.9,2.8,780|2250|2263|4915|4916|5156|6997|9965|10253|23768|284656,DDR1|FGF5|FGFR2|NTRK2|NTRK3|PDGFRA|CRIPTO|FGF19|SPRY2|FLRT2|EPHA10,-0.38
Protein,GO Biological Processes,19,GO:0071774,response to fibroblast growth factor,19_GO:0050896 response to stimulus,-2.4,2.3,3.2,795,34,111,11,9.9,2.8,780|2250|2263|4915|4916|5156|6997|9965|10253|23768|284656,DDR1|FGF5|FGFR2|NTRK2|NTRK3|PDGFRA|CRIPTO|FGF19|SPRY2|FLRT2|EPHA10,-0.38
Protein,GO Biological Processes,19,GO:0001568,blood vessel development,19_GO:0032502 developmental process,-2.4,1.8,3,795,75,111,19,17,3.6,94|652|1282|2263|4880|4897|4915|5156|6092|6376|6997|7039|7422|8742|8751|8828|9289|9394|55997,ACVRL1|BMP4|COL4A1|FGFR2|NPPC|NRCAM|NTRK2|PDGFRA|ROBO2|CX3CL1|CRIPTO|TGFA|VEGFA|TNFSF12|ADAM15|NRP2|ADGRG1|HS6ST1|CFC1,-0.37
Protein,GO Biological Processes,19,GO:0008406,gonad development,19_GO:0022414 reproductive process,-2.4,2.6,3.2,795,25,111,9,8.1,2.6,2674|4880|5156|6092|7422|8743|8751|9289|10018,GFRA1|NPPC|PDGFRA|ROBO2|VEGFA|TNFSF10|ADAM15|ADGRG1|BCL2L11,-0.37
Protein,GO Biological Processes,19,GO:0045137,development of primary sexual characteristics,19_GO:0022414 reproductive process,-2.4,2.6,3.2,795,25,111,9,8.1,2.6,2674|4880|5156|6092|7422|8743|8751|9289|10018,GFRA1|NPPC|PDGFRA|ROBO2|VEGFA|TNFSF10|ADAM15|ADGRG1|BCL2L11,-0.37
Protein,GO Biological Processes,19,GO:2001222,regulation of neuron migration,19_GO:0040011 locomotion,-2.4,4.8,3.7,795,6,111,4,3.6,1.8,6376|8633|9289|23768,CX3CL1|UNC5C|ADGRG1|FLRT2,-0.37
Protein,GO Biological Processes,19,GO:0071229,cellular response to acid chemical,19_GO:0050896 response to stimulus,-2.4,4.8,3.7,795,6,111,4,3.6,1.8,1282|4915|5156|7422,COL4A1|NTRK2|PDGFRA|VEGFA,-0.37
Protein,GO Biological Processes,19,GO:0048732,gland development,19_GO:0032502 developmental process,-2.4,2.2,3.1,795,39,111,12,11,2.9,374|652|780|1392|1435|2263|3082|5156|6997|7039|7422|10018,AREG|BMP4|DDR1|CRH|CSF1|FGFR2|HGF|PDGFRA|CRIPTO|TGFA|VEGFA|BCL2L11,-0.37
Protein,GO Biological Processes,19,GO:0003007,heart morphogenesis,19_GO:0032502 developmental process,-2.3,2.7,3.2,795,21,111,8,7.2,2.5,94|652|2263|6092|7422|8751|8828|23768,ACVRL1|BMP4|FGFR2|ROBO2|VEGFA|ADAM15|NRP2|FLRT2,-0.34
Protein,GO Biological Processes,19,GO:0048012,hepatocyte growth factor receptor signaling pathway,19_GO:0050896 response to stimulus,-2.3,2.9,3.3,795,17,111,7,6.3,2.3,780|2263|3082|4915|4916|5156|284656,DDR1|FGFR2|HGF|NTRK2|NTRK3|PDGFRA|EPHA10,-0.33
Protein,GO Biological Processes,19,GO:0038063,collagen-activated tyrosine kinase receptor signaling pathway,19_GO:0050896 response to stimulus,-2.3,2.9,3.3,795,17,111,7,6.3,2.3,780|1282|2263|4915|4916|5156|284656,DDR1|COL4A1|FGFR2|NTRK2|NTRK3|PDGFRA|EPHA10,-0.33
Protein,GO Biological Processes,19,GO:0009100,glycoprotein metabolic process,19_GO:0009987 cellular process,-2.3,2.9,3.3,795,17,111,7,6.3,2.3,2590|2650|2720|6482|9394|9953|55568,GALNT2|GCNT1|GLB1|ST3GAL1|HS6ST1|HS3ST3B1|GALNT10,-0.33
Protein,GO Biological Processes,19,GO:0036006,cellular response to macrophage colony-stimulating factor stimulus,19_GO:0050896 response to stimulus,-2.3,2.9,3.3,795,17,111,7,6.3,2.3,780|1435|2263|4915|4916|5156|284656,DDR1|CSF1|FGFR2|NTRK2|NTRK3|PDGFRA|EPHA10,-0.33
Protein,GO Biological Processes,19,GO:0050770,regulation of axonogenesis,19_GO:0032502 developmental process,-2.3,2.9,3.3,795,17,111,7,6.3,2.3,4915|5364|5365|6092|7143|7422|56963,NTRK2|PLXNB1|PLXNB3|ROBO2|TNR|VEGFA|RGMA,-0.33
Protein,GO Biological Processes,19,GO:0038145,macrophage colony-stimulating factor signaling pathway,19_GO:0050896 response to stimulus,-2.3,2.9,3.3,795,17,111,7,6.3,2.3,780|1435|2263|4915|4916|5156|284656,DDR1|CSF1|FGFR2|NTRK2|NTRK3|PDGFRA|EPHA10,-0.33
Protein,GO Biological Processes,19,GO:0040008,regulation of growth,19_GO:0040007 growth,-2.3,1.9,3,795,60,111,16,14,3.3,94|780|952|1435|2263|2660|4880|4897|7143|7422|8751|10018|22883|56963|91584|131566,ACVRL1|DDR1|CD38|CSF1|FGFR2|MSTN|NPPC|NRCAM|TNR|VEGFA|ADAM15|BCL2L11|CLSTN1|RGMA|PLXNA4|DCBLD2,-0.33
Protein,GO Biological Processes,19,GO:0060562,epithelial tube morphogenesis,19_GO:0032502 developmental process,-2.3,2.3,3,795,35,111,11,9.9,2.8,94|374|652|780|1282|1435|2263|7422|9953|10253|56963,ACVRL1|AREG|BMP4|DDR1|COL4A1|CSF1|FGFR2|VEGFA|HS3ST3B1|SPRY2|RGMA,-0.31
Protein,GO Biological Processes,19,GO:0050767,regulation of neurogenesis,19_GO:0032502 developmental process,-2.3,2.3,3,795,35,111,11,9.9,2.8,4311|4915|5364|5365|6092|6376|7143|7422|22933|56963|283659,MME|NTRK2|PLXNB1|PLXNB3|ROBO2|CX3CL1|TNR|VEGFA|SIRT2|RGMA|PRTG,-0.31
Protein,GO Biological Processes,19,GO:0010975,regulation of neuron projection development,19_GO:0032502 developmental process,-2.3,2.1,3,795,45,111,13,12,3.1,411|780|952|4897|4915|4916|5364|5365|6092|6376|7143|7422|56963,ARSB|DDR1|CD38|NRCAM|NTRK2|NTRK3|PLXNB1|PLXNB3|ROBO2|CX3CL1|TNR|VEGFA|RGMA,-0.3
Protein,GO Biological Processes,19,GO:0031344,regulation of cell projection organization,19_GO:0050789 regulation of biological process,-2.2,1.9,2.9,795,56,111,15,14,3.2,411|780|952|2660|4897|4915|4916|5364|5365|6092|6376|7143|7422|10253|56963,ARSB|DDR1|CD38|MSTN|NRCAM|NTRK2|NTRK3|PLXNB1|PLXNB3|ROBO2|CX3CL1|TNR|VEGFA|SPRY2|RGMA,-0.24
Protein,GO Biological Processes,19,GO:0048013,ephrin receptor signaling pathway,19_GO:0050896 response to stimulus,-2.2,2.6,3.1,795,22,111,8,7.2,2.5,780|1945|2051|2263|4915|4916|5156|284656,DDR1|EFNA4|EPHB6|FGFR2|NTRK2|NTRK3|PDGFRA|EPHA10,-0.23
Protein,GO Biological Processes,19,GO:0050806,positive regulation of synaptic transmission,19_GO:0048518 positive regulation of biological process,-2.2,3.6,3.3,795,10,111,5,4.5,2,1392|4311|4915|7143|22883,CRH|MME|NTRK2|TNR|CLSTN1,-0.22
Protein,GO Biological Processes,19,GO:0060443,mammary gland morphogenesis,19_GO:0032502 developmental process,-2.2,3.6,3.3,795,10,111,5,4.5,2,374|652|780|1435|2263,AREG|BMP4|DDR1|CSF1|FGFR2,-0.22
Protein,GO Biological Processes,19,GO:0001525,angiogenesis,19_GO:0032502 developmental process,-2.1,1.8,2.8,795,62,111,16,14,3.3,94|652|1282|2263|4880|4897|5156|6376|6997|7039|7422|8742|8751|8828|9289|9394,ACVRL1|BMP4|COL4A1|FGFR2|NPPC|NRCAM|PDGFRA|CX3CL1|CRIPTO|TGFA|VEGFA|TNFSF12|ADAM15|NRP2|ADGRG1|HS6ST1,-0.2
Protein,GO Biological Processes,19,GO:0036005,response to macrophage colony-stimulating factor,19_GO:0050896 response to stimulus,-2.1,2.8,3.1,795,18,111,7,6.3,2.3,780|1435|2263|4915|4916|5156|284656,DDR1|CSF1|FGFR2|NTRK2|NTRK3|PDGFRA|EPHA10,-0.2
Protein,GO Biological Processes,19,GO:1901137,carbohydrate derivative biosynthetic process,19_GO:0009987 cellular process,-2.1,2.8,3.1,795,18,111,7,6.3,2.3,2590|2650|4880|6482|9394|9953|55568,GALNT2|GCNT1|NPPC|ST3GAL1|HS6ST1|HS3ST3B1|GALNT10,-0.2
Protein,GO Biological Processes,19,GO:0061138,morphogenesis of a branching epithelium,19_GO:0032502 developmental process,-2.1,2.4,3,795,27,111,9,8.1,2.6,374|652|780|1282|1435|2263|7422|9953|10253,AREG|BMP4|DDR1|COL4A1|CSF1|FGFR2|VEGFA|HS3ST3B1|SPRY2,-0.19
Protein,GO Biological Processes,19,GO:0021700,developmental maturation,19_GO:0032502 developmental process,-2.1,2.2,2.9,795,32,111,10,9,2.7,94|3600|4880|4897|5364|5745|6376|7422|26470|63827,ACVRL1|IL15|NPPC|NRCAM|PLXNB1|PTH1R|CX3CL1|VEGFA|SEZ6L2|BCAN,-0.16
Protein,GO Biological Processes,19,GO:0071363,cellular response to growth factor stimulus,19_GO:0050896 response to stimulus,-2.1,1.7,2.7,795,91,111,21,19,3.7,94|652|780|2250|2263|2660|2674|3082|4915|4916|5156|6997|7422|8828|9965|10253|23768|25805|56963|284656|285704,ACVRL1|BMP4|DDR1|FGF5|FGFR2|MSTN|GFRA1|HGF|NTRK2|NTRK3|PDGFRA|CRIPTO|VEGFA|NRP2|FGF19|SPRY2|FLRT2|BAMBI|RGMA|EPHA10|RGMB,-0.15
Protein,GO Biological Processes,19,GO:0003002,regionalization,19_GO:0032502 developmental process,-2,2.5,2.9,795,23,111,8,7.2,2.5,94|652|2263|4681|6997|8828|9289|55997,ACVRL1|BMP4|FGFR2|NBL1|CRIPTO|NRP2|ADGRG1|CFC1,-0.15
Protein,GO Biological Processes,19,GO:0050919,negative chemotaxis,19_GO:0040011 locomotion,-2,4.1,3.3,795,7,111,4,3.6,1.8,8633|8828|23768|91584,UNC5C|NRP2|FLRT2|PLXNA4,-0.15
Protein,GO Biological Processes,19,GO:0070085,glycosylation,19_GO:0009987 cellular process,-2,4.1,3.3,795,7,111,4,3.6,1.8,2590|2650|6482|55568,GALNT2|GCNT1|ST3GAL1|GALNT10,-0.15
Protein,GO Biological Processes,19,GO:0003401,axis elongation,19_GO:0040007 growth,-2,4.1,3.3,795,7,111,4,3.6,1.8,374|652|2263|10253,AREG|BMP4|FGFR2|SPRY2,-0.15
Protein,GO Biological Processes,19,GO:0006486,protein glycosylation,19_GO:0009987 cellular process,-2,4.1,3.3,795,7,111,4,3.6,1.8,2590|2650|6482|55568,GALNT2|GCNT1|ST3GAL1|GALNT10,-0.15
Protein,GO Biological Processes,19,GO:0007200,phospholipase C-activating G protein-coupled receptor signaling pathway,19_GO:0050896 response to stimulus,-2,4.1,3.3,795,7,111,4,3.6,1.8,2149|5745|7422|9289,F2R|PTH1R|VEGFA|ADGRG1,-0.15
Protein,GO Biological Processes,19,GO:0043413,macromolecule glycosylation,19_GO:0009987 cellular process,-2,4.1,3.3,795,7,111,4,3.6,1.8,2590|2650|6482|55568,GALNT2|GCNT1|ST3GAL1|GALNT10,-0.15
Protein,GO Biological Processes,19,GO:0048514,blood vessel morphogenesis,19_GO:0032502 developmental process,-2,1.8,2.7,795,69,111,17,15,3.4,94|652|1282|2263|4880|4897|4915|5156|6376|6997|7039|7422|8742|8751|8828|9289|9394,ACVRL1|BMP4|COL4A1|FGFR2|NPPC|NRCAM|NTRK2|PDGFRA|CX3CL1|CRIPTO|TGFA|VEGFA|TNFSF12|ADAM15|NRP2|ADGRG1|HS6ST1,-0.15
Protein,GO Biological Processes,19,GO:0150079,negative regulation of neuroinflammatory response,19_GO:0048519 negative regulation of biological process,-2,5.4,3.5,795,4,111,3,2.7,1.5,4345|6376|131450,CD200|CX3CL1|CD200R1,-0.15
Protein,GO Biological Processes,19,GO:0032292,peripheral nervous system axon ensheathment,19_GO:0032502 developmental process,-2,5.4,3.5,795,4,111,3,2.7,1.5,4915|10397|22933,NTRK2|NDRG1|SIRT2,-0.15
Protein,GO Biological Processes,19,GO:0048701,embryonic cranial skeleton morphogenesis,19_GO:0032502 developmental process,-2,5.4,3.5,795,4,111,3,2.7,1.5,652|2263|5156,BMP4|FGFR2|PDGFRA,-0.15
Protein,GO Biological Processes,19,GO:0006687,glycosphingolipid metabolic process,19_GO:0009987 cellular process,-2,5.4,3.5,795,4,111,3,2.7,1.5,2720|6482|6609,GLB1|ST3GAL1|SMPD1,-0.15
Protein,GO Biological Processes,19,GO:0046466,membrane lipid catabolic process,19_GO:0009987 cellular process,-2,5.4,3.5,795,4,111,3,2.7,1.5,2720|6609|56624,GLB1|SMPD1|ASAH2,-0.15
Protein,GO Biological Processes,19,GO:0050805,negative regulation of synaptic transmission,19_GO:0048519 negative regulation of biological process,-2,5.4,3.5,795,4,111,3,2.7,1.5,952|7143|27253,CD38|TNR|PCDH17,-0.15
Protein,GO Biological Processes,19,GO:0061298,retina vasculature development in camera-type eye,19_GO:0032502 developmental process,-2,5.4,3.5,795,4,111,3,2.7,1.5,94|1282|5156,ACVRL1|COL4A1|PDGFRA,-0.15
Protein,GO Biological Processes,19,GO:0048704,embryonic skeletal system morphogenesis,19_GO:0032502 developmental process,-2,5.4,3.5,795,4,111,3,2.7,1.5,652|2263|5156,BMP4|FGFR2|PDGFRA,-0.15
Protein,GO Biological Processes,19,GO:0031645,negative regulation of nervous system process,19_GO:0048519 negative regulation of biological process,-2,5.4,3.5,795,4,111,3,2.7,1.5,1075|27242|58494,CTSC|TNFRSF21|JAM2,-0.15
Protein,GO Biological Processes,19,GO:0060441,epithelial tube branching involved in lung morphogenesis,19_GO:0032502 developmental process,-2,5.4,3.5,795,4,111,3,2.7,1.5,652|2263|10253,BMP4|FGFR2|SPRY2,-0.15
Protein,GO Biological Processes,19,GO:0030149,sphingolipid catabolic process,19_GO:0009987 cellular process,-2,5.4,3.5,795,4,111,3,2.7,1.5,2720|6609|56624,GLB1|SMPD1|ASAH2,-0.15
Protein,GO Biological Processes,19,GO:0006664,glycolipid metabolic process,19_GO:0009987 cellular process,-2,5.4,3.5,795,4,111,3,2.7,1.5,2720|6482|6609,GLB1|ST3GAL1|SMPD1,-0.15
Protein,GO Biological Processes,19,GO:0031642,negative regulation of myelination,19_GO:0032502 developmental process,-2,5.4,3.5,795,4,111,3,2.7,1.5,1075|27242|58494,CTSC|TNFRSF21|JAM2,-0.15
Protein,GO Biological Processes,19,GO:0022011,myelination in peripheral nervous system,19_GO:0032502 developmental process,-2,5.4,3.5,795,4,111,3,2.7,1.5,4915|10397|22933,NTRK2|NDRG1|SIRT2,-0.15
Protein,GO Biological Processes,19,GO:1903509,liposaccharide metabolic process,19_GO:0009987 cellular process,-2,5.4,3.5,795,4,111,3,2.7,1.5,2720|6482|6609,GLB1|ST3GAL1|SMPD1,-0.15
Protein,GO Biological Processes,19,GO:0002860,positive regulation of natural killer cell mediated cytotoxicity directed against tumor cell target,19_GO:0044419 biological process involved in interspecies interaction between organisms,-2,5.4,3.5,795,4,111,3,2.7,1.5,3593|5817|56253,IL12B|PVR|CRTAM,-0.15
Protein,GO Biological Processes,19,GO:0034330,cell junction organization,19_GO:0009987 cellular process,-2,1.9,2.7,795,53,111,14,13,3.2,1004|1013|1282|2149|4897|5364|5365|6376|7143|26470|27253|53942|63827|91584,CDH6|CDH15|COL4A1|F2R|NRCAM|PLXNB1|PLXNB3|CX3CL1|TNR|SEZ6L2|PCDH17|CNTN5|BCAN|PLXNA4,-0.15
Protein,GO Biological Processes,19,GO:0070848,response to growth factor,19_GO:0050896 response to stimulus,-2,1.6,2.6,795,92,111,21,19,3.7,94|652|780|2250|2263|2660|2674|3082|4915|4916|5156|6997|7422|8828|9965|10253|23768|25805|56963|284656|285704,ACVRL1|BMP4|DDR1|FGF5|FGFR2|MSTN|GFRA1|HGF|NTRK2|NTRK3|PDGFRA|CRIPTO|VEGFA|NRP2|FGF19|SPRY2|FLRT2|BAMBI|RGMA|EPHA10|RGMB,-0.15
Protein_MCODE_ALL,GO Biological Processes,19,GO:0031175,neuron projection development,19_GO:0032502 developmental process,-5.2,4.9,6,795,70,23,10,43,10,333|374|2674|2676|4897|5364|7143|8828|53942|91584,APLP1|AREG|GFRA1|GFRA3|NRCAM|PLXNB1|TNR|NRP2|CNTN5|PLXNA4,-1.8
Protein_MCODE_ALL,GO Biological Processes,19,GO:0048812,neuron projection morphogenesis,19_GO:0032502 developmental process,-4.5,5.5,5.7,795,50,23,8,35,9.9,333|2676|4897|5364|7143|8828|53942|91584,APLP1|GFRA3|NRCAM|PLXNB1|TNR|NRP2|CNTN5|PLXNA4,-1.5
Protein_MCODE_ALL,GO Biological Processes,19,GO:0120039,plasma membrane bounded cell projection morphogenesis,19_GO:0032502 developmental process,-4.5,5.5,5.7,795,50,23,8,35,9.9,333|2676|4897|5364|7143|8828|53942|91584,APLP1|GFRA3|NRCAM|PLXNB1|TNR|NRP2|CNTN5|PLXNA4,-1.5
Protein_MCODE_ALL,GO Biological Processes,19,GO:0048858,cell projection morphogenesis,19_GO:0032502 developmental process,-4.4,5.4,5.6,795,51,23,8,35,9.9,333|2676|4897|5364|7143|8828|53942|91584,APLP1|GFRA3|NRCAM|PLXNB1|TNR|NRP2|CNTN5|PLXNA4,-1.5
Protein_MCODE_ALL,GO Biological Processes,19,GO:0007420,brain development,19_GO:0032502 developmental process,-4.3,5.3,5.6,795,52,23,8,35,9.9,333|4897|4915|7143|8828|53942|63827|91584,APLP1|NRCAM|NTRK2|TNR|NRP2|CNTN5|BCAN|PLXNA4,-1.5
Protein_MCODE_ALL,GO Biological Processes,19,GO:0007416,synapse assembly,19_GO:0032502 developmental process,-4.3,11,6.8,795,16,23,5,22,8.6,4897|5364|5365|53942|91584,NRCAM|PLXNB1|PLXNB3|CNTN5|PLXNA4,-1.5
Protein_MCODE_ALL,GO Biological Processes,19,GO:0007409,axonogenesis,19_GO:0032502 developmental process,-4.3,6.2,5.7,795,39,23,7,30,9.6,333|2676|4897|7143|8828|53942|91584,APLP1|GFRA3|NRCAM|TNR|NRP2|CNTN5|PLXNA4,-1.5
Protein_MCODE_ALL,GO Biological Processes,19,GO:0071526,semaphorin-plexin signaling pathway,19_GO:0050896 response to stimulus,-4.2,15,7.5,795,9,23,4,17,7.9,5364|5365|8828|91584,PLXNB1|PLXNB3|NRP2|PLXNA4,-1.4
Protein_MCODE_ALL,GO Biological Processes,19,GO:0048667,cell morphogenesis involved in neuron differentiation,19_GO:0032502 developmental process,-4.2,6,5.7,795,40,23,7,30,9.6,333|2676|4897|7143|8828|53942|91584,APLP1|GFRA3|NRCAM|TNR|NRP2|CNTN5|PLXNA4,-1.4
Protein_MCODE_ALL,GO Biological Processes,19,GO:0060322,head development,19_GO:0032502 developmental process,-4.1,4.9,5.3,795,56,23,8,35,9.9,333|4897|4915|7143|8828|53942|63827|91584,APLP1|NRCAM|NTRK2|TNR|NRP2|CNTN5|BCAN|PLXNA4,-1.4
Protein_MCODE_ALL,GO Biological Processes,19,GO:0050808,synapse organization,19_GO:0009987 cellular process,-4,5.8,5.5,795,42,23,7,30,9.6,4897|5364|5365|7143|53942|63827|91584,NRCAM|PLXNB1|PLXNB3|TNR|CNTN5|BCAN|PLXNA4,-1.4
Protein_MCODE_ALL,GO Biological Processes,19,GO:0097485,neuron projection guidance,19_GO:0032502 developmental process,-4,7.2,5.8,795,29,23,6,26,9.2,2676|4897|7143|8828|53942|91584,GFRA3|NRCAM|TNR|NRP2|CNTN5|PLXNA4,-1.4
Protein_MCODE_ALL,GO Biological Processes,19,GO:0007411,axon guidance,19_GO:0032502 developmental process,-4,7.2,5.8,795,29,23,6,26,9.2,2676|4897|7143|8828|53942|91584,GFRA3|NRCAM|TNR|NRP2|CNTN5|PLXNA4,-1.4
Protein_MCODE_ALL,GO Biological Processes,19,GO:0061564,axon development,19_GO:0032502 developmental process,-4,5.6,5.4,795,43,23,7,30,9.6,333|2676|4897|7143|8828|53942|91584,APLP1|GFRA3|NRCAM|TNR|NRP2|CNTN5|PLXNA4,-1.3
Protein_MCODE_ALL,GO Biological Processes,19,GO:0030900,forebrain development,19_GO:0032502 developmental process,-3.8,6.5,5.5,795,32,23,6,26,9.2,333|4915|7143|8828|63827|91584,APLP1|NTRK2|TNR|NRP2|BCAN|PLXNA4,-1.2
Protein_MCODE_ALL,GO Biological Processes,19,GO:0007169,cell surface receptor protein tyrosine kinase signaling pathway,19_GO:0050896 response to stimulus,-3.8,3.9,4.7,795,80,23,9,39,10,374|2250|2674|2675|2676|4915|7039|8828|9965,AREG|FGF5|GFRA1|GFRA2|GFRA3|NTRK2|TGFA|NRP2|FGF19,-1.2
Protein_MCODE_ALL,GO Biological Processes,19,GO:0048485,sympathetic nervous system development,19_GO:0032502 developmental process,-3.7,21,7.6,795,5,23,3,13,7,2676|8828|91584,GFRA3|NRP2|PLXNA4,-1.1
Protein_MCODE_ALL,GO Biological Processes,19,GO:0001764,neuron migration,19_GO:0032502 developmental process,-3.5,11,6,795,13,23,4,17,7.9,2676|4897|4915|8828,GFRA3|NRCAM|NTRK2|NRP2,-1
Protein_MCODE_ALL,GO Biological Processes,19,GO:0000902,cell morphogenesis,19_GO:0032502 developmental process,-3.5,4.1,4.6,795,68,23,8,35,9.9,333|2676|4897|5364|7143|8828|53942|91584,APLP1|GFRA3|NRCAM|PLXNB1|TNR|NRP2|CNTN5|PLXNA4,-1
Protein_MCODE_ALL,GO Biological Processes,19,GO:0048483,autonomic nervous system development,19_GO:0032502 developmental process,-3.4,17,6.9,795,6,23,3,13,7,2676|8828|91584,GFRA3|NRP2|PLXNA4,-0.95
Protein_MCODE_ALL,GO Biological Processes,19,GO:0034330,cell junction organization,19_GO:0009987 cellular process,-3.4,4.6,4.6,795,53,23,7,30,9.6,4897|5364|5365|7143|53942|63827|91584,NRCAM|PLXNB1|PLXNB3|TNR|CNTN5|BCAN|PLXNA4,-0.95
Protein_MCODE_ALL,GO Biological Processes,19,GO:0034329,cell junction assembly,19_GO:0009987 cellular process,-3.3,6.9,5.2,795,25,23,5,22,8.6,4897|5364|5365|53942|91584,NRCAM|PLXNB1|PLXNB3|CNTN5|PLXNA4,-0.93
Protein_MCODE_ALL,GO Biological Processes,19,GO:0050691,regulation of defense response to virus by host,19_GO:0044419 biological process involved in interspecies interaction between organisms,-3.2,15,6.3,795,7,23,3,13,7,3593|3600|163702,IL12B|IL15|IFNLR1,-0.84
Protein_MCODE_ALL,GO Biological Processes,19,GO:0035860,glial cell-derived neurotrophic factor receptor signaling pathway,19_GO:0050896 response to stimulus,-3.2,15,6.3,795,7,23,3,13,7,2674|2675|2676,GFRA1|GFRA2|GFRA3,-0.84
Protein_MCODE_ALL,GO Biological Processes,19,GO:0050770,regulation of axonogenesis,19_GO:0032502 developmental process,-3,8.1,5.1,795,17,23,4,17,7.9,4915|5364|5365|7143,NTRK2|PLXNB1|PLXNB3|TNR,-0.78
Protein_MCODE_ALL,GO Biological Processes,19,GO:0050688,regulation of defense response to virus,19_GO:0044419 biological process involved in interspecies interaction between organisms,-3,13,5.9,795,8,23,3,13,7,3593|3600|163702,IL12B|IL15|IFNLR1,-0.75
Protein_MCODE_ALL,GO Biological Processes,19,GO:0050772,positive regulation of axonogenesis,19_GO:0032502 developmental process,-2.8,12,5.5,795,9,23,3,13,7,4915|5364|5365,NTRK2|PLXNB1|PLXNB3,-0.64
Protein_MCODE_ALL,GO Biological Processes,19,GO:0007167,enzyme-linked receptor protein signaling pathway,19_GO:0050896 response to stimulus,-2.6,2.7,3.4,795,114,23,9,39,10,374|2250|2674|2675|2676|4915|7039|8828|9965,AREG|FGF5|GFRA1|GFRA2|GFRA3|NTRK2|TGFA|NRP2|FGF19,-0.49
Protein_MCODE_ALL,GO Biological Processes,19,GO:0021537,telencephalon development,19_GO:0032502 developmental process,-2.6,6.3,4.3,795,22,23,4,17,7.9,4915|7143|63827|91584,NTRK2|TNR|BCAN|PLXNA4,-0.49
Protein_MCODE_ALL,GO Biological Processes,19,GO:0030516,regulation of axon extension,19_GO:0040007 growth,-2.5,9.4,4.9,795,11,23,3,13,7,4897|7143|91584,NRCAM|TNR|PLXNA4,-0.47
Protein_MCODE_ALL,GO Biological Processes,19,GO:0021954,central nervous system neuron development,19_GO:0032502 developmental process,-2.5,9.4,4.9,795,11,23,3,13,7,4915|8828|91584,NTRK2|NRP2|PLXNA4,-0.47
Protein_MCODE_ALL,GO Biological Processes,19,GO:0007422,peripheral nervous system development,19_GO:0032502 developmental process,-2.5,9.4,4.9,795,11,23,3,13,7,2676|4915|91584,GFRA3|NTRK2|PLXNA4,-0.47
Protein_MCODE_ALL,GO Biological Processes,19,GO:0061387,regulation of extent of cell growth,19_GO:0040007 growth,-2.4,8.6,4.6,795,12,23,3,13,7,4897|7143|91584,NRCAM|TNR|PLXNA4,-0.39
Protein_MCODE_ALL,GO Biological Processes,19,GO:0008361,regulation of cell size,19_GO:0065007 biological regulation,-2.2,7.4,4.2,795,14,23,3,13,7,4897|7143|91584,NRCAM|TNR|PLXNA4,-0.25
Protein_MCODE_ALL,GO Biological Processes,19,GO:0010975,regulation of neuron projection development,19_GO:0032502 developmental process,-2.1,3.8,3.4,795,45,23,5,22,8.6,4897|4915|5364|5365|7143,NRCAM|NTRK2|PLXNB1|PLXNB3|TNR,-0.2
Protein_MCODE_ALL,GO Biological Processes,19,GO:0021953,central nervous system neuron differentiation,19_GO:0032502 developmental process,-2.1,6.9,4,795,15,23,3,13,7,4915|8828|91584,NTRK2|NRP2|PLXNA4,-0.19
Protein_MCODE_ALL,GO Biological Processes,19,GO:0050678,regulation of epithelial cell proliferation,19_GO:0050789 regulation of biological process,-2,3.6,3.2,795,48,23,5,22,8.6,374|3593|5365|7039|8828,AREG|IL12B|PLXNB3|TGFA|NRP2,-0.15
Protein_SUB1_MCODE_1,GO Biological Processes,19,GO:0007420,brain development,19_GO:0032502 developmental process,-4.7,11,7,795,52,7,5,71,17,333|4897|7143|53942|63827,APLP1|NRCAM|TNR|CNTN5|BCAN,-1.6
Protein_SUB1_MCODE_1,GO Biological Processes,19,GO:0060322,head development,19_GO:0032502 developmental process,-4.6,10,6.7,795,56,7,5,71,17,333|4897|7143|53942|63827,APLP1|NRCAM|TNR|CNTN5|BCAN,-1.5
Protein_SUB1_MCODE_1,GO Biological Processes,19,GO:0007409,axonogenesis,19_GO:0032502 developmental process,-3.8,12,6.4,795,39,7,4,57,19,333|4897|7143|53942,APLP1|NRCAM|TNR|CNTN5,-1.2
Protein_SUB1_MCODE_1,GO Biological Processes,19,GO:0048667,cell morphogenesis involved in neuron differentiation,19_GO:0032502 developmental process,-3.8,11,6.3,795,40,7,4,57,19,333|4897|7143|53942,APLP1|NRCAM|TNR|CNTN5,-1.2
Protein_SUB1_MCODE_1,GO Biological Processes,19,GO:0050808,synapse organization,19_GO:0009987 cellular process,-3.7,11,6.2,795,42,7,4,57,19,4897|7143|53942|63827,NRCAM|TNR|CNTN5|BCAN,-1.1
Protein_SUB1_MCODE_1,GO Biological Processes,19,GO:0061564,axon development,19_GO:0032502 developmental process,-3.6,11,6.1,795,43,7,4,57,19,333|4897|7143|53942,APLP1|NRCAM|TNR|CNTN5,-1.1
Protein_SUB1_MCODE_1,GO Biological Processes,19,GO:0048812,neuron projection morphogenesis,19_GO:0032502 developmental process,-3.4,9.1,5.6,795,50,7,4,57,19,333|4897|7143|53942,APLP1|NRCAM|TNR|CNTN5,-0.95
Protein_SUB1_MCODE_1,GO Biological Processes,19,GO:0120039,plasma membrane bounded cell projection morphogenesis,19_GO:0032502 developmental process,-3.4,9.1,5.6,795,50,7,4,57,19,333|4897|7143|53942,APLP1|NRCAM|TNR|CNTN5,-0.95
Protein_SUB1_MCODE_1,GO Biological Processes,19,GO:0048858,cell projection morphogenesis,19_GO:0032502 developmental process,-3.3,8.9,5.5,795,51,7,4,57,19,333|4897|7143|53942,APLP1|NRCAM|TNR|CNTN5,-0.93
Protein_SUB1_MCODE_1,GO Biological Processes,19,GO:0034330,cell junction organization,19_GO:0009987 cellular process,-3.3,8.6,5.4,795,53,7,4,57,19,4897|7143|53942|63827,NRCAM|TNR|CNTN5|BCAN,-0.9
Protein_SUB1_MCODE_1,GO Biological Processes,19,GO:0097485,neuron projection guidance,19_GO:0032502 developmental process,-2.9,12,5.6,795,29,7,3,43,19,4897|7143|53942,NRCAM|TNR|CNTN5,-0.66
Protein_SUB1_MCODE_1,GO Biological Processes,19,GO:0007411,axon guidance,19_GO:0032502 developmental process,-2.9,12,5.6,795,29,7,3,43,19,4897|7143|53942,NRCAM|TNR|CNTN5,-0.66
Protein_SUB1_MCODE_1,GO Biological Processes,19,GO:0000902,cell morphogenesis,19_GO:0032502 developmental process,-2.9,6.7,4.6,795,68,7,4,57,19,333|4897|7143|53942,APLP1|NRCAM|TNR|CNTN5,-0.66
Protein_SUB1_MCODE_1,GO Biological Processes,19,GO:0031175,neuron projection development,19_GO:0032502 developmental process,-2.8,6.5,4.5,795,70,7,4,57,19,333|4897|7143|53942,APLP1|NRCAM|TNR|CNTN5,-0.64
Protein_SUB1_MCODE_1,GO Biological Processes,19,GO:0030900,forebrain development,19_GO:0032502 developmental process,-2.7,11,5.2,795,32,7,3,43,19,333|7143|63827,APLP1|TNR|BCAN,-0.58
Protein_SUB1_MCODE_1,GO Biological Processes,19,GO:0098609,cell-cell adhesion,19_GO:0009987 cellular process,-2.6,5.6,4.1,795,81,7,4,57,19,4897|7143|50512|53942,NRCAM|TNR|PODXL2|CNTN5,-0.49
Protein_SUB1_MCODE_2,GO Biological Processes,19,GO:0007169,cell surface receptor protein tyrosine kinase signaling pathway,19_GO:0050896 response to stimulus,-5,9.9,6.7,795,80,5,5,1e+02,18,374|2250|4915|7039|9965,AREG|FGF5|NTRK2|TGFA|FGF19,-1.8
Protein_SUB1_MCODE_2,GO Biological Processes,19,GO:0007167,enzyme-linked receptor protein signaling pathway,19_GO:0050896 response to stimulus,-4.3,7,5.5,795,114,5,5,1e+02,18,374|2250|4915|7039|9965,AREG|FGF5|NTRK2|TGFA|FGF19,-1.5
Protein_SUB1_MCODE_2,GO Biological Processes,19,GO:0007173,epidermal growth factor receptor signaling pathway,19_GO:0050896 response to stimulus,-3.5,18,7.2,795,26,5,3,60,22,374|4915|7039,AREG|NTRK2|TGFA,-1
Protein_SUB1_MCODE_2,GO Biological Processes,19,GO:0038127,ERBB signaling pathway,19_GO:0050896 response to stimulus,-3.5,18,7,795,27,5,3,60,22,374|4915|7039,AREG|NTRK2|TGFA,-1
Protein_SUB1_MCODE_2,GO Biological Processes,19,GO:0008543,fibroblast growth factor receptor signaling pathway,19_GO:0050896 response to stimulus,-3.5,18,7,795,27,5,3,60,22,2250|4915|9965,FGF5|NTRK2|FGF19,-1
Protein_SUB1_MCODE_2,GO Biological Processes,19,GO:0001934,positive regulation of protein phosphorylation,19_GO:0048518 positive regulation of biological process,-3.4,8.1,5.3,795,79,5,4,80,18,374|4915|7039|9965,AREG|NTRK2|TGFA|FGF19,-0.95
Protein_SUB1_MCODE_2,GO Biological Processes,19,GO:0042327,positive regulation of phosphorylation,19_GO:0048518 positive regulation of biological process,-3.3,7.9,5.2,795,81,5,4,80,18,374|4915|7039|9965,AREG|NTRK2|TGFA|FGF19,-0.93
Protein_SUB1_MCODE_2,GO Biological Processes,19,GO:0043410,positive regulation of MAPK cascade,19_GO:0048518 positive regulation of biological process,-3.3,7.8,5.1,795,82,5,4,80,18,2250|4915|7039|9965,FGF5|NTRK2|TGFA|FGF19,-0.93
Protein_SUB1_MCODE_2,GO Biological Processes,19,GO:0031401,positive regulation of protein modification process,19_GO:0048518 positive regulation of biological process,-3.3,7.8,5.1,795,82,5,4,80,18,374|4915|7039|9965,AREG|NTRK2|TGFA|FGF19,-0.93
Protein_SUB1_MCODE_2,GO Biological Processes,19,GO:0045937,positive regulation of phosphate metabolic process,19_GO:0048518 positive regulation of biological process,-3.2,7.3,5,795,87,5,4,80,18,374|4915|7039|9965,AREG|NTRK2|TGFA|FGF19,-0.85
Protein_SUB1_MCODE_2,GO Biological Processes,19,GO:0010562,positive regulation of phosphorus metabolic process,19_GO:0048518 positive regulation of biological process,-3.2,7.3,5,795,87,5,4,80,18,374|4915|7039|9965,AREG|NTRK2|TGFA|FGF19,-0.85
Protein_SUB1_MCODE_2,GO Biological Processes,19,GO:0044344,cellular response to fibroblast growth factor stimulus,19_GO:0050896 response to stimulus,-3.2,14,6.2,795,34,5,3,60,22,2250|4915|9965,FGF5|NTRK2|FGF19,-0.84
Protein_SUB1_MCODE_2,GO Biological Processes,19,GO:0071774,response to fibroblast growth factor,19_GO:0050896 response to stimulus,-3.2,14,6.2,795,34,5,3,60,22,2250|4915|9965,FGF5|NTRK2|FGF19,-0.84
Protein_SUB1_MCODE_2,GO Biological Processes,19,GO:0001932,regulation of protein phosphorylation,19_GO:0050789 regulation of biological process,-3.1,7,4.8,795,91,5,4,80,18,374|4915|7039|9965,AREG|NTRK2|TGFA|FGF19,-0.82
Protein_SUB1_MCODE_2,GO Biological Processes,19,GO:0042325,regulation of phosphorylation,19_GO:0050789 regulation of biological process,-3,6.6,4.7,795,96,5,4,80,18,374|4915|7039|9965,AREG|NTRK2|TGFA|FGF19,-0.78
Protein_SUB1_MCODE_2,GO Biological Processes,19,GO:0042063,gliogenesis,19_GO:0032502 developmental process,-3,13,5.8,795,38,5,3,60,22,374|2250|4915,AREG|FGF5|NTRK2,-0.78
Protein_SUB1_MCODE_2,GO Biological Processes,19,GO:0043408,regulation of MAPK cascade,19_GO:0050896 response to stimulus,-2.9,6.1,4.4,795,104,5,4,80,18,2250|4915|7039|9965,FGF5|NTRK2|TGFA|FGF19,-0.69
Protein_SUB1_MCODE_3,GO Biological Processes,19,GO:0071526,semaphorin-plexin signaling pathway,19_GO:0050896 response to stimulus,-8.1,88,19,795,9,4,4,1e+02,22,5364|5365|8828|91584,PLXNB1|PLXNB3|NRP2|PLXNA4,-3.9
Protein_SUB1_MCODE_3,GO Biological Processes,19,GO:0007416,synapse assembly,19_GO:0032502 developmental process,-4.6,37,10,795,16,4,3,75,22,5364|5365|91584,PLXNB1|PLXNB3|PLXNA4,-1.5
Protein_SUB1_MCODE_3,GO Biological Processes,19,GO:0034329,cell junction assembly,19_GO:0009987 cellular process,-4,24,8.3,795,25,4,3,75,22,5364|5365|91584,PLXNB1|PLXNB3|PLXNA4,-1.3
Protein_SUB1_MCODE_3,GO Biological Processes,19,GO:0050808,synapse organization,19_GO:0009987 cellular process,-3.3,14,6.2,795,42,4,3,75,22,5364|5365|91584,PLXNB1|PLXNB3|PLXNA4,-0.9
Protein_SUB1_MCODE_3,GO Biological Processes,19,GO:0048812,neuron projection morphogenesis,19_GO:0032502 developmental process,-3,12,5.7,795,50,4,3,75,22,5364|8828|91584,PLXNB1|NRP2|PLXNA4,-0.78
Protein_SUB1_MCODE_3,GO Biological Processes,19,GO:0120039,plasma membrane bounded cell projection morphogenesis,19_GO:0032502 developmental process,-3,12,5.7,795,50,4,3,75,22,5364|8828|91584,PLXNB1|NRP2|PLXNA4,-0.78
Protein_SUB1_MCODE_3,GO Biological Processes,19,GO:0048858,cell projection morphogenesis,19_GO:0032502 developmental process,-3,12,5.6,795,51,4,3,75,22,5364|8828|91584,PLXNB1|NRP2|PLXNA4,-0.78
Protein_SUB1_MCODE_3,GO Biological Processes,19,GO:0034330,cell junction organization,19_GO:0009987 cellular process,-3,11,5.5,795,53,4,3,75,22,5364|5365|91584,PLXNB1|PLXNB3|PLXNA4,-0.75
Protein_SUB1_MCODE_3,GO Biological Processes,19,GO:0000902,cell morphogenesis,19_GO:0032502 developmental process,-2.6,8.8,4.8,795,68,4,3,75,22,5364|8828|91584,PLXNB1|NRP2|PLXNA4,-0.52
Protein_SUB1_MCODE_3,GO Biological Processes,19,GO:0031175,neuron projection development,19_GO:0032502 developmental process,-2.6,8.5,4.7,795,70,4,3,75,22,5364|8828|91584,PLXNB1|NRP2|PLXNA4,-0.49
Protein_SUB1_MCODE_3,GO Biological Processes,19,GO:0042330,taxis,19_GO:0040011 locomotion,-2.5,7.5,4.4,795,79,4,3,75,22,5365|8828|91584,PLXNB3|NRP2|PLXNA4,-0.42
Protein_SUB1_MCODE_3,GO Biological Processes,19,GO:0006935,chemotaxis,19_GO:0040011 locomotion,-2.5,7.5,4.4,795,79,4,3,75,22,5365|8828|91584,PLXNB3|NRP2|PLXNA4,-0.42
Protein_SUB1_MCODE_3,GO Biological Processes,19,GO:0040011,locomotion,19_GO:0040011 locomotion,-2.4,7.4,4.3,795,81,4,3,75,22,5365|8828|91584,PLXNB3|NRP2|PLXNA4,-0.4
Protein_SUB1_MCODE_4,GO Biological Processes,19,GO:0050691,regulation of defense response to virus by host,19_GO:0044419 biological process involved in interspecies interaction between organisms,-5.8,85,16,795,7,4,3,75,22,3593|3600|163702,IL12B|IL15|IFNLR1,-2.2
Protein_SUB1_MCODE_4,GO Biological Processes,19,GO:0050688,regulation of defense response to virus,19_GO:0044419 biological process involved in interspecies interaction between organisms,-5.6,75,15,795,8,4,3,75,22,3593|3600|163702,IL12B|IL15|IFNLR1,-2.1
Protein_SUB1_MCODE_4,GO Biological Processes,19,GO:0051607,defense response to virus,19_GO:0044419 biological process involved in interspecies interaction between organisms,-3.9,22,7.9,795,27,4,3,75,22,3588|3593|163702,IL10RB|IL12B|IFNLR1,-1.3
Protein_SUB1_MCODE_4,GO Biological Processes,19,GO:0019221,cytokine-mediated signaling pathway,19_GO:0050896 response to stimulus,-3.5,7.6,5.1,795,105,4,4,1e+02,22,3588|3593|3600|163702,IL10RB|IL12B|IL15|IFNLR1,-1
Protein_SUB1_MCODE_4,GO Biological Processes,19,GO:0009615,response to virus,19_GO:0044419 biological process involved in interspecies interaction between organisms,-3.2,13,6,795,45,4,3,75,22,3588|3593|163702,IL10RB|IL12B|IFNLR1,-0.84
Protein_SUB1_MCODE_4,GO Biological Processes,19,GO:0071345,cellular response to cytokine stimulus,19_GO:0050896 response to stimulus,-3.1,5.8,4.4,795,136,4,4,1e+02,22,3588|3593|3600|163702,IL10RB|IL12B|IL15|IFNLR1,-0.8
Protein_SUB1_MCODE_4,GO Biological Processes,19,GO:0002831,regulation of response to biotic stimulus,19_GO:0050896 response to stimulus,-2.7,9.3,4.9,795,64,4,3,75,22,3593|3600|163702,IL12B|IL15|IFNLR1,-0.58
Protein_SUB1_MCODE_4,GO Biological Processes,19,GO:0045087,innate immune response,19_GO:0044419 biological process involved in interspecies interaction between organisms,-2.3,6.6,4,795,90,4,3,75,22,3588|3593|163702,IL10RB|IL12B|IFNLR1,-0.32
Protein_SUB3_MCODE_5,GO Biological Processes,19,GO:0035860,glial cell-derived neurotrophic factor receptor signaling pathway,19_GO:0050896 response to stimulus,-6.4,1.1e+02,18,795,7,3,3,1e+02,27,2674|2675|2676,GFRA1|GFRA2|GFRA3,-2.5
Protein_SUB3_MCODE_5,GO Biological Processes,19,GO:0007169,cell surface receptor protein tyrosine kinase signaling pathway,19_GO:0050896 response to stimulus,-3,9.9,5.2,795,80,3,3,1e+02,27,2674|2675|2676,GFRA1|GFRA2|GFRA3,-0.78
Protein_SUB3_MCODE_5,GO Biological Processes,19,GO:0007167,enzyme-linked receptor protein signaling pathway,19_GO:0050896 response to stimulus,-2.5,7,4.2,795,114,3,3,1e+02,27,2674|2675|2676,GFRA1|GFRA2|GFRA3,-0.48
