Network,Annotation
Protein,GO:0007167|enzyme-linked receptor protein signaling pathway|-5.9;GO:0031175|neuron projection development|-5.3;GO:0061564|axon development|-4.8
Protein_MCODE_ALL,GO:0031175|neuron projection development|-5.2;GO:0048812|neuron projection morphogenesis|-4.5;GO:0120039|plasma membrane bounded cell projection morphogenesis|-4.5
Protein_SUB1_MCODE_1,GO:0007420|brain development|-4.7;GO:0060322|head development|-4.6;GO:0007409|axonogenesis|-3.8
Protein_SUB1_MCODE_2,GO:0007169|cell surface receptor protein tyrosine kinase signaling pathway|-5.0;GO:0007167|enzyme-linked receptor protein signaling pathway|-4.3;GO:0007173|epidermal growth factor receptor signaling pathway|-3.5
Protein_SUB1_MCODE_3,GO:0071526|semaphorin-plexin signaling pathway|-8.1;GO:0007416|synapse assembly|-4.6;GO:0034329|cell junction assembly|-4.0
Protein_SUB1_MCODE_4,GO:0050691|regulation of defense response to virus by host|-5.8;GO:0050688|regulation of defense response to virus|-5.6;GO:0051607|defense response to virus|-3.9
Protein_SUB3_MCODE_5,GO:0035860|glial cell-derived neurotrophic factor receptor signaling pathway|-6.4;GO:0007169|cell surface receptor protein tyrosine kinase signaling pathway|-3.0;GO:0007167|enzyme-linked receptor protein signaling pathway|-2.5
