Cluster,Score,Type,Gene,Symbol,Network
3,1.5,Clustered,5365,PLXNB3,Protein_SUB1
3,1.5,Clustered,8828,NRP2,Protein_SUB1
3,1.5,Seed,5364,PLXNB1,Protein_SUB1
3,1.5,Clustered,91584,PLXNA4,Protein_SUB1
1,1.2857142857142858,Clustered,63827,BCAN,Protein_SUB1
1,1.2857142857142858,Clustered,5328,PLAU,Protein_SUB1
1,1.2857142857142858,Seed,50512,PODXL2,Protein_SUB1
1,1.2857142857142858,Clustered,7143,TNR,Protein_SUB1
1,1.2857142857142858,Clustered,53942,CNTN5,Protein_SUB1
1,1.2857142857142858,Clustered,4897,NRCAM,Protein_SUB1
1,1.2857142857142858,Clustered,333,APLP1,Protein_SUB1
4,1.25,Clustered,163702,IFNLR1,Protein_SUB1
4,1.25,Seed,3600,IL15,Protein_SUB1
4,1.25,Clustered,3593,IL12B,Protein_SUB1
4,1.25,Clustered,3588,IL10RB,Protein_SUB1
2,1.2,Clustered,4915,NTRK2,Protein_SUB1
2,1.2,Clustered,7039,TGFA,Protein_SUB1
2,1.2,Clustered,374,AREG,Protein_SUB1
2,1.2,Clustered,2250,FGF5,Protein_SUB1
2,1.2,Seed,9965,FGF19,Protein_SUB1
5,1.0,Clustered,2675,GFRA2,Protein_SUB3
5,1.0,Seed,2674,GFRA1,Protein_SUB3
5,1.0,Clustered,2676,GFRA3,Protein_SUB3
