_MEMBER_Protein,_LogP_Protein,GO,_PATTERN_,_RANK_,GiniIndex,Category,CategoryID,Description,PARENT_GO,LogP,Enrichment,Z-score,#TotalGeneInLibrary,#GeneInGO,#GeneInHitList,#GeneInGOAndHitList,%InGO,STDV %InGO,GeneID,Hits,Log(q-value),EvidenceCutoff,GROUP_ID,FirstInGroupByEnrichment,FirstInGroupByLogP,BestLogPInGroup,BestEnrichmentInGroup,URL
1,-5.727851289591887,GO:0042391,M1,1,0,GO Biological Processes,19,regulation of membrane potential,19_GO:0065007 biological regulation,-5.727851289591887,7.635054021608645,7.0830124123369105,795,17,49,8,16.3265306122449,5.280107952266715,25|142|2745|4137|6648|6714|10935|11060,ABL1|PARP1|GLRX|MAPT|SOD2|SRC|PRDX3|WWP2,-1.6580396939577198,0,1,1,1,-5.727851289591887,12.168367346938775,
1,-5.529086955263219,GO:0051881,M1,1,0,GO Biological Processes,19,regulation of mitochondrial membrane potential,19_GO:0065007 biological regulation,-5.529086955263219,10.816326530612244,7.585738293271644,795,9,49,6,12.244897959183673,4.682909155746067,25|142|4137|6648|6714|10935,ABL1|PARP1|MAPT|SOD2|SRC|PRDX3,-1.6580396939577198,0,1,0,0,-5.727851289591887,12.168367346938775,
1,-4.079721597265876,GO:0034614,M1,1,0,GO Biological Processes,19,cellular response to reactive oxygen species,19_GO:0050896 response to stimulus,-4.079721597265876,6.9533527696793,5.756241365642862,795,14,49,6,12.244897959183673,4.682909155746067,25|4137|6648|6714|10935|25824,ABL1|MAPT|SOD2|SRC|PRDX3|PRDX5,-0.46536751108314023,0,1,0,0,-5.727851289591887,12.168367346938775,
1,-4.0353847767246585,GO:0034599,M1,1,0,GO Biological Processes,19,cellular response to oxidative stress,19_GO:0050896 response to stimulus,-4.0353847767246585,5.678571428571429,5.427705662362591,795,20,49,7,14.285714285714286,4.99895865874118,25|142|4137|6648|6714|10935|25824,ABL1|PARP1|MAPT|SOD2|SRC|PRDX3|PRDX5,-0.46536751108314023,0,1,0,0,-5.727851289591887,12.168367346938775,
1,-3.895930308702093,GO:0006979,M1,1,0,GO Biological Processes,19,response to oxidative stress,19_GO:0050896 response to stimulus,-3.895930308702093,4.17201166180758,4.915875539406808,795,35,49,9,18.367346938775512,5.531681038195416,25|142|3163|4137|6648|6714|10935|11168|25824,ABL1|PARP1|HMOX2|MAPT|SOD2|SRC|PRDX3|PSIP1|PRDX5,-0.4228230560686313,0,1,0,0,-5.727851289591887,12.168367346938775,
1,-3.3470761252143264,GO:0062197,M1,1,0,GO Biological Processes,19,cellular response to chemical stress,19_GO:0050896 response to stimulus,-3.3470761252143264,4.542857142857144,4.610172332831761,795,25,49,7,14.285714285714286,4.99895865874118,25|142|4137|6648|6714|10935|25824,ABL1|PARP1|MAPT|SOD2|SRC|PRDX3|PRDX5,-0.12924137768417068,0,1,0,0,-5.727851289591887,12.168367346938775,
1,-3.0935720545782432,GO:0000302,M1,1,0,GO Biological Processes,19,response to reactive oxygen species,19_GO:0050896 response to stimulus,-3.0935720545782432,4.86734693877551,4.486587668561444,795,20,49,6,12.244897959183673,4.682909155746067,25|4137|6648|6714|10935|25824,ABL1|MAPT|SOD2|SRC|PRDX3|PRDX5,-0.015074291486171797,0,1,0,0,-5.727851289591887,12.168367346938775,
1,-3.0732081961488156,GO:0042743,M1,1,0,GO Biological Processes,19,hydrogen peroxide metabolic process,19_GO:0009987 cellular process,-3.0732081961488156,12.168367346938775,5.735487289035001,795,4,49,3,6.122448979591836,3.4248805027611464,6648|10935|25824,SOD2|PRDX3|PRDX5,-0.015074291486171797,0,1,0,0,-5.727851289591887,12.168367346938775,
1,-2.514553998514572,GO:0042542,M1,1,0,GO Biological Processes,19,response to hydrogen peroxide,19_GO:0050896 response to stimulus,-2.514553998514572,5.899814471243044,4.191377954071113,795,11,49,4,8.16326530612245,3.9114891734690196,25|6648|6714|10935,ABL1|SOD2|SRC|PRDX3,0.0,0,1,0,0,-5.727851289591887,12.168367346938775,
1,-2.4128013605629226,GO:0045454,M1,1,0,GO Biological Processes,19,cell redox homeostasis,19_GO:0042592 homeostatic process,-2.4128013605629226,8.112244897959183,4.479016924528645,795,6,49,3,6.122448979591836,3.4248805027611464,328|10935|25824,APEX1|PRDX3|PRDX5,0.0,0,1,0,0,-5.727851289591887,12.168367346938775,
1,-2.004038195134304,GO:0098869,M1,1,0,GO Biological Processes,19,cellular oxidant detoxification,19_GO:0098754 detoxification,-2.004038195134304,6.084183673469387,3.7018407895818064,795,8,49,3,6.122448979591836,3.4248805027611464,6648|10935|25824,SOD2|PRDX3|PRDX5,0.0,0,1,0,0,-5.727851289591887,12.168367346938775,
1,-3.729842999740437,GO:0018193,M1,1,0,GO Biological Processes,19,peptidyl-amino acid modification,19_GO:0009987 cellular process,-3.729842999740437,4.475721323011964,4.883918857385277,795,29,49,8,16.3265306122449,5.280107952266715,25|4067|6714|6733|7917|10935|10988|254042,ABL1|LYN|SRC|SRPK2|BAG6|PRDX3|METAP2|METAP1D,-0.3683378452401874,0,2,1,1,-3.729842999740437,8.112244897959183,
1,-2.532217229955789,GO:0051248,M1,1,0,GO Biological Processes,19,negative regulation of protein metabolic process,19_GO:0048519 negative regulation of biological process,-2.532217229955789,2.8080847723704867,3.454338802302886,795,52,49,9,18.367346938775512,5.531681038195416,25|1399|1978|1981|4067|4137|5202|6714|7917,ABL1|CRKL|EIF4EBP1|EIF4G1|LYN|MAPT|PFDN2|SRC|BAG6,0.0,0,2,0,0,-3.729842999740437,8.112244897959183,
1,-2.4128013605629226,GO:0002431,M1,1,0,GO Biological Processes,19,Fc receptor mediated stimulatory signaling pathway,19_GO:0002376 immune system process,-2.4128013605629226,8.112244897959183,4.479016924528645,795,6,49,3,6.122448979591836,3.4248805027611464,25|4067|6714,ABL1|LYN|SRC,0.0,0,2,0,0,-3.729842999740437,8.112244897959183,
1,-2.4128013605629226,GO:0002433,M1,1,0,GO Biological Processes,19,immune response-regulating cell surface receptor signaling pathway involved in phagocytosis,19_GO:0002376 immune system process,-2.4128013605629226,8.112244897959183,4.479016924528645,795,6,49,3,6.122448979591836,3.4248805027611464,25|4067|6714,ABL1|LYN|SRC,0.0,0,2,0,0,-3.729842999740437,8.112244897959183,
1,-2.4128013605629226,GO:0038096,M1,1,0,GO Biological Processes,19,Fc-gamma receptor signaling pathway involved in phagocytosis,19_GO:0002376 immune system process,-2.4128013605629226,8.112244897959183,4.479016924528645,795,6,49,3,6.122448979591836,3.4248805027611464,25|4067|6714,ABL1|LYN|SRC,0.0,0,2,0,0,-3.729842999740437,8.112244897959183,
1,-2.1920879747153226,GO:0010563,M1,1,0,GO Biological Processes,19,negative regulation of phosphorus metabolic process,19_GO:0048519 negative regulation of biological process,-2.1920879747153226,3.3567909922589725,3.311650992788681,795,29,49,6,12.244897959183673,4.682909155746067,25|142|1399|1981|4067|10935,ABL1|PARP1|CRKL|EIF4G1|LYN|PRDX3,0.0,0,2,0,0,-3.729842999740437,8.112244897959183,
1,-2.1920879747153226,GO:0045936,M1,1,0,GO Biological Processes,19,negative regulation of phosphate metabolic process,19_GO:0048519 negative regulation of biological process,-2.1920879747153226,3.3567909922589725,3.311650992788681,795,29,49,6,12.244897959183673,4.682909155746067,25|142|1399|1981|4067|10935,ABL1|PARP1|CRKL|EIF4G1|LYN|PRDX3,0.0,0,2,0,0,-3.729842999740437,8.112244897959183,
1,-2.115916168283502,GO:0043086,M1,1,0,GO Biological Processes,19,negative regulation of catalytic activity,19_GO:0065007 biological regulation,-2.115916168283502,3.2448979591836733,3.2104461697558273,795,30,49,6,12.244897959183673,4.682909155746067,25|1676|4067|6714|10935|25824,ABL1|DFFA|LYN|SRC|PRDX3|PRDX5,0.0,0,2,0,0,-3.729842999740437,8.112244897959183,
1,-3.6953170621954112,GO:0006259,M1,1,0,GO Biological Processes,19,DNA metabolic process,19_GO:0009987 cellular process,-3.6953170621954112,6.084183673469387,5.2620063963108565,795,16,49,6,12.244897959183673,4.682909155746067,25|142|328|1676|4255|6714,ABL1|PARP1|APEX1|DFFA|MGMT|SRC,-0.3683378452401874,0,3,1,1,-3.6953170621954112,8.112244897959183,
1,-3.192188238077504,GO:0051276,M1,1,0,GO Biological Processes,19,chromosome organization,19_GO:0009987 cellular process,-3.192188238077504,6.240188383045526,4.879261305994348,795,13,49,5,10.204081632653061,4.324313986644701,25|142|328|7917|8379,ABL1|PARP1|APEX1|BAG6|MAD1L1,-0.02011098110802356,0,3,0,0,-3.6953170621954112,8.112244897959183,
1,-2.514553998514572,GO:0006281,M1,1,0,GO Biological Processes,19,DNA repair,19_GO:0050896 response to stimulus,-2.514553998514572,5.899814471243044,4.191377954071113,795,11,49,4,8.16326530612245,3.9114891734690196,25|142|328|4255,ABL1|PARP1|APEX1|MGMT,0.0,0,3,0,0,-3.6953170621954112,8.112244897959183,
1,-2.4128013605629226,GO:2000779,M1,1,0,GO Biological Processes,19,regulation of double-strand break repair,19_GO:0050896 response to stimulus,-2.4128013605629226,8.112244897959183,4.479016924528645,795,6,49,3,6.122448979591836,3.4248805027611464,25|142|4255,ABL1|PARP1|MGMT,0.0,0,3,0,0,-3.6953170621954112,8.112244897959183,
1,-2.409836726274773,GO:0080135,M1,1,0,GO Biological Processes,19,regulation of cellular response to stress,19_GO:0050896 response to stimulus,-2.409836726274773,3.2448979591836737,3.47906632844048,795,35,49,7,14.285714285714286,4.99895865874118,25|142|1981|4137|4255|7917|23576,ABL1|PARP1|EIF4G1|MAPT|MGMT|BAG6|DDAH1,0.0,0,3,0,0,-3.6953170621954112,8.112244897959183,
1,-2.218897806711971,GO:0051053,M1,1,0,GO Biological Processes,19,negative regulation of DNA metabolic process,19_GO:0048519 negative regulation of biological process,-2.218897806711971,4.992150706436421,3.7171843921940164,795,13,49,4,8.16326530612245,3.9114891734690196,25|142|1676|6714,ABL1|PARP1|DFFA|SRC,0.0,0,3,0,0,-3.6953170621954112,8.112244897959183,
1,-2.1889822162536934,GO:0006282,M1,1,0,GO Biological Processes,19,regulation of DNA repair,19_GO:0050896 response to stimulus,-2.1889822162536934,6.9533527696793,4.052158332351247,795,7,49,3,6.122448979591836,3.4248805027611464,25|142|4255,ABL1|PARP1|MGMT,0.0,0,3,0,0,-3.6953170621954112,8.112244897959183,
1,-3.595946413151746,GO:0006091,M1,1,0,GO Biological Processes,19,generation of precursor metabolites and energy,19_GO:0009987 cellular process,-3.595946413151746,7.374768089053803,5.453076353725234,795,11,49,5,10.204081632653061,4.324313986644701,2026|5213|5504|6648|64080,ENO2|PFKM|PPP1R2|SOD2|RBKS,-0.3269591431742088,0,4,1,1,-3.595946413151746,7.374768089053803,
1,-2.892468546339645,GO:0019362,M1,1,0,GO Biological Processes,19,pyridine nucleotide metabolic process,19_GO:0009987 cellular process,-2.892468546339645,7.2108843537414975,4.799569689367298,795,9,49,4,8.16326530612245,3.9114891734690196,2026|5213|25824|64080,ENO2|PFKM|PRDX5|RBKS,0.0,0,4,0,0,-3.595946413151746,7.374768089053803,
1,-2.892468546339645,GO:0046496,M1,1,0,GO Biological Processes,19,nicotinamide nucleotide metabolic process,19_GO:0009987 cellular process,-2.892468546339645,7.2108843537414975,4.799569689367298,795,9,49,4,8.16326530612245,3.9114891734690196,2026|5213|25824|64080,ENO2|PFKM|PRDX5|RBKS,0.0,0,4,0,0,-3.595946413151746,7.374768089053803,
1,-2.892468546339645,GO:0072524,M1,1,0,GO Biological Processes,19,pyridine-containing compound metabolic process,19_GO:0009987 cellular process,-2.892468546339645,7.2108843537414975,4.799569689367298,795,9,49,4,8.16326530612245,3.9114891734690196,2026|5213|25824|64080,ENO2|PFKM|PRDX5|RBKS,0.0,0,4,0,0,-3.595946413151746,7.374768089053803,
1,-2.7401762042839852,GO:0005975,M1,1,0,GO Biological Processes,19,carbohydrate metabolic process,19_GO:0009987 cellular process,-2.7401762042839852,4.232475598935226,4.0292981138729145,795,23,49,6,12.244897959183673,4.682909155746067,142|2026|2739|5213|5504|64080,PARP1|ENO2|GLO1|PFKM|PPP1R2|RBKS,0.0,0,4,0,0,-3.595946413151746,7.374768089053803,
1,-2.3585426292736154,GO:0034655,M1,1,0,GO Biological Processes,19,nucleobase-containing compound catabolic process,19_GO:0009987 cellular process,-2.3585426292736154,5.408163265306123,3.9409986909429624,795,12,49,4,8.16326530612245,3.9114891734690196,328|1676|2026|5213,APEX1|DFFA|ENO2|PFKM,0.0,0,4,0,0,-3.595946413151746,7.374768089053803,
1,-2.255120692698306,GO:0006163,M1,1,0,GO Biological Processes,19,purine nucleotide metabolic process,19_GO:0009987 cellular process,-2.255120692698306,4.0561224489795915,3.5454696747602963,795,20,49,5,10.204081632653061,4.324313986644701,142|2026|5213|25824|64080,PARP1|ENO2|PFKM|PRDX5|RBKS,0.0,0,4,0,0,-3.595946413151746,7.374768089053803,
1,-2.1920879747153226,GO:0055086,M1,1,0,GO Biological Processes,19,nucleobase-containing small molecule metabolic process,19_GO:0009987 cellular process,-2.1920879747153226,3.3567909922589725,3.311650992788681,795,29,49,6,12.244897959183673,4.682909155746067,142|2026|2745|5213|25824|64080,PARP1|ENO2|GLRX|PFKM|PRDX5|RBKS,0.0,0,4,0,0,-3.595946413151746,7.374768089053803,
1,-2.1889822162536934,GO:0016052,M1,1,0,GO Biological Processes,19,carbohydrate catabolic process,19_GO:0009987 cellular process,-2.1889822162536934,6.9533527696793,4.052158332351247,795,7,49,3,6.122448979591836,3.4248805027611464,2026|5213|64080,ENO2|PFKM|RBKS,0.0,0,4,0,0,-3.595946413151746,7.374768089053803,
1,-2.1889822162536934,GO:0046365,M1,1,0,GO Biological Processes,19,monosaccharide catabolic process,19_GO:0009987 cellular process,-2.1889822162536934,6.9533527696793,4.052158332351247,795,7,49,3,6.122448979591836,3.4248805027611464,2026|5213|64080,ENO2|PFKM|RBKS,0.0,0,4,0,0,-3.595946413151746,7.374768089053803,
1,-2.004038195134304,GO:0009199,M1,1,0,GO Biological Processes,19,ribonucleoside triphosphate metabolic process,19_GO:0009987 cellular process,-2.004038195134304,6.084183673469387,3.7018407895818064,795,8,49,3,6.122448979591836,3.4248805027611464,142|2026|5213,PARP1|ENO2|PFKM,0.0,0,4,0,0,-3.595946413151746,7.374768089053803,
1,-2.004038195134304,GO:0009205,M1,1,0,GO Biological Processes,19,purine ribonucleoside triphosphate metabolic process,19_GO:0009987 cellular process,-2.004038195134304,6.084183673469387,3.7018407895818064,795,8,49,3,6.122448979591836,3.4248805027611464,142|2026|5213,PARP1|ENO2|PFKM,0.0,0,4,0,0,-3.595946413151746,7.374768089053803,
1,-2.004038195134304,GO:0046034,M1,1,0,GO Biological Processes,19,ATP metabolic process,19_GO:0009987 cellular process,-2.004038195134304,6.084183673469387,3.7018407895818064,795,8,49,3,6.122448979591836,3.4248805027611464,142|2026|5213,PARP1|ENO2|PFKM,0.0,0,4,0,0,-3.595946413151746,7.374768089053803,
1,-3.0732081961488156,GO:0022618,M1,1,0,GO Biological Processes,19,protein-RNA complex assembly,19_GO:0009987 cellular process,-3.0732081961488156,12.168367346938775,5.735487289035001,795,4,49,3,6.122448979591836,3.4248805027611464,1975|6733|11168,EIF4B|SRPK2|PSIP1,-0.015074291486171797,0,5,1,1,-3.0732081961488156,12.168367346938775,
1,-2.6945703775432035,GO:0071826,M1,1,0,GO Biological Processes,19,protein-RNA complex organization,19_GO:0009987 cellular process,-2.6945703775432035,9.73469387755102,5.018316207141324,795,5,49,3,6.122448979591836,3.4248805027611464,1975|6733|11168,EIF4B|SRPK2|PSIP1,0.0,0,5,0,0,-3.0732081961488156,12.168367346938775,
1,-2.4128013605629226,GO:0022613,M1,1,0,GO Biological Processes,19,ribonucleoprotein complex biogenesis,19_GO:0009987 cellular process,-2.4128013605629226,8.112244897959183,4.479016924528645,795,6,49,3,6.122448979591836,3.4248805027611464,1975|6733|11168,EIF4B|SRPK2|PSIP1,0.0,0,5,0,0,-3.0732081961488156,12.168367346938775,
1,-2.892468546339645,GO:0033044,M1,1,0,GO Biological Processes,19,regulation of chromosome organization,19_GO:0050789 regulation of biological process,-2.892468546339645,7.2108843537414975,4.799569689367298,795,9,49,4,8.16326530612245,3.9114891734690196,142|4137|6714|8379,PARP1|MAPT|SRC|MAD1L1,0.0,0,6,1,1,-2.892468546339645,9.73469387755102,
1,-2.7231785169692344,GO:0010639,M1,1,0,GO Biological Processes,19,negative regulation of organelle organization,19_GO:0048519 negative regulation of biological process,-2.7231785169692344,5.07015306122449,4.212509385506257,795,16,49,5,10.204081632653061,4.324313986644701,142|2288|4137|6714|8379,PARP1|FKBP4|MAPT|SRC|MAD1L1,0.0,0,6,0,0,-2.892468546339645,9.73469387755102,
1,-2.6945703775432035,GO:0141193,M1,1,0,GO Biological Processes,19,nuclear receptor-mediated signaling pathway,19_GO:0050896 response to stimulus,-2.6945703775432035,9.73469387755102,5.018316207141324,795,5,49,3,6.122448979591836,3.4248805027611464,1399|2288|6714,CRKL|FKBP4|SRC,0.0,0,6,0,0,-2.892468546339645,9.73469387755102,
1,-2.4128013605629226,GO:2001251,M1,1,0,GO Biological Processes,19,negative regulation of chromosome organization,19_GO:0048519 negative regulation of biological process,-2.4128013605629226,8.112244897959183,4.479016924528645,795,6,49,3,6.122448979591836,3.4248805027611464,142|6714|8379,PARP1|SRC|MAD1L1,0.0,0,6,0,0,-2.892468546339645,9.73469387755102,
1,-2.6945703775432035,GO:0048538,M1,1,0,GO Biological Processes,19,thymus development,19_GO:0002376 immune system process,-2.6945703775432035,9.73469387755102,5.018316207141324,795,5,49,3,6.122448979591836,3.4248805027611464,25|1399|8379,ABL1|CRKL|MAD1L1,0.0,0,7,1,1,-2.6945703775432035,9.73469387755102,
1,-2.6907455213776066,GO:0045931,M1,1,0,GO Biological Processes,19,positive regulation of mitotic cell cycle,19_GO:0048518 positive regulation of biological process,-2.6907455213776066,6.4897959183673475,4.474662136593799,795,10,49,4,8.16326530612245,3.9114891734690196,25|1978|1981|8379,ABL1|EIF4EBP1|EIF4G1|MAD1L1,0.0,0,7,0,0,-2.6945703775432035,9.73469387755102,
1,-2.0660239767976103,GO:0000278,M1,1,0,GO Biological Processes,19,mitotic cell cycle,19_GO:0009987 cellular process,-2.0660239767976103,3.6873840445269015,3.274086923607625,795,22,49,5,10.204081632653061,4.324313986644701,25|1978|8379|8738|10617,ABL1|EIF4EBP1|MAD1L1|CRADD|STAMBP,0.0,0,7,0,0,-2.6945703775432035,9.73469387755102,
1,-2.6945703775432035,GO:0031110,M1,1,0,GO Biological Processes,19,regulation of microtubule polymerization or depolymerization,19_GO:0050789 regulation of biological process,-2.6945703775432035,9.73469387755102,5.018316207141324,795,5,49,3,6.122448979591836,3.4248805027611464,25|2288|4137,ABL1|FKBP4|MAPT,0.0,0,8,1,1,-2.6945703775432035,9.73469387755102,
1,-2.6945703775432035,GO:0031113,M1,1,0,GO Biological Processes,19,regulation of microtubule polymerization,19_GO:0050789 regulation of biological process,-2.6945703775432035,9.73469387755102,5.018316207141324,795,5,49,3,6.122448979591836,3.4248805027611464,25|2288|4137,ABL1|FKBP4|MAPT,0.0,0,8,0,0,-2.6945703775432035,9.73469387755102,
1,-2.4128013605629226,GO:0070507,M1,1,0,GO Biological Processes,19,regulation of microtubule cytoskeleton organization,19_GO:0050789 regulation of biological process,-2.4128013605629226,8.112244897959183,4.479016924528645,795,6,49,3,6.122448979591836,3.4248805027611464,25|2288|4137,ABL1|FKBP4|MAPT,0.0,0,8,0,0,-2.6945703775432035,9.73469387755102,
1,-2.004038195134304,GO:0032886,M1,1,0,GO Biological Processes,19,regulation of microtubule-based process,19_GO:0050789 regulation of biological process,-2.004038195134304,6.084183673469387,3.7018407895818064,795,8,49,3,6.122448979591836,3.4248805027611464,25|2288|4137,ABL1|FKBP4|MAPT,0.0,0,8,0,0,-2.6945703775432035,9.73469387755102,
1,-2.514553998514572,GO:0042770,M1,1,0,GO Biological Processes,19,signal transduction in response to DNA damage,19_GO:0050896 response to stimulus,-2.514553998514572,5.899814471243044,4.191377954071113,795,11,49,4,8.16326530612245,3.9114891734690196,25|4067|5608|8738,ABL1|LYN|MAP2K6|CRADD,0.0,0,9,1,1,-2.514553998514572,6.084183673469387,
1,-2.004038195134304,GO:0000075,M1,1,0,GO Biological Processes,19,cell cycle checkpoint signaling,19_GO:0048519 negative regulation of biological process,-2.004038195134304,6.084183673469387,3.7018407895818064,795,8,49,3,6.122448979591836,3.4248805027611464,4067|8379|8738,LYN|MAD1L1|CRADD,0.0,0,9,0,0,-2.514553998514572,6.084183673469387,
1,-2.4128013605629226,GO:0061077,M1,1,0,GO Biological Processes,19,chaperone-mediated protein folding,19_GO:0009987 cellular process,-2.4128013605629226,8.112244897959183,4.479016924528645,795,6,49,3,6.122448979591836,3.4248805027611464,1676|2288|5202,DFFA|FKBP4|PFDN2,0.0,0,10,1,1,-2.4128013605629226,8.112244897959183,
1,-2.092801277903076,GO:0006457,M1,1,0,GO Biological Processes,19,protein folding,19_GO:0009987 cellular process,-2.092801277903076,4.6355685131195346,3.515197347187389,795,14,49,4,8.16326530612245,3.9114891734690196,1155|1676|2288|5202,TBCB|DFFA|FKBP4|PFDN2,0.0,0,10,0,0,-2.4128013605629226,8.112244897959183,
1,-2.218897806711971,GO:0006366,M1,1,0,GO Biological Processes,19,transcription by RNA polymerase II,19_GO:0009987 cellular process,-2.218897806711971,4.992150706436421,3.7171843921940164,795,13,49,4,8.16326530612245,3.9114891734690196,142|328|2354|11060,PARP1|APEX1|FOSB|WWP2,0.0,0,11,1,1,-2.218897806711971,4.992150706436421,
1,-2.092801277903076,GO:0006351,M1,1,0,GO Biological Processes,19,DNA-templated transcription,19_GO:0009987 cellular process,-2.092801277903076,4.6355685131195346,3.515197347187389,795,14,49,4,8.16326530612245,3.9114891734690196,142|328|2354|11060,PARP1|APEX1|FOSB|WWP2,0.0,0,11,0,0,-2.218897806711971,4.992150706436421,
1,-2.004038195134304,GO:0006446,M1,1,0,GO Biological Processes,19,regulation of translational initiation,19_GO:0050789 regulation of biological process,-2.004038195134304,6.084183673469387,3.7018407895818064,795,8,49,3,6.122448979591836,3.4248805027611464,1975|1978|1981,EIF4B|EIF4EBP1|EIF4G1,0.0,0,12,1,1,-2.004038195134304,6.084183673469387,
1,-2.004038195134304,GO:0008630,M1,1,0,GO Biological Processes,19,intrinsic apoptotic signaling pathway in response to DNA damage,19_GO:0050896 response to stimulus,-2.004038195134304,6.084183673469387,3.7018407895818064,795,8,49,3,6.122448979591836,3.4248805027611464,25|6648|7917,ABL1|SOD2|BAG6,0.0,0,13,1,1,-2.004038195134304,6.084183673469387,
