Category,CategoryID,GO,Description,PARENT_GO,LogP,Enrichment,Z-score,#TotalGeneInLibrary,#GeneInGO,#GeneInHitList,#GeneInGOAndHitList,%InGO,STDV %InGO,GeneID,Hits,Log(q-value),GeneList
GO Biological Processes,19,GO:0042391,regulation of membrane potential,19_GO:0065007 biological regulation,-5.7,7.6,7.1,795,17,49,8,16,5.3,25|142|2745|4137|6648|6714|10935|11060,ABL1|PARP1|GLRX|MAPT|SOD2|SRC|PRDX3|WWP2,-1.7,Protein
GO Biological Processes,19,GO:0051881,regulation of mitochondrial membrane potential,19_GO:0065007 biological regulation,-5.5,11,7.6,795,9,49,6,12,4.7,25|142|4137|6648|6714|10935,ABL1|PARP1|MAPT|SOD2|SRC|PRDX3,-1.7,Protein
GO Biological Processes,19,GO:0034614,cellular response to reactive oxygen species,19_GO:0050896 response to stimulus,-4.1,7,5.8,795,14,49,6,12,4.7,25|4137|6648|6714|10935|25824,ABL1|MAPT|SOD2|SRC|PRDX3|PRDX5,-0.47,Protein
GO Biological Processes,19,GO:0034599,cellular response to oxidative stress,19_GO:0050896 response to stimulus,-4,5.7,5.4,795,20,49,7,14,5,25|142|4137|6648|6714|10935|25824,ABL1|PARP1|MAPT|SOD2|SRC|PRDX3|PRDX5,-0.47,Protein
GO Biological Processes,19,GO:0006979,response to oxidative stress,19_GO:0050896 response to stimulus,-3.9,4.2,4.9,795,35,49,9,18,5.5,25|142|3163|4137|6648|6714|10935|11168|25824,ABL1|PARP1|HMOX2|MAPT|SOD2|SRC|PRDX3|PSIP1|PRDX5,-0.42,Protein
GO Biological Processes,19,GO:0018193,peptidyl-amino acid modification,19_GO:0009987 cellular process,-3.7,4.5,4.9,795,29,49,8,16,5.3,25|4067|6714|6733|7917|10935|10988|254042,ABL1|LYN|SRC|SRPK2|BAG6|PRDX3|METAP2|METAP1D,-0.37,Protein
GO Biological Processes,19,GO:0006259,DNA metabolic process,19_GO:0009987 cellular process,-3.7,6.1,5.3,795,16,49,6,12,4.7,25|142|328|1676|4255|6714,ABL1|PARP1|APEX1|DFFA|MGMT|SRC,-0.37,Protein
GO Biological Processes,19,GO:0006091,generation of precursor metabolites and energy,19_GO:0009987 cellular process,-3.6,7.4,5.5,795,11,49,5,10,4.3,2026|5213|5504|6648|64080,ENO2|PFKM|PPP1R2|SOD2|RBKS,-0.33,Protein
GO Biological Processes,19,GO:0062197,cellular response to chemical stress,19_GO:0050896 response to stimulus,-3.3,4.5,4.6,795,25,49,7,14,5,25|142|4137|6648|6714|10935|25824,ABL1|PARP1|MAPT|SOD2|SRC|PRDX3|PRDX5,-0.13,Protein
GO Biological Processes,19,GO:0051276,chromosome organization,19_GO:0009987 cellular process,-3.2,6.2,4.9,795,13,49,5,10,4.3,25|142|328|7917|8379,ABL1|PARP1|APEX1|BAG6|MAD1L1,-0.02,Protein
GO Biological Processes,19,GO:0000302,response to reactive oxygen species,19_GO:0050896 response to stimulus,-3.1,4.9,4.5,795,20,49,6,12,4.7,25|4137|6648|6714|10935|25824,ABL1|MAPT|SOD2|SRC|PRDX3|PRDX5,-0.015,Protein
GO Biological Processes,19,GO:0042743,hydrogen peroxide metabolic process,19_GO:0009987 cellular process,-3.1,12,5.7,795,4,49,3,6.1,3.4,6648|10935|25824,SOD2|PRDX3|PRDX5,-0.015,Protein
GO Biological Processes,19,GO:0022618,protein-RNA complex assembly,19_GO:0009987 cellular process,-3.1,12,5.7,795,4,49,3,6.1,3.4,1975|6733|11168,EIF4B|SRPK2|PSIP1,-0.015,Protein
GO Biological Processes,19,GO:0019362,pyridine nucleotide metabolic process,19_GO:0009987 cellular process,-2.9,7.2,4.8,795,9,49,4,8.2,3.9,2026|5213|25824|64080,ENO2|PFKM|PRDX5|RBKS,0,Protein
GO Biological Processes,19,GO:0046496,nicotinamide nucleotide metabolic process,19_GO:0009987 cellular process,-2.9,7.2,4.8,795,9,49,4,8.2,3.9,2026|5213|25824|64080,ENO2|PFKM|PRDX5|RBKS,0,Protein
GO Biological Processes,19,GO:0072524,pyridine-containing compound metabolic process,19_GO:0009987 cellular process,-2.9,7.2,4.8,795,9,49,4,8.2,3.9,2026|5213|25824|64080,ENO2|PFKM|PRDX5|RBKS,0,Protein
GO Biological Processes,19,GO:0033044,regulation of chromosome organization,19_GO:0050789 regulation of biological process,-2.9,7.2,4.8,795,9,49,4,8.2,3.9,142|4137|6714|8379,PARP1|MAPT|SRC|MAD1L1,0,Protein
GO Biological Processes,19,GO:0005975,carbohydrate metabolic process,19_GO:0009987 cellular process,-2.7,4.2,4,795,23,49,6,12,4.7,142|2026|2739|5213|5504|64080,PARP1|ENO2|GLO1|PFKM|PPP1R2|RBKS,0,Protein
GO Biological Processes,19,GO:0010639,negative regulation of organelle organization,19_GO:0048519 negative regulation of biological process,-2.7,5.1,4.2,795,16,49,5,10,4.3,142|2288|4137|6714|8379,PARP1|FKBP4|MAPT|SRC|MAD1L1,0,Protein
GO Biological Processes,19,GO:0031110,regulation of microtubule polymerization or depolymerization,19_GO:0050789 regulation of biological process,-2.7,9.7,5,795,5,49,3,6.1,3.4,25|2288|4137,ABL1|FKBP4|MAPT,0,Protein
GO Biological Processes,19,GO:0031113,regulation of microtubule polymerization,19_GO:0050789 regulation of biological process,-2.7,9.7,5,795,5,49,3,6.1,3.4,25|2288|4137,ABL1|FKBP4|MAPT,0,Protein
GO Biological Processes,19,GO:0071826,protein-RNA complex organization,19_GO:0009987 cellular process,-2.7,9.7,5,795,5,49,3,6.1,3.4,1975|6733|11168,EIF4B|SRPK2|PSIP1,0,Protein
GO Biological Processes,19,GO:0141193,nuclear receptor-mediated signaling pathway,19_GO:0050896 response to stimulus,-2.7,9.7,5,795,5,49,3,6.1,3.4,1399|2288|6714,CRKL|FKBP4|SRC,0,Protein
GO Biological Processes,19,GO:0048538,thymus development,19_GO:0002376 immune system process,-2.7,9.7,5,795,5,49,3,6.1,3.4,25|1399|8379,ABL1|CRKL|MAD1L1,0,Protein
GO Biological Processes,19,GO:0045931,positive regulation of mitotic cell cycle,19_GO:0048518 positive regulation of biological process,-2.7,6.5,4.5,795,10,49,4,8.2,3.9,25|1978|1981|8379,ABL1|EIF4EBP1|EIF4G1|MAD1L1,0,Protein
GO Biological Processes,19,GO:0051248,negative regulation of protein metabolic process,19_GO:0048519 negative regulation of biological process,-2.5,2.8,3.5,795,52,49,9,18,5.5,25|1399|1978|1981|4067|4137|5202|6714|7917,ABL1|CRKL|EIF4EBP1|EIF4G1|LYN|MAPT|PFDN2|SRC|BAG6,0,Protein
GO Biological Processes,19,GO:0006281,DNA repair,19_GO:0050896 response to stimulus,-2.5,5.9,4.2,795,11,49,4,8.2,3.9,25|142|328|4255,ABL1|PARP1|APEX1|MGMT,0,Protein
GO Biological Processes,19,GO:0042770,signal transduction in response to DNA damage,19_GO:0050896 response to stimulus,-2.5,5.9,4.2,795,11,49,4,8.2,3.9,25|4067|5608|8738,ABL1|LYN|MAP2K6|CRADD,0,Protein
GO Biological Processes,19,GO:0042542,response to hydrogen peroxide,19_GO:0050896 response to stimulus,-2.5,5.9,4.2,795,11,49,4,8.2,3.9,25|6648|6714|10935,ABL1|SOD2|SRC|PRDX3,0,Protein
GO Biological Processes,19,GO:0022613,ribonucleoprotein complex biogenesis,19_GO:0009987 cellular process,-2.4,8.1,4.5,795,6,49,3,6.1,3.4,1975|6733|11168,EIF4B|SRPK2|PSIP1,0,Protein
GO Biological Processes,19,GO:0002433,immune response-regulating cell surface receptor signaling pathway involved in phagocytosis,19_GO:0002376 immune system process,-2.4,8.1,4.5,795,6,49,3,6.1,3.4,25|4067|6714,ABL1|LYN|SRC,0,Protein
GO Biological Processes,19,GO:0070507,regulation of microtubule cytoskeleton organization,19_GO:0050789 regulation of biological process,-2.4,8.1,4.5,795,6,49,3,6.1,3.4,25|2288|4137,ABL1|FKBP4|MAPT,0,Protein
GO Biological Processes,19,GO:2000779,regulation of double-strand break repair,19_GO:0050896 response to stimulus,-2.4,8.1,4.5,795,6,49,3,6.1,3.4,25|142|4255,ABL1|PARP1|MGMT,0,Protein
GO Biological Processes,19,GO:0038096,Fc-gamma receptor signaling pathway involved in phagocytosis,19_GO:0002376 immune system process,-2.4,8.1,4.5,795,6,49,3,6.1,3.4,25|4067|6714,ABL1|LYN|SRC,0,Protein
GO Biological Processes,19,GO:2001251,negative regulation of chromosome organization,19_GO:0048519 negative regulation of biological process,-2.4,8.1,4.5,795,6,49,3,6.1,3.4,142|6714|8379,PARP1|SRC|MAD1L1,0,Protein
GO Biological Processes,19,GO:0045454,cell redox homeostasis,19_GO:0042592 homeostatic process,-2.4,8.1,4.5,795,6,49,3,6.1,3.4,328|10935|25824,APEX1|PRDX3|PRDX5,0,Protein
GO Biological Processes,19,GO:0002431,Fc receptor mediated stimulatory signaling pathway,19_GO:0002376 immune system process,-2.4,8.1,4.5,795,6,49,3,6.1,3.4,25|4067|6714,ABL1|LYN|SRC,0,Protein
GO Biological Processes,19,GO:0061077,chaperone-mediated protein folding,19_GO:0009987 cellular process,-2.4,8.1,4.5,795,6,49,3,6.1,3.4,1676|2288|5202,DFFA|FKBP4|PFDN2,0,Protein
GO Biological Processes,19,GO:0080135,regulation of cellular response to stress,19_GO:0050896 response to stimulus,-2.4,3.2,3.5,795,35,49,7,14,5,25|142|1981|4137|4255|7917|23576,ABL1|PARP1|EIF4G1|MAPT|MGMT|BAG6|DDAH1,0,Protein
GO Biological Processes,19,GO:0034655,nucleobase-containing compound catabolic process,19_GO:0009987 cellular process,-2.4,5.4,3.9,795,12,49,4,8.2,3.9,328|1676|2026|5213,APEX1|DFFA|ENO2|PFKM,0,Protein
GO Biological Processes,19,GO:0006163,purine nucleotide metabolic process,19_GO:0009987 cellular process,-2.3,4.1,3.5,795,20,49,5,10,4.3,142|2026|5213|25824|64080,PARP1|ENO2|PFKM|PRDX5|RBKS,0,Protein
GO Biological Processes,19,GO:0006366,transcription by RNA polymerase II,19_GO:0009987 cellular process,-2.2,5,3.7,795,13,49,4,8.2,3.9,142|328|2354|11060,PARP1|APEX1|FOSB|WWP2,0,Protein
GO Biological Processes,19,GO:0051053,negative regulation of DNA metabolic process,19_GO:0048519 negative regulation of biological process,-2.2,5,3.7,795,13,49,4,8.2,3.9,25|142|1676|6714,ABL1|PARP1|DFFA|SRC,0,Protein
GO Biological Processes,19,GO:0055086,nucleobase-containing small molecule metabolic process,19_GO:0009987 cellular process,-2.2,3.4,3.3,795,29,49,6,12,4.7,142|2026|2745|5213|25824|64080,PARP1|ENO2|GLRX|PFKM|PRDX5|RBKS,0,Protein
GO Biological Processes,19,GO:0045936,negative regulation of phosphate metabolic process,19_GO:0048519 negative regulation of biological process,-2.2,3.4,3.3,795,29,49,6,12,4.7,25|142|1399|1981|4067|10935,ABL1|PARP1|CRKL|EIF4G1|LYN|PRDX3,0,Protein
GO Biological Processes,19,GO:0010563,negative regulation of phosphorus metabolic process,19_GO:0048519 negative regulation of biological process,-2.2,3.4,3.3,795,29,49,6,12,4.7,25|142|1399|1981|4067|10935,ABL1|PARP1|CRKL|EIF4G1|LYN|PRDX3,0,Protein
GO Biological Processes,19,GO:0016052,carbohydrate catabolic process,19_GO:0009987 cellular process,-2.2,7,4.1,795,7,49,3,6.1,3.4,2026|5213|64080,ENO2|PFKM|RBKS,0,Protein
GO Biological Processes,19,GO:0046365,monosaccharide catabolic process,19_GO:0009987 cellular process,-2.2,7,4.1,795,7,49,3,6.1,3.4,2026|5213|64080,ENO2|PFKM|RBKS,0,Protein
GO Biological Processes,19,GO:0006282,regulation of DNA repair,19_GO:0050896 response to stimulus,-2.2,7,4.1,795,7,49,3,6.1,3.4,25|142|4255,ABL1|PARP1|MGMT,0,Protein
GO Biological Processes,19,GO:0043086,negative regulation of catalytic activity,19_GO:0065007 biological regulation,-2.1,3.2,3.2,795,30,49,6,12,4.7,25|1676|4067|6714|10935|25824,ABL1|DFFA|LYN|SRC|PRDX3|PRDX5,0,Protein
GO Biological Processes,19,GO:0006457,protein folding,19_GO:0009987 cellular process,-2.1,4.6,3.5,795,14,49,4,8.2,3.9,1155|1676|2288|5202,TBCB|DFFA|FKBP4|PFDN2,0,Protein
GO Biological Processes,19,GO:0006351,DNA-templated transcription,19_GO:0009987 cellular process,-2.1,4.6,3.5,795,14,49,4,8.2,3.9,142|328|2354|11060,PARP1|APEX1|FOSB|WWP2,0,Protein
GO Biological Processes,19,GO:0000278,mitotic cell cycle,19_GO:0009987 cellular process,-2.1,3.7,3.3,795,22,49,5,10,4.3,25|1978|8379|8738|10617,ABL1|EIF4EBP1|MAD1L1|CRADD|STAMBP,0,Protein
GO Biological Processes,19,GO:0009199,ribonucleoside triphosphate metabolic process,19_GO:0009987 cellular process,-2,6.1,3.7,795,8,49,3,6.1,3.4,142|2026|5213,PARP1|ENO2|PFKM,0,Protein
GO Biological Processes,19,GO:0006446,regulation of translational initiation,19_GO:0050789 regulation of biological process,-2,6.1,3.7,795,8,49,3,6.1,3.4,1975|1978|1981,EIF4B|EIF4EBP1|EIF4G1,0,Protein
GO Biological Processes,19,GO:0009205,purine ribonucleoside triphosphate metabolic process,19_GO:0009987 cellular process,-2,6.1,3.7,795,8,49,3,6.1,3.4,142|2026|5213,PARP1|ENO2|PFKM,0,Protein
GO Biological Processes,19,GO:0046034,ATP metabolic process,19_GO:0009987 cellular process,-2,6.1,3.7,795,8,49,3,6.1,3.4,142|2026|5213,PARP1|ENO2|PFKM,0,Protein
GO Biological Processes,19,GO:0008630,intrinsic apoptotic signaling pathway in response to DNA damage,19_GO:0050896 response to stimulus,-2,6.1,3.7,795,8,49,3,6.1,3.4,25|6648|7917,ABL1|SOD2|BAG6,0,Protein
GO Biological Processes,19,GO:0000075,cell cycle checkpoint signaling,19_GO:0048519 negative regulation of biological process,-2,6.1,3.7,795,8,49,3,6.1,3.4,4067|8379|8738,LYN|MAD1L1|CRADD,0,Protein
GO Biological Processes,19,GO:0032886,regulation of microtubule-based process,19_GO:0050789 regulation of biological process,-2,6.1,3.7,795,8,49,3,6.1,3.4,25|2288|4137,ABL1|FKBP4|MAPT,0,Protein
GO Biological Processes,19,GO:0098869,cellular oxidant detoxification,19_GO:0098754 detoxification,-2,6.1,3.7,795,8,49,3,6.1,3.4,6648|10935|25824,SOD2|PRDX3|PRDX5,0,Protein
