_MEMBER_Protein,_LogP_Protein,GO,Description,_PATTERN_,_RANK_,GiniIndex
1,-2.4,GO:0034655,nucleobase-containing compound catabolic process,M1,1,0
1,-2.4,GO:0045454,cell redox homeostasis,M1,1,0
1,-2.7,GO:0005975,carbohydrate metabolic process,M1,1,0
1,-5.7,GO:0042391,regulation of membrane potential,M1,1,0
1,-4.1,GO:0034614,cellular response to reactive oxygen species,M1,1,0
1,-3.6,GO:0006091,generation of precursor metabolites and energy,M1,1,0
1,-5.5,GO:0051881,regulation of mitochondrial membrane potential,M1,1,0
1,-2.5,GO:0042542,response to hydrogen peroxide,M1,1,0
1,-2.7,GO:0045931,positive regulation of mitotic cell cycle,M1,1,0
1,-2.1,GO:0006457,protein folding,M1,1,0
1,-2,GO:0009205,purine ribonucleoside triphosphate metabolic process,M1,1,0
1,-2.4,GO:2000779,regulation of double-strand break repair,M1,1,0
1,-2,GO:0008630,intrinsic apoptotic signaling pathway in response to DNA damage,M1,1,0
1,-2,GO:0046034,ATP metabolic process,M1,1,0
1,-3.1,GO:0042743,hydrogen peroxide metabolic process,M1,1,0
1,-2.7,GO:0031110,regulation of microtubule polymerization or depolymerization,M1,1,0
1,-3.7,GO:0006259,DNA metabolic process,M1,1,0
1,-2.5,GO:0006281,DNA repair,M1,1,0
1,-2.2,GO:0006282,regulation of DNA repair,M1,1,0
1,-2,GO:0000075,cell cycle checkpoint signaling,M1,1,0
1,-2,GO:0032886,regulation of microtubule-based process,M1,1,0
1,-3.3,GO:0062197,cellular response to chemical stress,M1,1,0
1,-2.7,GO:0141193,nuclear receptor-mediated signaling pathway,M1,1,0
1,-2.4,GO:0022613,ribonucleoprotein complex biogenesis,M1,1,0
1,-2.2,GO:0010563,negative regulation of phosphorus metabolic process,M1,1,0
1,-2.7,GO:0031113,regulation of microtubule polymerization,M1,1,0
1,-2.2,GO:0016052,carbohydrate catabolic process,M1,1,0
1,-2.1,GO:0000278,mitotic cell cycle,M1,1,0
1,-2.4,GO:0061077,chaperone-mediated protein folding,M1,1,0
1,-2.4,GO:0080135,regulation of cellular response to stress,M1,1,0
1,-2,GO:0098869,cellular oxidant detoxification,M1,1,0
1,-2.5,GO:0051248,negative regulation of protein metabolic process,M1,1,0
1,-2.2,GO:0045936,negative regulation of phosphate metabolic process,M1,1,0
1,-2.2,GO:0051053,negative regulation of DNA metabolic process,M1,1,0
1,-2.1,GO:0006351,DNA-templated transcription,M1,1,0
1,-2.9,GO:0072524,pyridine-containing compound metabolic process,M1,1,0
1,-2.2,GO:0006366,transcription by RNA polymerase II,M1,1,0
1,-2.3,GO:0006163,purine nucleotide metabolic process,M1,1,0
1,-2.4,GO:2001251,negative regulation of chromosome organization,M1,1,0
1,-2.1,GO:0043086,negative regulation of catalytic activity,M1,1,0
1,-3.7,GO:0018193,peptidyl-amino acid modification,M1,1,0
1,-2.9,GO:0046496,nicotinamide nucleotide metabolic process,M1,1,0
1,-2.9,GO:0033044,regulation of chromosome organization,M1,1,0
1,-4,GO:0034599,cellular response to oxidative stress,M1,1,0
1,-2.7,GO:0010639,negative regulation of organelle organization,M1,1,0
1,-2.2,GO:0055086,nucleobase-containing small molecule metabolic process,M1,1,0
1,-2.9,GO:0019362,pyridine nucleotide metabolic process,M1,1,0
1,-2.7,GO:0071826,protein-RNA complex organization,M1,1,0
1,-2.2,GO:0046365,monosaccharide catabolic process,M1,1,0
1,-2.7,GO:0048538,thymus development,M1,1,0
1,-2,GO:0009199,ribonucleoside triphosphate metabolic process,M1,1,0
1,-2.4,GO:0038096,Fc-gamma receptor signaling pathway involved in phagocytosis,M1,1,0
1,-3.9,GO:0006979,response to oxidative stress,M1,1,0
1,-3.1,GO:0022618,protein-RNA complex assembly,M1,1,0
1,-2.4,GO:0070507,regulation of microtubule cytoskeleton organization,M1,1,0
1,-2.4,GO:0002431,Fc receptor mediated stimulatory signaling pathway,M1,1,0
1,-3.1,GO:0000302,response to reactive oxygen species,M1,1,0
1,-2,GO:0006446,regulation of translational initiation,M1,1,0
1,-2.5,GO:0042770,signal transduction in response to DNA damage,M1,1,0
1,-2.4,GO:0002433,immune response-regulating cell surface receptor signaling pathway involved in phagocytosis,M1,1,0
1,-3.2,GO:0051276,chromosome organization,M1,1,0
