_MEMBER_Protein,_LogP_Protein,GO,Description,_PATTERN_,_RANK_,CHILD_GO_Protein
1,-5.727851289591887,GO:0065007,biological regulation,M1,1,GO:0042391 regulation of membrane potential
1,-4.079721597265876,GO:0050896,response to stimulus,M1,1,GO:0034614 cellular response to reactive oxygen species
1,-3.729842999740437,GO:0009987,cellular process,M1,1,GO:0018193 peptidyl-amino acid modification
1,-2.892468546339645,GO:0050789,regulation of biological process,M1,1,GO:0033044 regulation of chromosome organization
1,-2.7231785169692344,GO:0048519,negative regulation of biological process,M1,1,GO:0010639 negative regulation of organelle organization
1,-2.6945703775432035,GO:0002376,immune system process,M1,1,GO:0048538 thymus development
1,-2.6907455213776066,GO:0048518,positive regulation of biological process,M1,1,GO:0045931 positive regulation of mitotic cell cycle
1,-2.4128013605629226,GO:0042592,homeostatic process,M1,1,GO:0045454 cell redox homeostasis
1,-2.004038195134304,GO:0098754,detoxification,M1,1,GO:0098869 cellular oxidant detoxification
