Name,Category,CategoryID,GO,Description,PARENT_GO,LogP,Enrichment,Z-score,#TotalGeneInLibrary,#GeneInGO,#GeneInHitList,#GeneInGOAndHitList,%InGO,STDV %InGO,GeneID,Hits,Log(q-value)
Protein,GO Biological Processes,19,GO:0051493,regulation of cytoskeleton organization,19_GO:0050789 regulation of biological process,-3.6,5,4.9,795,33,34,7,21,6.9,2242|3636|4035|5829|5921|7454|9270,FES|INPPL1|LRP1|PXN|RASA1|WAS|ITGB1BP1,-0.18
Protein,GO Biological Processes,19,GO:0010389,regulation of G2/M transition of mitotic cell cycle,19_GO:0050789 regulation of biological process,-3.6,18,7,795,4,34,3,8.8,4.9,4683|50484|63967,NBN|RRM2B|CLSPN,-0.18
Protein,GO Biological Processes,19,GO:1902903,regulation of supramolecular fiber organization,19_GO:0050789 regulation of biological process,-3.5,5.8,5.1,795,24,34,6,18,6.5,2242|3636|5829|5921|7454|9270,FES|INPPL1|PXN|RASA1|WAS|ITGB1BP1,-0.18
Protein,GO Biological Processes,19,GO:0062197,cellular response to chemical stress,19_GO:0050896 response to stimulus,-3.4,5.6,4.9,795,25,34,6,18,6.5,2056|2308|4846|5829|8575|9131,EPO|FOXO1|NOS3|PXN|PRKRA|AIFM1,-0.18
Protein,GO Biological Processes,19,GO:0032956,regulation of actin cytoskeleton organization,19_GO:0050789 regulation of biological process,-3.4,5.6,4.9,795,25,34,6,18,6.5,3636|4035|5829|5921|7454|9270,INPPL1|LRP1|PXN|RASA1|WAS|ITGB1BP1,-0.18
Protein,GO Biological Processes,19,GO:0032970,regulation of actin filament-based process,19_GO:0050789 regulation of biological process,-3.3,5.4,4.8,795,26,34,6,18,6.5,3636|4035|5829|5921|7454|9270,INPPL1|LRP1|PXN|RASA1|WAS|ITGB1BP1,-0.14
Protein,GO Biological Processes,19,GO:0110053,regulation of actin filament organization,19_GO:0050789 regulation of biological process,-3.2,6.5,5,795,18,34,5,15,6.1,3636|5829|5921|7454|9270,INPPL1|PXN|RASA1|WAS|ITGB1BP1,-0.11
Protein,GO Biological Processes,19,GO:1902532,negative regulation of intracellular signal transduction,19_GO:0048519 negative regulation of biological process,-3.2,3.8,4.3,795,49,34,8,24,7.3,637|2056|2308|4035|5495|9270|50484|55914,BID|EPO|FOXO1|LRP1|PPM1B|ITGB1BP1|RRM2B|ERBIN,-0.11
Protein,GO Biological Processes,19,GO:0034599,cellular response to oxidative stress,19_GO:0050896 response to stimulus,-3,5.8,4.6,795,20,34,5,15,6.1,2308|4846|5829|8575|9131,FOXO1|NOS3|PXN|PRKRA|AIFM1,0
Protein,GO Biological Processes,19,GO:1902749,regulation of cell cycle G2/M phase transition,19_GO:0050789 regulation of biological process,-2.9,12,5.6,795,6,34,3,8.8,4.9,4683|50484|63967,NBN|RRM2B|CLSPN,0
Protein,GO Biological Processes,19,GO:0006605,protein targeting,19_GO:0051179 localization,-2.7,10,5.1,795,7,34,3,8.8,4.9,637|9131|55914,BID|AIFM1|ERBIN,0
Protein,GO Biological Processes,19,GO:0006979,response to oxidative stress,19_GO:0050896 response to stimulus,-2.6,4,3.8,795,35,34,6,18,6.5,2308|4846|5829|8575|9131|50484,FOXO1|NOS3|PXN|PRKRA|AIFM1|RRM2B,0
Protein,GO Biological Processes,19,GO:0110020,regulation of actomyosin structure organization,19_GO:0050789 regulation of biological process,-2.5,8.8,4.7,795,8,34,3,8.8,4.9,5829|7454|9270,PXN|WAS|ITGB1BP1,0
Protein,GO Biological Processes,19,GO:0051492,regulation of stress fiber assembly,19_GO:0050789 regulation of biological process,-2.5,8.8,4.7,795,8,34,3,8.8,4.9,5829|7454|9270,PXN|WAS|ITGB1BP1,0
Protein,GO Biological Processes,19,GO:0010638,positive regulation of organelle organization,19_GO:0048518 positive regulation of biological process,-2.5,3.8,3.7,795,37,34,6,18,6.5,637|685|2242|4683|5829|9270,BID|BTC|FES|NBN|PXN|ITGB1BP1,0
Protein,GO Biological Processes,19,GO:0007005,mitochondrion organization,19_GO:0009987 cellular process,-2.5,5.8,4.1,795,16,34,4,12,5.5,637|4846|9131|50484,BID|NOS3|AIFM1|RRM2B,0
Protein,GO Biological Processes,19,GO:0045732,positive regulation of protein catabolic process,19_GO:0048518 positive regulation of biological process,-2.5,5.8,4.1,795,16,34,4,12,5.5,1453|2308|4035|51667,CSNK1D|FOXO1|LRP1|NUB1,0
Protein,GO Biological Processes,19,GO:1901990,regulation of mitotic cell cycle phase transition,19_GO:0050789 regulation of biological process,-2.3,5.5,4,795,17,34,4,12,5.5,637|4683|50484|63967,BID|NBN|RRM2B|CLSPN,0
Protein,GO Biological Processes,19,GO:2001242,regulation of intrinsic apoptotic signaling pathway,19_GO:0050896 response to stimulus,-2.3,5.5,4,795,17,34,4,12,5.5,637|2056|8575|50484,BID|EPO|PRKRA|RRM2B,0
Protein,GO Biological Processes,19,GO:0031669,cellular response to nutrient levels,19_GO:0050896 response to stimulus,-2.3,5.5,4,795,17,34,4,12,5.5,2242|2308|4149|5564,FES|FOXO1|MAX|PRKAB1,0
Protein,GO Biological Processes,19,GO:0002862,negative regulation of inflammatory response to antigenic stimulus,19_GO:0002376 immune system process,-2.3,7.8,4.3,795,9,34,3,8.8,4.9,2268|5682|7525,FGR|PSMA1|YES1,0
Protein,GO Biological Processes,19,GO:0032231,regulation of actin filament bundle assembly,19_GO:0050789 regulation of biological process,-2.3,7.8,4.3,795,9,34,3,8.8,4.9,5829|7454|9270,PXN|WAS|ITGB1BP1,0
Protein,GO Biological Processes,19,GO:1903047,mitotic cell cycle process,19_GO:0009987 cellular process,-2.2,4.9,3.7,795,19,34,4,12,5.5,3636|4683|5921|63967,INPPL1|NBN|RASA1|CLSPN,0
Protein,GO Biological Processes,19,GO:0007163,establishment or maintenance of cell polarity,19_GO:0009987 cellular process,-2.2,7,4,795,10,34,3,8.8,4.9,3636|5754|55914,INPPL1|PTK7|ERBIN,0
Protein,GO Biological Processes,19,GO:2001243,negative regulation of intrinsic apoptotic signaling pathway,19_GO:0048519 negative regulation of biological process,-2.2,7,4,795,10,34,3,8.8,4.9,637|2056|50484,BID|EPO|RRM2B,0
Protein,GO Biological Processes,19,GO:0010976,positive regulation of neuron projection development,19_GO:0032502 developmental process,-2.1,4.7,3.5,795,20,34,4,12,5.5,2056|2242|4086|5754,EPO|FES|SMAD1|PTK7,0
Protein,GO Biological Processes,19,GO:1901987,regulation of cell cycle phase transition,19_GO:0050789 regulation of biological process,-2.1,4.7,3.5,795,20,34,4,12,5.5,637|4683|50484|63967,BID|NBN|RRM2B|CLSPN,0
Protein,GO Biological Processes,19,GO:0006281,DNA repair,19_GO:0050896 response to stimulus,-2,6.4,3.8,795,11,34,3,8.8,4.9,4683|50484|63967,NBN|RRM2B|CLSPN,0
Protein,GO Biological Processes,19,GO:0042770,signal transduction in response to DNA damage,19_GO:0050896 response to stimulus,-2,6.4,3.8,795,11,34,3,8.8,4.9,637|4683|63967,BID|NBN|CLSPN,0
Protein,GO Biological Processes,19,GO:0042176,regulation of protein catabolic process,19_GO:0050789 regulation of biological process,-2,4.5,3.4,795,21,34,4,12,5.5,1453|2308|4035|51667,CSNK1D|FOXO1|LRP1|NUB1,0
Protein_MCODE_ALL,GO Biological Processes,19,GO:0007169,cell surface receptor protein tyrosine kinase signaling pathway,19_GO:0050896 response to stimulus,-4,9.9,6,795,80,4,4,1e+02,22,685|5829|5921|7525,BTC|PXN|RASA1|YES1,-0.18
Protein_MCODE_ALL,GO Biological Processes,19,GO:0007167,enzyme-linked receptor protein signaling pathway,19_GO:0050896 response to stimulus,-3.4,7,4.9,795,114,4,4,1e+02,22,685|5829|5921|7525,BTC|PXN|RASA1|YES1,-0.18
Protein_SUB1_MCODE_1,GO Biological Processes,19,GO:0007169,cell surface receptor protein tyrosine kinase signaling pathway,19_GO:0050896 response to stimulus,-4,9.9,6,795,80,4,4,1e+02,22,685|5829|5921|7525,BTC|PXN|RASA1|YES1,-0.18
Protein_SUB1_MCODE_1,GO Biological Processes,19,GO:0007167,enzyme-linked receptor protein signaling pathway,19_GO:0050896 response to stimulus,-3.4,7,4.9,795,114,4,4,1e+02,22,685|5829|5921|7525,BTC|PXN|RASA1|YES1,-0.18
