_MEMBER_Protein,_LogP_Protein,GO,_PATTERN_,_RANK_,GiniIndex,Category,CategoryID,Description,PARENT_GO,LogP,Enrichment,Z-score,#TotalGeneInLibrary,#GeneInGO,#GeneInHitList,#GeneInGOAndHitList,%InGO,STDV %InGO,GeneID,Hits,Log(q-value),EvidenceCutoff,GROUP_ID,FirstInGroupByEnrichment,FirstInGroupByLogP,BestLogPInGroup,BestEnrichmentInGroup,URL
1,-3.9265526234302244,GO:0008088,M1,1,0,GO Biological Processes,19,axo-dendritic transport,19_GO:0051179 localization,-3.9265526234302244,19.875,7.534453691160523,795,3,40,3,7.5,4.164582812239421,3315|4137|4747,HSPB1|MAPT|NEFL,-0.05550536212472495,0,1,1,1,-3.9265526234302244,19.875,
1,-3.9265526234302244,GO:0098930,M1,1,0,GO Biological Processes,19,axonal transport,19_GO:0051179 localization,-3.9265526234302244,19.875,7.534453691160523,795,3,40,3,7.5,4.164582812239421,3315|4137|4747,HSPB1|MAPT|NEFL,-0.05550536212472495,0,1,0,0,-3.9265526234302244,19.875,
1,-3.339982366293306,GO:0007018,M1,1,0,GO Biological Processes,19,microtubule-based movement,19_GO:0009987 cellular process,-3.339982366293306,14.90625,6.413846436745147,795,4,40,3,7.5,4.164582812239421,3315|4137|4747,HSPB1|MAPT|NEFL,0.0,0,1,0,0,-3.9265526234302244,19.875,
1,-3.339982366293306,GO:0010970,M1,1,0,GO Biological Processes,19,transport along microtubule,19_GO:0051179 localization,-3.339982366293306,14.90625,6.413846436745147,795,4,40,3,7.5,4.164582812239421,3315|4137|4747,HSPB1|MAPT|NEFL,0.0,0,1,0,0,-3.9265526234302244,19.875,
1,-3.339982366293306,GO:0030705,M1,1,0,GO Biological Processes,19,cytoskeleton-dependent intracellular transport,19_GO:0051179 localization,-3.339982366293306,14.90625,6.413846436745147,795,4,40,3,7.5,4.164582812239421,3315|4137|4747,HSPB1|MAPT|NEFL,0.0,0,1,0,0,-3.9265526234302244,19.875,
1,-3.339982366293306,GO:0099111,M1,1,0,GO Biological Processes,19,microtubule-based transport,19_GO:0051179 localization,-3.339982366293306,14.90625,6.413846436745147,795,4,40,3,7.5,4.164582812239421,3315|4137|4747,HSPB1|MAPT|NEFL,0.0,0,1,0,0,-3.9265526234302244,19.875,
1,-2.094866174542001,GO:0051258,M1,1,0,GO Biological Processes,19,protein polymerization,19_GO:0009987 cellular process,-2.094866174542001,6.625,3.903905348859362,795,9,40,3,7.5,4.164582812239421,4137|4747|8936,MAPT|NEFL|WASF1,0.0,0,1,0,0,-3.9265526234302244,19.875,
1,-2.094866174542001,GO:0002862,M1,1,0,GO Biological Processes,19,negative regulation of inflammatory response to antigenic stimulus,19_GO:0002376 immune system process,-2.094866174542001,6.625,3.903905348859362,795,9,40,3,7.5,4.164582812239421,3593|5682|6714,IL12B|PSMA1|SRC,0.0,0,2,1,1,-2.094866174542001,6.625,
1,-2.094866174542001,GO:0051385,M1,1,0,GO Biological Processes,19,response to mineralocorticoid,19_GO:0050896 response to stimulus,-2.094866174542001,6.625,3.903905348859362,795,9,40,3,7.5,4.164582812239421,2354|4747|6714,FOSB|NEFL|SRC,0.0,0,3,1,1,-2.094866174542001,6.625,
1,-2.094866174542001,GO:1901292,M1,1,0,GO Biological Processes,19,nucleoside phosphate catabolic process,19_GO:0009987 cellular process,-2.094866174542001,6.625,3.903905348859362,795,9,40,3,7.5,4.164582812239421,954|2272|4907,ENTPD2|FHIT|NT5E,0.0,0,4,1,1,-2.094866174542001,6.625,
1,-2.094514621426824,GO:0090287,M1,1,0,GO Biological Processes,19,regulation of cellular response to growth factor stimulus,19_GO:0050896 response to stimulus,-2.094514621426824,3.222972972972973,3.1854237431766586,795,37,40,6,15.0,5.645794895318108,2348|3491|3593|8936|9289|10563,FOLR1|CCN1|IL12B|WASF1|ADGRG1|CXCL13,0.0,0,5,1,1,-2.094514621426824,3.222972972972973,
1,-2.0891275598951156,GO:0001649,M1,1,0,GO Biological Processes,19,osteoblast differentiation,19_GO:0032502 developmental process,-2.0891275598951156,4.676470588235294,3.524784168802176,795,17,40,4,10.0,4.743416490252569,3491|4086|5608|8840,CCN1|SMAD1|MAP2K6|CCN4,0.0,0,6,1,1,-2.0891275598951156,4.676470588235294,
