Category,CategoryID,GO,Description,PARENT_GO,LogP,Enrichment,Z-score,#TotalGeneInLibrary,#GeneInGO,#GeneInHitList,#GeneInGOAndHitList,%InGO,STDV %InGO,GeneID,Hits,Log(q-value),GeneList
GO Biological Processes,19,GO:0098930,axonal transport,19_GO:0051179 localization,-3.9,20,7.5,795,3,40,3,7.5,4.2,3315|4137|4747,HSPB1|MAPT|NEFL,-0.056,Protein
GO Biological Processes,19,GO:0008088,axo-dendritic transport,19_GO:0051179 localization,-3.9,20,7.5,795,3,40,3,7.5,4.2,3315|4137|4747,HSPB1|MAPT|NEFL,-0.056,Protein
GO Biological Processes,19,GO:0007018,microtubule-based movement,19_GO:0009987 cellular process,-3.3,15,6.4,795,4,40,3,7.5,4.2,3315|4137|4747,HSPB1|MAPT|NEFL,0,Protein
GO Biological Processes,19,GO:0099111,microtubule-based transport,19_GO:0051179 localization,-3.3,15,6.4,795,4,40,3,7.5,4.2,3315|4137|4747,HSPB1|MAPT|NEFL,0,Protein
GO Biological Processes,19,GO:0030705,cytoskeleton-dependent intracellular transport,19_GO:0051179 localization,-3.3,15,6.4,795,4,40,3,7.5,4.2,3315|4137|4747,HSPB1|MAPT|NEFL,0,Protein
GO Biological Processes,19,GO:0010970,transport along microtubule,19_GO:0051179 localization,-3.3,15,6.4,795,4,40,3,7.5,4.2,3315|4137|4747,HSPB1|MAPT|NEFL,0,Protein
GO Biological Processes,19,GO:0051385,response to mineralocorticoid,19_GO:0050896 response to stimulus,-2.1,6.6,3.9,795,9,40,3,7.5,4.2,2354|4747|6714,FOSB|NEFL|SRC,0,Protein
GO Biological Processes,19,GO:1901292,nucleoside phosphate catabolic process,19_GO:0009987 cellular process,-2.1,6.6,3.9,795,9,40,3,7.5,4.2,954|2272|4907,ENTPD2|FHIT|NT5E,0,Protein
GO Biological Processes,19,GO:0002862,negative regulation of inflammatory response to antigenic stimulus,19_GO:0002376 immune system process,-2.1,6.6,3.9,795,9,40,3,7.5,4.2,3593|5682|6714,IL12B|PSMA1|SRC,0,Protein
GO Biological Processes,19,GO:0051258,protein polymerization,19_GO:0009987 cellular process,-2.1,6.6,3.9,795,9,40,3,7.5,4.2,4137|4747|8936,MAPT|NEFL|WASF1,0,Protein
GO Biological Processes,19,GO:0090287,regulation of cellular response to growth factor stimulus,19_GO:0050896 response to stimulus,-2.1,3.2,3.2,795,37,40,6,15,5.6,2348|3491|3593|8936|9289|10563,FOLR1|CCN1|IL12B|WASF1|ADGRG1|CXCL13,0,Protein
GO Biological Processes,19,GO:0001649,osteoblast differentiation,19_GO:0032502 developmental process,-2.1,4.7,3.5,795,17,40,4,10,4.7,3491|4086|5608|8840,CCN1|SMAD1|MAP2K6|CCN4,0,Protein
