_MEMBER_Protein,_LogP_Protein,GO,Description,_PATTERN_,_RANK_,CHILD_GO_Protein
1,-3.9265526234302244,GO:0051179,localization,M1,1,GO:0098930 axonal transport
1,-3.339982366293306,GO:0009987,cellular process,M1,1,GO:0007018 microtubule-based movement
1,-2.094866174542001,GO:0002376,immune system process,M1,1,GO:0002862 negative regulation of inflammatory response to antigenic stimulus
1,-2.094866174542001,GO:0050896,response to stimulus,M1,1,GO:0051385 response to mineralocorticoid
1,-2.0891275598951156,GO:0032502,developmental process,M1,1,GO:0001649 osteoblast differentiation
