_MEMBER_Protein,_LogP_Protein,GO,Description,_PATTERN_,_RANK_,GiniIndex
1,-2.1,GO:0051258,protein polymerization,M1,1,0
1,-2.1,GO:0051385,response to mineralocorticoid,M1,1,0
1,-3.3,GO:0030705,cytoskeleton-dependent intracellular transport,M1,1,0
1,-2.1,GO:0090287,regulation of cellular response to growth factor stimulus,M1,1,0
1,-2.1,GO:0001649,osteoblast differentiation,M1,1,0
1,-3.9,GO:0098930,axonal transport,M1,1,0
1,-3.9,GO:0008088,axo-dendritic transport,M1,1,0
1,-3.3,GO:0010970,transport along microtubule,M1,1,0
1,-3.3,GO:0007018,microtubule-based movement,M1,1,0
1,-2.1,GO:1901292,nucleoside phosphate catabolic process,M1,1,0
1,-2.1,GO:0002862,negative regulation of inflammatory response to antigenic stimulus,M1,1,0
1,-3.3,GO:0099111,microtubule-based transport,M1,1,0
