_MEMBER_Protein,_LogP_Protein,GO,_PATTERN_,_RANK_,GiniIndex,Category,CategoryID,Description,PARENT_GO,LogP,Enrichment,Z-score,#TotalGeneInLibrary,#GeneInGO,#GeneInHitList,#GeneInGOAndHitList,%InGO,STDV %InGO,GeneID,Hits,Log(q-value),EvidenceCutoff,GROUP_ID,FirstInGroupByEnrichment,FirstInGroupByLogP,BestLogPInGroup,BestEnrichmentInGroup,URL
1,-3.463235369366556,GO:0051881,M1,1,0,GO Biological Processes,19,regulation of mitochondrial membrane potential,19_GO:0065007 biological regulation,-3.463235369366556,18.92857142857143,7.237764025792442,795,9,14,3,21.428571428571427,10.966421051124835,6648|6714|10935,SOD2|SRC|PRDX3,0.0,0,1,1,1,-3.463235369366556,18.92857142857143,
1,-3.1791436424162463,GO:0042542,M1,1,0,GO Biological Processes,19,response to hydrogen peroxide,19_GO:0050896 response to stimulus,-3.1791436424162463,15.487012987012987,6.473898897951151,795,11,14,3,21.428571428571427,10.966421051124835,6648|6714|10935,SOD2|SRC|PRDX3,0.0,0,1,0,0,-3.463235369366556,18.92857142857143,
1,-2.849205297281587,GO:0034614,M1,1,0,GO Biological Processes,19,cellular response to reactive oxygen species,19_GO:0050896 response to stimulus,-2.849205297281587,12.168367346938776,5.641270740276597,795,14,14,3,21.428571428571427,10.966421051124835,6648|6714|10935,SOD2|SRC|PRDX3,0.0,0,1,0,0,-3.463235369366556,18.92857142857143,
1,-2.6712443395084087,GO:0007005,M1,1,0,GO Biological Processes,19,mitochondrion organization,19_GO:0009987 cellular process,-2.6712443395084087,10.647321428571429,5.2161102607464525,795,16,14,3,21.428571428571427,10.966421051124835,6648|8936|10935,SOD2|WASF1|PRDX3,0.0,0,1,0,0,-3.463235369366556,18.92857142857143,
1,-2.6366683421186354,GO:0006979,M1,1,0,GO Biological Processes,19,response to oxidative stress,19_GO:0050896 response to stimulus,-2.6366683421186354,6.4897959183673475,4.444594844008555,795,35,14,4,28.571428571428573,12.07363221040738,3163|6648|6714|10935,HMOX2|SOD2|SRC|PRDX3,0.0,0,1,0,0,-3.463235369366556,18.92857142857143,
1,-2.591488137533977,GO:0042391,M1,1,0,GO Biological Processes,19,regulation of membrane potential,19_GO:0065007 biological regulation,-2.591488137533977,10.021008403361344,5.03081679015554,795,17,14,3,21.428571428571427,10.966421051124835,6648|6714|10935,SOD2|SRC|PRDX3,0.0,0,1,0,0,-3.463235369366556,18.92857142857143,
1,-2.380793427012987,GO:0000302,M1,1,0,GO Biological Processes,19,response to reactive oxygen species,19_GO:0050896 response to stimulus,-2.380793427012987,8.517857142857142,4.556243934651489,795,20,14,3,21.428571428571427,10.966421051124835,6648|6714|10935,SOD2|SRC|PRDX3,0.0,0,1,0,0,-3.463235369366556,18.92857142857143,
1,-2.380793427012987,GO:0034599,M1,1,0,GO Biological Processes,19,cellular response to oxidative stress,19_GO:0050896 response to stimulus,-2.380793427012987,8.517857142857142,4.556243934651489,795,20,14,3,21.428571428571427,10.966421051124835,6648|6714|10935,SOD2|SRC|PRDX3,0.0,0,1,0,0,-3.463235369366556,18.92857142857143,
1,-2.0988287913140864,GO:0062197,M1,1,0,GO Biological Processes,19,cellular response to chemical stress,19_GO:0050896 response to stimulus,-2.0988287913140864,6.814285714285714,3.952480746681603,795,25,14,3,21.428571428571427,10.966421051124835,6648|6714|10935,SOD2|SRC|PRDX3,0.0,0,1,0,0,-3.463235369366556,18.92857142857143,
1,-2.9530499131735497,GO:0018193,M1,1,0,GO Biological Processes,19,peptidyl-amino acid modification,19_GO:0009987 cellular process,-2.9530499131735497,7.832512315270937,5.015494856938093,795,29,14,4,28.571428571428573,12.07363221040738,6714|6733|10935|254042,SRC|SRPK2|PRDX3|METAP1D,0.0,0,2,1,1,-2.9530499131735497,7.832512315270937,
1,-2.300378891334078,GO:0001666,M1,1,0,GO Biological Processes,19,response to hypoxia,19_GO:0050896 response to stimulus,-2.300378891334078,5.282392026578074,3.863318211851203,795,43,14,4,28.571428571428573,12.07363221040738,3163|6648|6714|10397,HMOX2|SOD2|SRC|NDRG1,0.0,0,3,1,1,-2.300378891334078,5.282392026578074,
1,-2.300378891334078,GO:0036293,M1,1,0,GO Biological Processes,19,response to decreased oxygen levels,19_GO:0050896 response to stimulus,-2.300378891334078,5.282392026578074,3.863318211851203,795,43,14,4,28.571428571428573,12.07363221040738,3163|6648|6714|10397,HMOX2|SOD2|SRC|NDRG1,0.0,0,3,0,0,-2.300378891334078,5.282392026578074,
1,-2.227598640525515,GO:0070482,M1,1,0,GO Biological Processes,19,response to oxygen levels,19_GO:0050896 response to stimulus,-2.227598640525515,5.047619047619048,3.7404513310548833,795,45,14,4,28.571428571428573,12.07363221040738,3163|6648|6714|10397,HMOX2|SOD2|SRC|NDRG1,0.0,0,3,0,0,-2.300378891334078,5.282392026578074,
