Gene,_SCORE_GRP2_,_SCORE_GRP3_,_SCORE_GRP1_,GRP1|19_GO:0006979|-2.637|response to oxidative stress,GRP1|19_GO:0042542|-3.179|response to hydrogen peroxide,GRP1|19_GO:0051881|-3.463|regulation of mitochondrial membrane potential,GRP1|19_GO:0034614|-2.849|cellular response to reactive oxygen species,GRP1|19_GO:0042391|-2.591|regulation of membrane potential,GRP1|19_GO:0000302|-2.381|response to reactive oxygen species,GRP1|19_GO:0034599|-2.381|cellular response to oxidative stress,GRP1|19_GO:0062197|-2.099|cellular response to chemical stress,GRP1|19_GO:0007005|-2.671|mitochondrion organization,GRP2|19_GO:0018193|-2.953|peptidyl-amino acid modification,GRP3|19_GO:0036293|-2.300|response to decreased oxygen levels,GRP3|19_GO:0001666|-2.300|response to hypoxia,GRP3|19_GO:0070482|-2.228|response to oxygen levels,_SORT_,_SORT_GRP1_,_SORT_GRP2_,_SORT_GRP3_
8936,0.0,0.0,0.1111111111111111,0.0,0.0,0.0,0.0,0.0,0.0,0.0,0.0,0.1,0.0,0.0,0.0,0.0,8,5,0,0
3163,0.0,1.0,0.1111111111111111,0.1,0.0,0.0,0.0,0.0,0.0,0.0,0.0,0.0,0.0,0.1,0.1,0.1,6,4,0,2
6648,0.0,1.0,1.0,0.1,0.2,0.2,0.1,0.1,0.1,0.1,0.1,0.1,0.0,0.1,0.1,0.1,5,2,0,1
254042,1.0,0.0,0.0,0.0,0.0,0.0,0.0,0.0,0.0,0.0,0.0,0.0,0.1,0.0,0.0,0.0,4,0,2,0
6733,1.0,0.0,0.0,0.0,0.0,0.0,0.0,0.0,0.0,0.0,0.0,0.0,0.1,0.0,0.0,0.0,3,0,1,0
6714,1.0,1.0,0.8888888888888888,0.1,0.2,0.2,0.1,0.1,0.1,0.1,0.1,0.0,0.1,0.1,0.1,0.1,1,3,3,3
10935,1.0,0.0,1.0,0.1,0.2,0.2,0.1,0.1,0.1,0.1,0.1,0.1,0.1,0.0,0.0,0.0,2,1,4,0
10397,0.0,1.0,0.0,0.0,0.0,0.0,0.0,0.0,0.0,0.0,0.0,0.0,0.0,0.1,0.1,0.1,7,0,0,4
