Category,CategoryID,GO,Description,PARENT_GO,LogP,Enrichment,Z-score,#TotalGeneInLibrary,#GeneInGO,#GeneInHitList,#GeneInGOAndHitList,%InGO,STDV %InGO,GeneID,Hits,Log(q-value),GeneList
GO Biological Processes,19,GO:0051881,regulation of mitochondrial membrane potential,19_GO:0065007 biological regulation,-3.5,19,7.2,795,9,14,3,21,11,6648|6714|10935,SOD2|SRC|PRDX3,0,Protein
GO Biological Processes,19,GO:0042542,response to hydrogen peroxide,19_GO:0050896 response to stimulus,-3.2,15,6.5,795,11,14,3,21,11,6648|6714|10935,SOD2|SRC|PRDX3,0,Protein
GO Biological Processes,19,GO:0018193,peptidyl-amino acid modification,19_GO:0009987 cellular process,-3,7.8,5,795,29,14,4,29,12,6714|6733|10935|254042,SRC|SRPK2|PRDX3|METAP1D,0,Protein
GO Biological Processes,19,GO:0034614,cellular response to reactive oxygen species,19_GO:0050896 response to stimulus,-2.8,12,5.6,795,14,14,3,21,11,6648|6714|10935,SOD2|SRC|PRDX3,0,Protein
GO Biological Processes,19,GO:0007005,mitochondrion organization,19_GO:0009987 cellular process,-2.7,11,5.2,795,16,14,3,21,11,6648|8936|10935,SOD2|WASF1|PRDX3,0,Protein
GO Biological Processes,19,GO:0006979,response to oxidative stress,19_GO:0050896 response to stimulus,-2.6,6.5,4.4,795,35,14,4,29,12,3163|6648|6714|10935,HMOX2|SOD2|SRC|PRDX3,0,Protein
GO Biological Processes,19,GO:0042391,regulation of membrane potential,19_GO:0065007 biological regulation,-2.6,10,5,795,17,14,3,21,11,6648|6714|10935,SOD2|SRC|PRDX3,0,Protein
GO Biological Processes,19,GO:0000302,response to reactive oxygen species,19_GO:0050896 response to stimulus,-2.4,8.5,4.6,795,20,14,3,21,11,6648|6714|10935,SOD2|SRC|PRDX3,0,Protein
GO Biological Processes,19,GO:0034599,cellular response to oxidative stress,19_GO:0050896 response to stimulus,-2.4,8.5,4.6,795,20,14,3,21,11,6648|6714|10935,SOD2|SRC|PRDX3,0,Protein
GO Biological Processes,19,GO:0036293,response to decreased oxygen levels,19_GO:0050896 response to stimulus,-2.3,5.3,3.9,795,43,14,4,29,12,3163|6648|6714|10397,HMOX2|SOD2|SRC|NDRG1,0,Protein
GO Biological Processes,19,GO:0001666,response to hypoxia,19_GO:0050896 response to stimulus,-2.3,5.3,3.9,795,43,14,4,29,12,3163|6648|6714|10397,HMOX2|SOD2|SRC|NDRG1,0,Protein
GO Biological Processes,19,GO:0070482,response to oxygen levels,19_GO:0050896 response to stimulus,-2.2,5,3.7,795,45,14,4,29,12,3163|6648|6714|10397,HMOX2|SOD2|SRC|NDRG1,0,Protein
GO Biological Processes,19,GO:0062197,cellular response to chemical stress,19_GO:0050896 response to stimulus,-2.1,6.8,4,795,25,14,3,21,11,6648|6714|10935,SOD2|SRC|PRDX3,0,Protein
