_MEMBER_Protein,_LogP_Protein,GO,Description,_PATTERN_,_RANK_,GiniIndex
1,-3.5,GO:0051881,regulation of mitochondrial membrane potential,M1,1,0
1,-2.7,GO:0007005,mitochondrion organization,M1,1,0
1,-3.2,GO:0042542,response to hydrogen peroxide,M1,1,0
1,-2.4,GO:0000302,response to reactive oxygen species,M1,1,0
1,-2.3,GO:0036293,response to decreased oxygen levels,M1,1,0
1,-2.8,GO:0034614,cellular response to reactive oxygen species,M1,1,0
1,-2.4,GO:0034599,cellular response to oxidative stress,M1,1,0
1,-2.3,GO:0001666,response to hypoxia,M1,1,0
1,-2.2,GO:0070482,response to oxygen levels,M1,1,0
1,-2.6,GO:0006979,response to oxidative stress,M1,1,0
1,-2.1,GO:0062197,cellular response to chemical stress,M1,1,0
1,-2.6,GO:0042391,regulation of membrane potential,M1,1,0
1,-3,GO:0018193,peptidyl-amino acid modification,M1,1,0
