Name,Category,CategoryID,GO,Description,PARENT_GO,LogP,Enrichment,Z-score,#TotalGeneInLibrary,#GeneInGO,#GeneInHitList,#GeneInGOAndHitList,%InGO,STDV %InGO,GeneID,Hits,Log(q-value)
Protein,GO Biological Processes,19,GO:0050927,positive regulation of positive chemotaxis,19_GO:0040011 locomotion,-3.5,11,6,795,12,25,4,16,7.3,2152|2277|3603|5228,F3|VEGFD|IL16|PGF,0
Protein,GO Biological Processes,19,GO:0040017,positive regulation of locomotion,19_GO:0040011 locomotion,-3.4,3.2,4.2,795,100,25,10,40,9.8,284|1839|2152|2277|3162|3603|4254|4316|5228|7010,ANGPT1|HBEGF|F3|VEGFD|HMOX1|IL16|KITLG|MMP7|PGF|TEK,0
Protein,GO Biological Processes,19,GO:0050926,regulation of positive chemotaxis,19_GO:0040011 locomotion,-3.3,9.8,5.8,795,13,25,4,16,7.3,2152|2277|3603|5228,F3|VEGFD|IL16|PGF,0
Protein,GO Biological Processes,19,GO:0050820,positive regulation of coagulation,19_GO:0032501 multicellular organismal process,-3.3,16,6.6,795,6,25,3,12,6.5,284|2152|7056,ANGPT1|F3|THBD,0
Protein,GO Biological Processes,19,GO:0002040,sprouting angiogenesis,19_GO:0032502 developmental process,-2.9,7.5,4.9,795,17,25,4,16,7.3,284|2277|5228|7010,ANGPT1|VEGFD|PGF|TEK,0
Protein,GO Biological Processes,19,GO:0030335,positive regulation of cell migration,19_GO:0040011 locomotion,-2.8,2.9,3.7,795,98,25,9,36,9.6,284|1839|2152|2277|3162|4254|4316|5228|7010,ANGPT1|HBEGF|F3|VEGFD|HMOX1|KITLG|MMP7|PGF|TEK,0
Protein,GO Biological Processes,19,GO:2000147,positive regulation of cell motility,19_GO:0040011 locomotion,-2.8,2.9,3.7,795,98,25,9,36,9.6,284|1839|2152|2277|3162|4254|4316|5228|7010,ANGPT1|HBEGF|F3|VEGFD|HMOX1|KITLG|MMP7|PGF|TEK,0
Protein,GO Biological Processes,19,GO:0050930,induction of positive chemotaxis,19_GO:0040011 locomotion,-2.7,11,5.2,795,9,25,3,12,6.5,2277|3603|5228,VEGFD|IL16|PGF,0
Protein,GO Biological Processes,19,GO:0090303,positive regulation of wound healing,19_GO:0048518 positive regulation of biological process,-2.7,11,5.2,795,9,25,3,12,6.5,1839|2152|7056,HBEGF|F3|THBD,0
Protein,GO Biological Processes,19,GO:0050818,regulation of coagulation,19_GO:0032501 multicellular organismal process,-2.4,8.7,4.6,795,11,25,3,12,6.5,284|2152|7056,ANGPT1|F3|THBD,0
Protein,GO Biological Processes,19,GO:0050829,defense response to Gram-negative bacterium,19_GO:0044419 biological process involved in interspecies interaction between organisms,-2.2,7.3,4.1,795,13,25,3,12,6.5,133|920|4316,ADM|CD4|MMP7,0
Protein,GO Biological Processes,19,GO:0008625,extrinsic apoptotic signaling pathway via death domain receptors,19_GO:0050896 response to stimulus,-2.2,7.3,4.1,795,13,25,3,12,6.5,6272|8795|8797,SORT1|TNFRSF10B|TNFRSF10A,0
Protein,GO Biological Processes,19,GO:0043114,regulation of vascular permeability,19_GO:0032501 multicellular organismal process,-2.2,7.3,4.1,795,13,25,3,12,6.5,133|284|7010,ADM|ANGPT1|TEK,0
Protein,GO Biological Processes,19,GO:0032147,activation of protein kinase activity,19_GO:0048518 positive regulation of biological process,-2.2,7.3,4.1,795,13,25,3,12,6.5,284|8795|8797,ANGPT1|TNFRSF10B|TNFRSF10A,0
Protein,GO Biological Processes,19,GO:1903036,positive regulation of response to wounding,19_GO:0048518 positive regulation of biological process,-2.2,7.3,4.1,795,13,25,3,12,6.5,1839|2152|7056,HBEGF|F3|THBD,0
Protein,GO Biological Processes,19,GO:0001934,positive regulation of protein phosphorylation,19_GO:0048518 positive regulation of biological process,-2.1,2.8,3.1,795,79,25,7,28,9,284|920|1839|4254|7010|8795|8797,ANGPT1|CD4|HBEGF|KITLG|TEK|TNFRSF10B|TNFRSF10A,0
Protein,GO Biological Processes,19,GO:0007169,cell surface receptor protein tyrosine kinase signaling pathway,19_GO:0050896 response to stimulus,-2.1,2.8,3,795,80,25,7,28,9,284|920|1839|2277|5228|6272|7010,ANGPT1|CD4|HBEGF|VEGFD|PGF|SORT1|TEK,0
Protein,GO Biological Processes,19,GO:0042327,positive regulation of phosphorylation,19_GO:0048518 positive regulation of biological process,-2,2.7,3,795,81,25,7,28,9,284|920|1839|4254|7010|8795|8797,ANGPT1|CD4|HBEGF|KITLG|TEK|TNFRSF10B|TNFRSF10A,0
Protein,GO Biological Processes,19,GO:0031401,positive regulation of protein modification process,19_GO:0048518 positive regulation of biological process,-2,2.7,3,795,82,25,7,28,9,284|920|1839|4254|7010|8795|8797,ANGPT1|CD4|HBEGF|KITLG|TEK|TNFRSF10B|TNFRSF10A,0
