Network,Annotation
Protein,GO:0009636|response to toxic substance|-5.2;GO:0045936|negative regulation of phosphate metabolic process|-5.2;GO:0010563|negative regulation of phosphorus metabolic process|-5.2
Protein_MCODE_ALL,GO:0009636|response to toxic substance|-4.8;GO:0051702|biological process involved in interaction with symbiont|-4.4;GO:0042744|hydrogen peroxide catabolic process|-4.1
Protein_SUB1_MCODE_1,GO:0019362|pyridine nucleotide metabolic process|-3.8;GO:0046496|nicotinamide nucleotide metabolic process|-3.8;GO:0072524|pyridine-containing compound metabolic process|-3.8
Protein_SUB1_MCODE_2,GO:0043922|negative regulation by host of viral transcription|-6.4;GO:0061844|antimicrobial humoral immune response mediated by antimicrobial peptide|-5.7;GO:0019730|antimicrobial humoral response|-5.6
Protein_SUB1_MCODE_4,GO:0071345|cellular response to cytokine stimulus|-2.3
