Name,Category,CategoryID,GO,Description,PARENT_GO,LogP,Enrichment,Z-score,#TotalGeneInLibrary,#GeneInGO,#GeneInHitList,#GeneInGOAndHitList,%InGO,STDV %InGO,GeneID,Hits,Log(q-value)
Protein,GO Biological Processes,19,GO:0009636,response to toxic substance,19_GO:0050896 response to stimulus,-5.2,3.9,5.6,795,22,111,12,11,2.9,216|1026|2950|4067|4747|5052|6348|6351|6648|9588|10935|25824,ALDH1A1|CDKN1A|GSTP1|LYN|NEFL|PRDX1|CCL3|CCL4|SOD2|PRDX6|PRDX3|PRDX5,-1.9
Protein,GO Biological Processes,19,GO:0045936,negative regulation of phosphate metabolic process,19_GO:0048519 negative regulation of biological process,-5.2,3.5,5.4,795,29,111,14,13,3.2,25|142|1026|1399|1981|2203|2950|4067|4869|5770|10935|11006|57103|84335,ABL1|PARP1|CDKN1A|CRKL|EIF4G1|FBP1|GSTP1|LYN|NPM1|PTPN1|PRDX3|LILRB4|TIGAR|AKT1S1,-1.9
Protein,GO Biological Processes,19,GO:0010563,negative regulation of phosphorus metabolic process,19_GO:0048519 negative regulation of biological process,-5.2,3.5,5.4,795,29,111,14,13,3.2,25|142|1026|1399|1981|2203|2950|4067|4869|5770|10935|11006|57103|84335,ABL1|PARP1|CDKN1A|CRKL|EIF4G1|FBP1|GSTP1|LYN|NPM1|PTPN1|PRDX3|LILRB4|TIGAR|AKT1S1,-1.9
Protein,GO Biological Processes,19,GO:1990748,cellular detoxification,19_GO:0098754 detoxification,-4.6,5.6,5.6,795,9,111,7,6.3,2.3,216|2950|5052|6648|9588|10935|25824,ALDH1A1|GSTP1|PRDX1|SOD2|PRDX6|PRDX3|PRDX5,-1.5
Protein,GO Biological Processes,19,GO:0098754,detoxification,19_GO:0098754 detoxification,-4.6,5.6,5.6,795,9,111,7,6.3,2.3,216|2950|5052|6648|9588|10935|25824,ALDH1A1|GSTP1|PRDX1|SOD2|PRDX6|PRDX3|PRDX5,-1.5
Protein,GO Biological Processes,19,GO:0051348,negative regulation of transferase activity,19_GO:0065007 biological regulation,-4.4,4.3,5.2,795,15,111,9,8.1,2.6,25|1026|2950|4067|4869|5770|10935|11006|84335,ABL1|CDKN1A|GSTP1|LYN|NPM1|PTPN1|PRDX3|LILRB4|AKT1S1,-1.5
Protein,GO Biological Processes,19,GO:0033673,negative regulation of kinase activity,19_GO:0048519 negative regulation of biological process,-4.4,4.3,5.2,795,15,111,9,8.1,2.6,25|1026|2950|4067|4869|5770|10935|11006|84335,ABL1|CDKN1A|GSTP1|LYN|NPM1|PTPN1|PRDX3|LILRB4|AKT1S1,-1.5
Protein,GO Biological Processes,19,GO:0097237,cellular response to toxic substance,19_GO:0050896 response to stimulus,-4.1,5,5.1,795,10,111,7,6.3,2.3,216|2950|5052|6648|9588|10935|25824,ALDH1A1|GSTP1|PRDX1|SOD2|PRDX6|PRDX3|PRDX5,-1.4
Protein,GO Biological Processes,19,GO:0010038,response to metal ion,19_GO:0050896 response to stimulus,-4.1,3.4,4.8,795,23,111,11,9.9,2.8,142|311|811|841|2203|2354|4048|4137|4982|6648|57103,PARP1|ANXA11|CALR|CASP8|FBP1|FOSB|LTA4H|MAPT|TNFRSF11B|SOD2|TIGAR,-1.4
Protein,GO Biological Processes,19,GO:0051248,negative regulation of protein metabolic process,19_GO:0048519 negative regulation of biological process,-4.1,2.5,4.4,795,52,111,18,16,3.5,25|811|1026|1399|1978|1981|2272|2950|4067|4137|4869|5202|5770|6714|7917|9101|11006|84335,ABL1|CALR|CDKN1A|CRKL|EIF4EBP1|EIF4G1|FHIT|GSTP1|LYN|MAPT|NPM1|PFDN2|PTPN1|SRC|BAG6|USP8|LILRB4|AKT1S1,-1.4
Protein,GO Biological Processes,19,GO:0051276,chromosome organization,19_GO:0009987 cellular process,-4.1,4.4,5,795,13,111,8,7.2,2.5,25|142|328|7155|7917|8260|8379|10540,ABL1|PARP1|APEX1|TOP2B|BAG6|NAA10|MAD1L1|DCTN2,-1.4
Protein,GO Biological Processes,19,GO:0006979,response to oxidative stress,19_GO:0050896 response to stimulus,-4.1,2.9,4.5,795,35,111,14,13,3.2,25|142|2950|3163|4137|5052|6648|6714|7155|9588|10935|11168|23607|25824,ABL1|PARP1|GSTP1|HMOX2|MAPT|PRDX1|SOD2|SRC|TOP2B|PRDX6|PRDX3|PSIP1|CD2AP|PRDX5,-1.4
Protein,GO Biological Processes,19,GO:0042326,negative regulation of phosphorylation,19_GO:0048519 negative regulation of biological process,-3.9,3.3,4.6,795,24,111,11,9.9,2.8,25|1026|1399|1981|2950|4067|4869|5770|10935|11006|84335,ABL1|CDKN1A|CRKL|EIF4G1|GSTP1|LYN|NPM1|PTPN1|PRDX3|LILRB4|AKT1S1,-1.2
Protein,GO Biological Processes,19,GO:0098869,cellular oxidant detoxification,19_GO:0098754 detoxification,-3.8,5.4,5,795,8,111,6,5.4,2.1,2950|5052|6648|9588|10935|25824,GSTP1|PRDX1|SOD2|PRDX6|PRDX3|PRDX5,-1.2
Protein,GO Biological Processes,19,GO:0006469,negative regulation of protein kinase activity,19_GO:0048519 negative regulation of biological process,-3.8,4.1,4.7,795,14,111,8,7.2,2.5,25|1026|2950|4067|4869|5770|11006|84335,ABL1|CDKN1A|GSTP1|LYN|NPM1|PTPN1|LILRB4|AKT1S1,-1.2
Protein,GO Biological Processes,19,GO:0034614,cellular response to reactive oxygen species,19_GO:0050896 response to stimulus,-3.8,4.1,4.7,795,14,111,8,7.2,2.5,25|4137|5052|6648|6714|7155|10935|25824,ABL1|MAPT|PRDX1|SOD2|SRC|TOP2B|PRDX3|PRDX5,-1.2
Protein,GO Biological Processes,19,GO:0031400,negative regulation of protein modification process,19_GO:0048519 negative regulation of biological process,-3.7,3.2,4.4,795,25,111,11,9.9,2.8,25|1026|1399|1981|2950|4067|4137|4869|5770|11006|84335,ABL1|CDKN1A|CRKL|EIF4G1|GSTP1|LYN|MAPT|NPM1|PTPN1|LILRB4|AKT1S1,-1.2
Protein,GO Biological Processes,19,GO:0045454,cell redox homeostasis,19_GO:0042592 homeostatic process,-3.6,6,4.9,795,6,111,5,4.5,2,328|5052|9588|10935|25824,APEX1|PRDX1|PRDX6|PRDX3|PRDX5,-1.1
Protein,GO Biological Processes,19,GO:0098813,nuclear chromosome segregation,19_GO:0009987 cellular process,-3.4,7.2,5,795,4,111,4,3.6,1.8,7155|7917|8379|10540,TOP2B|BAG6|MAD1L1|DCTN2,-1
Protein,GO Biological Processes,19,GO:0042743,hydrogen peroxide metabolic process,19_GO:0009987 cellular process,-3.4,7.2,5,795,4,111,4,3.6,1.8,5052|6648|10935|25824,PRDX1|SOD2|PRDX3|PRDX5,-1
Protein,GO Biological Processes,19,GO:0046496,nicotinamide nucleotide metabolic process,19_GO:0009987 cellular process,-3.4,4.8,4.6,795,9,111,6,5.4,2.1,2026|5213|8942|25824|57103|64802,ENO2|PFKM|KYNU|PRDX5|TIGAR|NMNAT1,-1
Protein,GO Biological Processes,19,GO:0051881,regulation of mitochondrial membrane potential,19_GO:0065007 biological regulation,-3.4,4.8,4.6,795,9,111,6,5.4,2.1,25|142|4137|6648|6714|10935,ABL1|PARP1|MAPT|SOD2|SRC|PRDX3,-1
Protein,GO Biological Processes,19,GO:0072524,pyridine-containing compound metabolic process,19_GO:0009987 cellular process,-3.4,4.8,4.6,795,9,111,6,5.4,2.1,2026|5213|8942|25824|57103|64802,ENO2|PFKM|KYNU|PRDX5|TIGAR|NMNAT1,-1
Protein,GO Biological Processes,19,GO:0019362,pyridine nucleotide metabolic process,19_GO:0009987 cellular process,-3.4,4.8,4.6,795,9,111,6,5.4,2.1,2026|5213|8942|25824|57103|64802,ENO2|PFKM|KYNU|PRDX5|TIGAR|NMNAT1,-1
Protein,GO Biological Processes,19,GO:0090398,cellular senescence,19_GO:0050896 response to stimulus,-3.4,4.8,4.6,795,9,111,6,5.4,2.1,25|811|1026|4869|5608|7155,ABL1|CALR|CDKN1A|NPM1|MAP2K6|TOP2B,-1
Protein,GO Biological Processes,19,GO:0080135,regulation of cellular response to stress,19_GO:0050896 response to stimulus,-3.4,2.7,4,795,35,111,13,12,3.1,25|142|1981|2950|3337|4137|4255|4869|5052|5770|7155|7917|57103,ABL1|PARP1|EIF4G1|GSTP1|DNAJB1|MAPT|MGMT|NPM1|PRDX1|PTPN1|TOP2B|BAG6|TIGAR,-1
Protein,GO Biological Processes,19,GO:0051656,establishment of organelle localization,19_GO:0051179 localization,-3.4,3.1,4.1,795,23,111,10,9,2.7,867|1639|4067|4137|4747|4869|7430|8379|10540|284021,CBL|DCTN1|LYN|MAPT|NEFL|NPM1|EZR|MAD1L1|DCTN2|MILR1,-1
Protein,GO Biological Processes,19,GO:0001933,negative regulation of protein phosphorylation,19_GO:0048519 negative regulation of biological process,-3.4,3.1,4.1,795,23,111,10,9,2.7,25|1026|1399|1981|2950|4067|4869|5770|11006|84335,ABL1|CDKN1A|CRKL|EIF4G1|GSTP1|LYN|NPM1|PTPN1|LILRB4|AKT1S1,-1
Protein,GO Biological Processes,19,GO:0033365,protein localization to organelle,19_GO:0051179 localization,-3.3,2.6,3.9,795,36,111,13,12,3.1,25|142|811|867|1026|3068|3621|4869|6727|7704|7917|10540|84687,ABL1|PARP1|CALR|CBL|CDKN1A|HDGF|ING1|NPM1|SRP14|ZBTB16|BAG6|DCTN2|PPP1R9B,-0.95
Protein,GO Biological Processes,19,GO:0010639,negative regulation of organelle organization,19_GO:0048519 negative regulation of biological process,-3.3,3.6,4.2,795,16,111,8,7.2,2.5,142|822|2288|4137|4869|6714|8260|8379,PARP1|CAPG|FKBP4|MAPT|NPM1|SRC|NAA10|MAD1L1,-0.95
Protein,GO Biological Processes,19,GO:0006259,DNA metabolic process,19_GO:0009987 cellular process,-3.3,3.6,4.2,795,16,111,8,7.2,2.5,25|142|328|1069|4255|4869|6714|7155,ABL1|PARP1|APEX1|CETN2|MGMT|NPM1|SRC|TOP2B,-0.95
Protein,GO Biological Processes,19,GO:0034599,cellular response to oxidative stress,19_GO:0050896 response to stimulus,-3.2,3.2,4.1,795,20,111,9,8.1,2.6,25|142|4137|5052|6648|6714|7155|10935|25824,ABL1|PARP1|MAPT|PRDX1|SOD2|SRC|TOP2B|PRDX3|PRDX5,-0.9
Protein,GO Biological Processes,19,GO:0000302,response to reactive oxygen species,19_GO:0050896 response to stimulus,-3.2,3.2,4.1,795,20,111,9,8.1,2.6,25|2950|4137|5052|6648|6714|7155|10935|25824,ABL1|GSTP1|MAPT|PRDX1|SOD2|SRC|TOP2B|PRDX3|PRDX5,-0.9
Protein,GO Biological Processes,19,GO:0006163,purine nucleotide metabolic process,19_GO:0009987 cellular process,-3.2,3.2,4.1,795,20,111,9,8.1,2.6,142|2026|2272|5213|8942|25824|57103|64802|84836,PARP1|ENO2|FHIT|PFKM|KYNU|PRDX5|TIGAR|NMNAT1|ABHD14B,-0.9
Protein,GO Biological Processes,19,GO:0006282,regulation of DNA repair,19_GO:0050896 response to stimulus,-3.1,5.1,4.4,795,7,111,5,4.5,2,25|142|4255|7155|57103,ABL1|PARP1|MGMT|TOP2B|TIGAR,-0.83
Protein,GO Biological Processes,19,GO:0009410,response to xenobiotic stimulus,19_GO:0050896 response to stimulus,-3.1,2.4,3.7,795,42,111,14,13,3.2,25|811|1026|1399|2203|2354|2950|4067|4982|5608|6648|6714|57103|84687,ABL1|CALR|CDKN1A|CRKL|FBP1|FOSB|GSTP1|LYN|TNFRSF11B|MAP2K6|SOD2|SRC|TIGAR|PPP1R9B,-0.83
Protein,GO Biological Processes,19,GO:0030031,cell projection assembly,19_GO:0009987 cellular process,-3.1,4.3,4.2,795,10,111,6,5.4,2.1,25|822|1639|7430|23607|84687,ABL1|CAPG|DCTN1|EZR|CD2AP|PPP1R9B,-0.83
Protein,GO Biological Processes,19,GO:0042391,regulation of membrane potential,19_GO:0065007 biological regulation,-3,3.4,4,795,17,111,8,7.2,2.5,25|142|2745|4137|6648|6714|10935|11060,ABL1|PARP1|GLRX|MAPT|SOD2|SRC|PRDX3|WWP2,-0.8
Protein,GO Biological Processes,19,GO:0097305,response to alcohol,19_GO:0050896 response to stimulus,-3,2.5,3.7,795,38,111,13,12,3.1,142|841|867|1026|1981|2203|2289|2354|4747|6348|6648|8792|84687,PARP1|CASP8|CBL|CDKN1A|EIF4G1|FBP1|FKBP5|FOSB|NEFL|CCL3|SOD2|TNFRSF11A|PPP1R9B,-0.79
Protein,GO Biological Processes,19,GO:0062197,cellular response to chemical stress,19_GO:0050896 response to stimulus,-3,2.9,3.8,795,25,111,10,9,2.7,25|142|2203|4137|5052|6648|6714|7155|10935|25824,ABL1|PARP1|FBP1|MAPT|PRDX1|SOD2|SRC|TOP2B|PRDX3|PRDX5,-0.79
Protein,GO Biological Processes,19,GO:1901654,response to ketone,19_GO:0050896 response to stimulus,-3,2.9,3.8,795,25,111,10,9,2.7,142|811|867|1026|2203|2354|4747|6714|9101|84687,PARP1|CALR|CBL|CDKN1A|FBP1|FOSB|NEFL|SRC|USP8|PPP1R9B,-0.79
Protein,GO Biological Processes,19,GO:0051301,cell division,19_GO:0009987 cellular process,-2.9,3.6,3.9,795,14,111,7,6.3,2.3,311|1069|1639|7704|8379|9101|23607,ANXA11|CETN2|DCTN1|ZBTB16|MAD1L1|USP8|CD2AP,-0.7
Protein,GO Biological Processes,19,GO:0043086,negative regulation of catalytic activity,19_GO:0065007 biological regulation,-2.9,2.6,3.7,795,30,111,11,9.9,2.8,25|1026|2950|4067|4869|5770|6714|10935|11006|25824|84335,ABL1|CDKN1A|GSTP1|LYN|NPM1|PTPN1|SRC|PRDX3|LILRB4|PRDX5|AKT1S1,-0.7
Protein,GO Biological Processes,19,GO:0071407,cellular response to organic cyclic compound,19_GO:0050896 response to stimulus,-2.9,2.4,3.6,795,39,111,13,12,3.1,25|811|841|2203|2288|4481|4869|6714|7052|7155|7430|9101|84687,ABL1|CALR|CASP8|FBP1|FKBP4|MSR1|NPM1|SRC|TGM2|TOP2B|EZR|USP8|PPP1R9B,-0.7
Protein,GO Biological Processes,19,GO:0000226,microtubule cytoskeleton organization,19_GO:0009987 cellular process,-2.8,3.2,3.8,795,18,111,8,7.2,2.5,1069|1155|1639|4137|4747|4869|7430|10540,CETN2|TBCB|DCTN1|MAPT|NEFL|NPM1|EZR|DCTN2,-0.66
Protein,GO Biological Processes,19,GO:1902532,negative regulation of intracellular signal transduction,19_GO:0048519 negative regulation of biological process,-2.8,2.2,3.5,795,49,111,15,14,3.2,25|142|811|841|2203|2950|4067|5770|6648|6714|7430|8379|11006|23607|84335,ABL1|PARP1|CALR|CASP8|FBP1|GSTP1|LYN|PTPN1|SOD2|SRC|EZR|MAD1L1|LILRB4|CD2AP|AKT1S1,-0.66
Protein,GO Biological Processes,19,GO:0007059,chromosome segregation,19_GO:0009987 cellular process,-2.8,5.7,4.3,795,5,111,4,3.6,1.8,7155|7917|8379|10540,TOP2B|BAG6|MAD1L1|DCTN2,-0.65
Protein,GO Biological Processes,19,GO:0071901,negative regulation of protein serine/threonine kinase activity,19_GO:0048519 negative regulation of biological process,-2.8,5.7,4.3,795,5,111,4,3.6,1.8,25|2950|4067|5770,ABL1|GSTP1|LYN|PTPN1,-0.65
Protein,GO Biological Processes,19,GO:0141193,nuclear receptor-mediated signaling pathway,19_GO:0050896 response to stimulus,-2.8,5.7,4.3,795,5,111,4,3.6,1.8,811|1399|2288|6714,CALR|CRKL|FKBP4|SRC,-0.65
Protein,GO Biological Processes,19,GO:0031113,regulation of microtubule polymerization,19_GO:0050789 regulation of biological process,-2.8,5.7,4.3,795,5,111,4,3.6,1.8,25|1639|2288|4137,ABL1|DCTN1|FKBP4|MAPT,-0.65
Protein,GO Biological Processes,19,GO:0031110,regulation of microtubule polymerization or depolymerization,19_GO:0050789 regulation of biological process,-2.8,5.7,4.3,795,5,111,4,3.6,1.8,25|1639|2288|4137,ABL1|DCTN1|FKBP4|MAPT,-0.65
Protein,GO Biological Processes,19,GO:0006281,DNA repair,19_GO:0050896 response to stimulus,-2.8,3.9,3.9,795,11,111,6,5.4,2.1,25|142|328|1069|4255|4869,ABL1|PARP1|APEX1|CETN2|MGMT|NPM1,-0.64
Protein,GO Biological Processes,19,GO:0009199,ribonucleoside triphosphate metabolic process,19_GO:0009987 cellular process,-2.7,4.5,4,795,8,111,5,4.5,2,142|2026|5213|57103|64802,PARP1|ENO2|PFKM|TIGAR|NMNAT1,-0.6
Protein,GO Biological Processes,19,GO:0009205,purine ribonucleoside triphosphate metabolic process,19_GO:0009987 cellular process,-2.7,4.5,4,795,8,111,5,4.5,2,142|2026|5213|57103|64802,PARP1|ENO2|PFKM|TIGAR|NMNAT1,-0.6
Protein,GO Biological Processes,19,GO:0046034,ATP metabolic process,19_GO:0009987 cellular process,-2.7,4.5,4,795,8,111,5,4.5,2,142|2026|5213|57103|64802,PARP1|ENO2|PFKM|TIGAR|NMNAT1,-0.6
Protein,GO Biological Processes,19,GO:0032886,regulation of microtubule-based process,19_GO:0050789 regulation of biological process,-2.7,4.5,4,795,8,111,5,4.5,2,25|1639|2288|4137|4869,ABL1|DCTN1|FKBP4|MAPT|NPM1,-0.6
Protein,GO Biological Processes,19,GO:0051640,organelle localization,19_GO:0051179 localization,-2.7,2.7,3.5,795,27,111,10,9,2.7,867|1639|4067|4137|4747|4869|7430|8379|10540|284021,CBL|DCTN1|LYN|MAPT|NEFL|NPM1|EZR|MAD1L1|DCTN2|MILR1,-0.59
Protein,GO Biological Processes,19,GO:0034976,response to endoplasmic reticulum stress,19_GO:0050896 response to stimulus,-2.7,3.3,3.7,795,15,111,7,6.3,2.3,25|811|1981|3576|3725|5770|7917,ABL1|CALR|EIF4G1|CXCL8|JUN|PTPN1|BAG6,-0.58
Protein,GO Biological Processes,19,GO:1990089,response to nerve growth factor,19_GO:0050896 response to stimulus,-2.7,3.3,3.7,795,15,111,7,6.3,2.3,142|867|4137|5770|8936|9101|23607,PARP1|CBL|MAPT|PTPN1|WASF1|USP8|CD2AP,-0.58
Protein,GO Biological Processes,19,GO:1990090,cellular response to nerve growth factor stimulus,19_GO:0050896 response to stimulus,-2.7,3.3,3.7,795,15,111,7,6.3,2.3,142|867|4137|5770|8936|9101|23607,PARP1|CBL|MAPT|PTPN1|WASF1|USP8|CD2AP,-0.58
Protein,GO Biological Processes,19,GO:0072521,purine-containing compound metabolic process,19_GO:0009987 cellular process,-2.7,2.8,3.5,795,23,111,9,8.1,2.6,142|2026|2272|5213|8942|25824|57103|64802|84836,PARP1|ENO2|FHIT|PFKM|KYNU|PRDX5|TIGAR|NMNAT1|ABHD14B,-0.58
Protein,GO Biological Processes,19,GO:0009117,nucleotide metabolic process,19_GO:0009987 cellular process,-2.7,2.8,3.5,795,23,111,9,8.1,2.6,142|2026|2272|5213|8942|25824|57103|64802|84836,PARP1|ENO2|FHIT|PFKM|KYNU|PRDX5|TIGAR|NMNAT1|ABHD14B,-0.58
Protein,GO Biological Processes,19,GO:0019725,cellular homeostasis,19_GO:0042592 homeostatic process,-2.6,2.1,3.3,795,51,111,15,14,3.2,328|811|958|1639|2950|5052|5213|6347|6348|6368|6648|7052|9588|10935|25824,APEX1|CALR|CD40|DCTN1|GSTP1|PRDX1|PFKM|CCL2|CCL3|CCL23|SOD2|TGM2|PRDX6|PRDX3|PRDX5,-0.57
Protein,GO Biological Processes,19,GO:0010564,regulation of cell cycle process,19_GO:0050789 regulation of biological process,-2.6,2.3,3.3,795,37,111,12,11,2.9,811|1026|1069|1639|1981|4067|4869|5720|6347|8260|8379|84687,CALR|CDKN1A|CETN2|DCTN1|EIF4G1|LYN|NPM1|PSME1|CCL2|NAA10|MAD1L1|PPP1R9B,-0.57
Protein,GO Biological Processes,19,GO:0000819,sister chromatid segregation,19_GO:0009987 cellular process,-2.6,7.2,4.3,795,3,111,3,2.7,1.5,7155|8379|10540,TOP2B|MAD1L1|DCTN2,-0.57
Protein,GO Biological Processes,19,GO:0072526,pyridine-containing compound catabolic process,19_GO:0009987 cellular process,-2.6,7.2,4.3,795,3,111,3,2.7,1.5,2026|5213|57103,ENO2|PFKM|TIGAR,-0.57
Protein,GO Biological Processes,19,GO:0060397,growth hormone receptor signaling pathway via JAK-STAT,19_GO:0050896 response to stimulus,-2.6,7.2,4.3,795,3,111,3,2.7,1.5,2688|4067|5770,GH1|LYN|PTPN1,-0.57
Protein,GO Biological Processes,19,GO:0006090,pyruvate metabolic process,19_GO:0009987 cellular process,-2.6,7.2,4.3,795,3,111,3,2.7,1.5,2026|5213|57103,ENO2|PFKM|TIGAR,-0.57
Protein,GO Biological Processes,19,GO:1903579,negative regulation of ATP metabolic process,19_GO:0048519 negative regulation of biological process,-2.6,7.2,4.3,795,3,111,3,2.7,1.5,142|2203|57103,PARP1|FBP1|TIGAR,-0.57
Protein,GO Biological Processes,19,GO:0060576,intestinal epithelial cell development,19_GO:0032502 developmental process,-2.6,7.2,4.3,795,3,111,3,2.7,1.5,1026|6714|57103,CDKN1A|SRC|TIGAR,-0.57
Protein,GO Biological Processes,19,GO:2000425,regulation of apoptotic cell clearance,19_GO:0051179 localization,-2.6,7.2,4.3,795,3,111,3,2.7,1.5,6347|7052|146722,CCL2|TGM2|CD300LF,-0.57
Protein,GO Biological Processes,19,GO:0043922,negative regulation by host of viral transcription,19_GO:0016032 viral process,-2.6,7.2,4.3,795,3,111,3,2.7,1.5,3725|6348|6351,JUN|CCL3|CCL4,-0.57
Protein,GO Biological Processes,19,GO:0042744,hydrogen peroxide catabolic process,19_GO:0009987 cellular process,-2.6,7.2,4.3,795,3,111,3,2.7,1.5,5052|10935|25824,PRDX1|PRDX3|PRDX5,-0.57
Protein,GO Biological Processes,19,GO:0010043,response to zinc ion,19_GO:0050896 response to stimulus,-2.6,7.2,4.3,795,3,111,3,2.7,1.5,142|4048|6648,PARP1|LTA4H|SOD2,-0.57
Protein,GO Biological Processes,19,GO:0019364,pyridine nucleotide catabolic process,19_GO:0009987 cellular process,-2.6,7.2,4.3,795,3,111,3,2.7,1.5,2026|5213|57103,ENO2|PFKM|TIGAR,-0.57
Protein,GO Biological Processes,19,GO:0033059,cellular pigmentation,19_GO:0043473 pigmentation,-2.6,7.2,4.3,795,3,111,3,2.7,1.5,967|1639|10540,CD63|DCTN1|DCTN2,-0.57
Protein,GO Biological Processes,19,GO:0006096,glycolytic process,19_GO:0009987 cellular process,-2.6,7.2,4.3,795,3,111,3,2.7,1.5,2026|5213|57103,ENO2|PFKM|TIGAR,-0.57
Protein,GO Biological Processes,19,GO:0046847,filopodium assembly,19_GO:0009987 cellular process,-2.6,7.2,4.3,795,3,111,3,2.7,1.5,7430|23607|84687,EZR|CD2AP|PPP1R9B,-0.57
Protein,GO Biological Processes,19,GO:0060575,intestinal epithelial cell differentiation,19_GO:0032502 developmental process,-2.6,7.2,4.3,795,3,111,3,2.7,1.5,1026|6714|57103,CDKN1A|SRC|TIGAR,-0.57
Protein,GO Biological Processes,19,GO:0008380,RNA splicing,19_GO:0009987 cellular process,-2.6,7.2,4.3,795,3,111,3,2.7,1.5,6733|11168|84687,SRPK2|PSIP1|PPP1R9B,-0.57
Protein,GO Biological Processes,19,GO:0030029,actin filament-based process,19_GO:0009987 cellular process,-2.6,2.6,3.4,795,28,111,10,9,2.7,25|811|822|2919|5770|6714|7430|8936|23607|84687,ABL1|CALR|CAPG|CXCL1|PTPN1|SRC|EZR|WASF1|CD2AP|PPP1R9B,-0.56
Protein,GO Biological Processes,19,GO:0030036,actin cytoskeleton organization,19_GO:0009987 cellular process,-2.6,2.6,3.4,795,28,111,10,9,2.7,25|811|822|2919|5770|6714|7430|8936|23607|84687,ABL1|CALR|CAPG|CXCL1|PTPN1|SRC|EZR|WASF1|CD2AP|PPP1R9B,-0.56
Protein,GO Biological Processes,19,GO:0043068,positive regulation of programmed cell death,19_GO:0048518 positive regulation of biological process,-2.5,1.8,3.1,795,79,111,20,18,3.6,25|142|841|958|1026|2204|3725|3965|4067|5608|5770|6347|6348|6648|6714|6733|7052|7704|51330|57103,ABL1|PARP1|CASP8|CD40|CDKN1A|FCAR|JUN|LGALS9|LYN|MAP2K6|PTPN1|CCL2|CCL3|SOD2|SRC|SRPK2|TGM2|ZBTB16|TNFRSF12A|TIGAR,-0.51
Protein,GO Biological Processes,19,GO:0002520,immune system development,19_GO:0002376 immune system process,-2.5,2.9,3.4,795,20,111,8,7.2,2.5,25|1399|3965|4067|8379|8792|11006|23607,ABL1|CRKL|LGALS9|LYN|MAD1L1|TNFRSF11A|LILRB4|CD2AP,-0.51
Protein,GO Biological Processes,19,GO:1901987,regulation of cell cycle phase transition,19_GO:0050789 regulation of biological process,-2.5,2.9,3.4,795,20,111,8,7.2,2.5,1026|1981|4067|4869|5720|6347|8379|84687,CDKN1A|EIF4G1|LYN|NPM1|PSME1|CCL2|MAD1L1|PPP1R9B,-0.51
Protein,GO Biological Processes,19,GO:0055086,nucleobase-containing small molecule metabolic process,19_GO:0009987 cellular process,-2.4,2.5,3.2,795,29,111,10,9,2.7,142|2026|2272|2745|5213|8942|25824|57103|64802|84836,PARP1|ENO2|FHIT|GLRX|PFKM|KYNU|PRDX5|TIGAR|NMNAT1|ABHD14B,-0.48
Protein,GO Biological Processes,19,GO:0033044,regulation of chromosome organization,19_GO:0050789 regulation of biological process,-2.4,4,3.6,795,9,111,5,4.5,2,142|4137|6714|8260|8379,PARP1|MAPT|SRC|NAA10|MAD1L1,-0.48
Protein,GO Biological Processes,19,GO:0009144,purine nucleoside triphosphate metabolic process,19_GO:0009987 cellular process,-2.4,4,3.6,795,9,111,5,4.5,2,142|2026|5213|57103|64802,PARP1|ENO2|PFKM|TIGAR|NMNAT1,-0.48
Protein,GO Biological Processes,19,GO:0008154,actin polymerization or depolymerization,19_GO:0009987 cellular process,-2.4,4,3.6,795,9,111,5,4.5,2,25|822|8936|23607|84687,ABL1|CAPG|WASF1|CD2AP|PPP1R9B,-0.48
Protein,GO Biological Processes,19,GO:0120031,plasma membrane bounded cell projection assembly,19_GO:0009987 cellular process,-2.4,4,3.6,795,9,111,5,4.5,2,25|1639|7430|23607|84687,ABL1|DCTN1|EZR|CD2AP|PPP1R9B,-0.48
Protein,GO Biological Processes,19,GO:0010332,response to gamma radiation,19_GO:0050896 response to stimulus,-2.4,4,3.6,795,9,111,5,4.5,2,142|867|1026|6648|57103,PARP1|CBL|CDKN1A|SOD2|TIGAR,-0.48
Protein,GO Biological Processes,19,GO:0051258,protein polymerization,19_GO:0009987 cellular process,-2.4,4,3.6,795,9,111,5,4.5,2,25|4137|4747|8936|23607,ABL1|MAPT|NEFL|WASF1|CD2AP,-0.48
Protein,GO Biological Processes,19,GO:0051385,response to mineralocorticoid,19_GO:0050896 response to stimulus,-2.4,4,3.6,795,9,111,5,4.5,2,142|1026|2354|4747|6714,PARP1|CDKN1A|FOSB|NEFL|SRC,-0.48
Protein,GO Biological Processes,19,GO:0070507,regulation of microtubule cytoskeleton organization,19_GO:0050789 regulation of biological process,-2.4,4.8,3.7,795,6,111,4,3.6,1.8,25|1639|2288|4137,ABL1|DCTN1|FKBP4|MAPT,-0.45
Protein,GO Biological Processes,19,GO:2000779,regulation of double-strand break repair,19_GO:0050896 response to stimulus,-2.4,4.8,3.7,795,6,111,4,3.6,1.8,25|142|4255|7155,ABL1|PARP1|MGMT|TOP2B,-0.45
Protein,GO Biological Processes,19,GO:0051702,biological process involved in interaction with symbiont,19_GO:0044419 biological process involved in interspecies interaction between organisms,-2.4,4.8,3.7,795,6,111,4,3.6,1.8,3725|6348|6351|54210,JUN|CCL3|CCL4|TREM1,-0.45
Protein,GO Biological Processes,19,GO:2001251,negative regulation of chromosome organization,19_GO:0048519 negative regulation of biological process,-2.4,4.8,3.7,795,6,111,4,3.6,1.8,142|6714|8260|8379,PARP1|SRC|NAA10|MAD1L1,-0.45
Protein,GO Biological Processes,19,GO:0061077,chaperone-mediated protein folding,19_GO:0009987 cellular process,-2.4,4.8,3.7,795,6,111,4,3.6,1.8,2288|2289|3337|5202,FKBP4|FKBP5|DNAJB1|PFDN2,-0.45
Protein,GO Biological Processes,19,GO:0022613,ribonucleoprotein complex biogenesis,19_GO:0009987 cellular process,-2.4,4.8,3.7,795,6,111,4,3.6,1.8,1975|4869|6733|11168,EIF4B|NPM1|SRPK2|PSIP1,-0.45
Protein,GO Biological Processes,19,GO:0019674,NAD metabolic process,19_GO:0009987 cellular process,-2.4,4.8,3.7,795,6,111,4,3.6,1.8,2026|5213|8942|64802,ENO2|PFKM|KYNU|NMNAT1,-0.45
Protein,GO Biological Processes,19,GO:0045739,positive regulation of DNA repair,19_GO:0048518 positive regulation of biological process,-2.4,4.8,3.7,795,6,111,4,3.6,1.8,142|4255|7155|57103,PARP1|MGMT|TOP2B|TIGAR,-0.45
Protein,GO Biological Processes,19,GO:0051053,negative regulation of DNA metabolic process,19_GO:0048519 negative regulation of biological process,-2.3,3.3,3.4,795,13,111,6,5.4,2.1,25|142|1026|6282|6714|64802,ABL1|PARP1|CDKN1A|S100A11|SRC|NMNAT1,-0.42
Protein,GO Biological Processes,19,GO:0070555,response to interleukin-1,19_GO:0050896 response to stimulus,-2.3,2.9,3.3,795,17,111,7,6.3,2.3,958|3576|3965|6347|6348|6714|8792,CD40|CXCL8|LGALS9|CCL2|CCL3|SRC|TNFRSF11A,-0.42
Protein,GO Biological Processes,19,GO:0097435,supramolecular fiber organization,19_GO:0009987 cellular process,-2.2,2.3,3,795,31,111,10,9,2.7,25|822|1155|4137|4747|6714|7430|8936|23607|84687,ABL1|CAPG|TBCB|MAPT|NEFL|SRC|EZR|WASF1|CD2AP|PPP1R9B,-0.33
Protein,GO Biological Processes,19,GO:0071900,regulation of protein serine/threonine kinase activity,19_GO:0050789 regulation of biological process,-2.2,2.6,3.1,795,22,111,8,7.2,2.5,25|1026|2688|2950|4067|5770|6714|8792,ABL1|CDKN1A|GH1|GSTP1|LYN|PTPN1|SRC|TNFRSF11A,-0.32
Protein,GO Biological Processes,19,GO:0000278,mitotic cell cycle,19_GO:0009987 cellular process,-2.2,2.6,3.1,795,22,111,8,7.2,2.5,25|1026|1069|1639|1978|8379|9101|10540,ABL1|CDKN1A|CETN2|DCTN1|EIF4EBP1|MAD1L1|USP8|DCTN2,-0.32
Protein,GO Biological Processes,19,GO:0032496,response to lipopolysaccharide,19_GO:0044419 biological process involved in interspecies interaction between organisms,-2.2,2,2.9,795,51,111,14,13,3.2,25|841|958|2204|2950|3576|3606|3965|4067|6347|6648|6714|8792|10935,ABL1|CASP8|CD40|FCAR|GSTP1|CXCL8|IL18|LGALS9|LYN|CCL2|SOD2|SRC|TNFRSF11A|PRDX3,-0.32
Protein,GO Biological Processes,19,GO:0044092,negative regulation of molecular function,19_GO:0065007 biological regulation,-2.2,2,2.9,795,51,111,14,13,3.2,25|1026|2950|3725|4067|4794|4869|5770|6714|10935|11006|11060|25824|84335,ABL1|CDKN1A|GSTP1|JUN|LYN|NFKBIE|NPM1|PTPN1|SRC|PRDX3|LILRB4|WWP2|PRDX5|AKT1S1,-0.32
Protein,GO Biological Processes,19,GO:0009141,nucleoside triphosphate metabolic process,19_GO:0009987 cellular process,-2.2,3.6,3.3,795,10,111,5,4.5,2,142|2026|5213|57103|64802,PARP1|ENO2|PFKM|TIGAR|NMNAT1,-0.32
Protein,GO Biological Processes,19,GO:0072593,reactive oxygen species metabolic process,19_GO:0009987 cellular process,-2.2,3.6,3.3,795,10,111,5,4.5,2,5052|6648|10935|25824|57103,PRDX1|SOD2|PRDX3|PRDX5|TIGAR,-0.32
Protein,GO Biological Processes,19,GO:0071248,cellular response to metal ion,19_GO:0050896 response to stimulus,-2.2,3.6,3.3,795,10,111,5,4.5,2,142|811|2203|2354|57103,PARP1|CALR|FBP1|FOSB|TIGAR,-0.32
Protein,GO Biological Processes,19,GO:0007015,actin filament organization,19_GO:0009987 cellular process,-2.1,2.8,3.1,795,18,111,7,6.3,2.3,25|822|6714|7430|8936|23607|84687,ABL1|CAPG|SRC|EZR|WASF1|CD2AP|PPP1R9B,-0.3
Protein,GO Biological Processes,19,GO:0006457,protein folding,19_GO:0009987 cellular process,-2.1,3.1,3.1,795,14,111,6,5.4,2.1,811|1155|2288|2289|3337|5202,CALR|TBCB|FKBP4|FKBP5|DNAJB1|PFDN2,-0.29
Protein,GO Biological Processes,19,GO:0010948,negative regulation of cell cycle process,19_GO:0048519 negative regulation of biological process,-2.1,3.1,3.1,795,14,111,6,5.4,2.1,1026|4067|4869|6347|8260|8379,CDKN1A|LYN|NPM1|CCL2|NAA10|MAD1L1,-0.29
Protein,GO Biological Processes,19,GO:0006753,nucleoside phosphate metabolic process,19_GO:0009987 cellular process,-2.1,2.4,3,795,27,111,9,8.1,2.6,142|2026|2272|5213|8942|25824|57103|64802|84836,PARP1|ENO2|FHIT|PFKM|KYNU|PRDX5|TIGAR|NMNAT1|ABHD14B,-0.29
Protein,GO Biological Processes,19,GO:0002237,response to molecule of bacterial origin,19_GO:0044419 biological process involved in interspecies interaction between organisms,-2.1,1.9,2.8,795,52,111,14,13,3.2,25|841|958|2204|2950|3576|3606|3965|4067|6347|6648|6714|8792|10935,ABL1|CASP8|CD40|FCAR|GSTP1|CXCL8|IL18|LGALS9|LYN|CCL2|SOD2|SRC|TNFRSF11A|PRDX3,-0.27
Protein,GO Biological Processes,19,GO:1903578,regulation of ATP metabolic process,19_GO:0050789 regulation of biological process,-2,4.1,3.3,795,7,111,4,3.6,1.8,142|2203|6714|57103,PARP1|FBP1|SRC|TIGAR,-0.25
Protein,GO Biological Processes,19,GO:0140694,membraneless organelle assembly,19_GO:0009987 cellular process,-2,4.1,3.3,795,7,111,4,3.6,1.8,1069|4137|4869|7430,CETN2|MAPT|NPM1|EZR,-0.25
Protein,GO Biological Processes,19,GO:0006749,glutathione metabolic process,19_GO:0009987 cellular process,-2,4.1,3.3,795,7,111,4,3.6,1.8,2739|2950|3029|6648,GLO1|GSTP1|HAGH|SOD2,-0.25
Protein,GO Biological Processes,19,GO:0043473,pigmentation,19_GO:0043473 pigmentation,-2,4.1,3.3,795,7,111,4,3.6,1.8,967|1639|6648|10540,CD63|DCTN1|SOD2|DCTN2,-0.25
Protein,GO Biological Processes,19,GO:0046685,response to arsenic-containing substance,19_GO:0050896 response to stimulus,-2,5.4,3.5,795,4,111,3,2.7,1.5,1026|4747|4982,CDKN1A|NEFL|TNFRSF11B,-0.25
Protein,GO Biological Processes,19,GO:0043407,negative regulation of MAP kinase activity,19_GO:0048519 negative regulation of biological process,-2,5.4,3.5,795,4,111,3,2.7,1.5,2950|4067|5770,GSTP1|LYN|PTPN1,-0.25
Protein,GO Biological Processes,19,GO:0031122,cytoplasmic microtubule organization,19_GO:0009987 cellular process,-2,5.4,3.5,795,4,111,3,2.7,1.5,1155|4137|7430,TBCB|MAPT|EZR,-0.25
Protein,GO Biological Processes,19,GO:0048011,neurotrophin TRK receptor signaling pathway,19_GO:0050896 response to stimulus,-2,5.4,3.5,795,4,111,3,2.7,1.5,6714|23607|84335,SRC|CD2AP|AKT1S1,-0.25
Protein,GO Biological Processes,19,GO:0046032,ADP catabolic process,19_GO:0009987 cellular process,-2,5.4,3.5,795,4,111,3,2.7,1.5,2026|5213|57103,ENO2|PFKM|TIGAR,-0.25
Protein,GO Biological Processes,19,GO:0006081,aldehyde metabolic process,19_GO:0009987 cellular process,-2,5.4,3.5,795,4,111,3,2.7,1.5,216|2739|3029,ALDH1A1|GLO1|HAGH,-0.25
Protein,GO Biological Processes,19,GO:0002507,tolerance induction,19_GO:0002376 immune system process,-2,5.4,3.5,795,4,111,3,2.7,1.5,3965|4067|11006,LGALS9|LYN|LILRB4,-0.25
Protein,GO Biological Processes,19,GO:0022618,protein-RNA complex assembly,19_GO:0009987 cellular process,-2,5.4,3.5,795,4,111,3,2.7,1.5,1975|6733|11168,EIF4B|SRPK2|PSIP1,-0.25
Protein,GO Biological Processes,19,GO:1900543,negative regulation of purine nucleotide metabolic process,19_GO:0048519 negative regulation of biological process,-2,5.4,3.5,795,4,111,3,2.7,1.5,142|2203|57103,PARP1|FBP1|TIGAR,-0.25
Protein,GO Biological Processes,19,GO:0045980,negative regulation of nucleotide metabolic process,19_GO:0048519 negative regulation of biological process,-2,5.4,3.5,795,4,111,3,2.7,1.5,142|2203|57103,PARP1|FBP1|TIGAR,-0.25
Protein,GO Biological Processes,19,GO:0006412,translation,19_GO:0009987 cellular process,-2,5.4,3.5,795,4,111,3,2.7,1.5,1975|1981|80755,EIF4B|EIF4G1|AARSD1,-0.25
Protein,GO Biological Processes,19,GO:0044380,protein localization to cytoskeleton,19_GO:0051179 localization,-2,5.4,3.5,795,4,111,3,2.7,1.5,25|10540|84687,ABL1|DCTN2|PPP1R9B,-0.25
Protein,GO Biological Processes,19,GO:0046031,ADP metabolic process,19_GO:0009987 cellular process,-2,5.4,3.5,795,4,111,3,2.7,1.5,2026|5213|57103,ENO2|PFKM|TIGAR,-0.25
Protein,GO Biological Processes,19,GO:0006007,glucose catabolic process,19_GO:0009987 cellular process,-2,5.4,3.5,795,4,111,3,2.7,1.5,2026|5213|57103,ENO2|PFKM|TIGAR,-0.25
Protein,GO Biological Processes,19,GO:0030518,nuclear receptor-mediated steroid hormone signaling pathway,19_GO:0050896 response to stimulus,-2,5.4,3.5,795,4,111,3,2.7,1.5,811|2288|6714,CALR|FKBP4|SRC,-0.25
Protein,GO Biological Processes,19,GO:0043401,steroid hormone receptor signaling pathway,19_GO:0050896 response to stimulus,-2,5.4,3.5,795,4,111,3,2.7,1.5,811|2288|6714,CALR|FKBP4|SRC,-0.25
Protein_MCODE_ALL,GO Biological Processes,19,GO:0009636,response to toxic substance,19_GO:0050896 response to stimulus,-4.8,7.4,6.5,795,22,34,7,21,6.9,216|4067|5052|6348|6351|10935|25824,ALDH1A1|LYN|PRDX1|CCL3|CCL4|PRDX3|PRDX5,-1.7
Protein_MCODE_ALL,GO Biological Processes,19,GO:0051702,biological process involved in interaction with symbiont,19_GO:0044419 biological process involved in interspecies interaction between organisms,-4.4,16,7.6,795,6,34,4,12,5.5,3725|6348|6351|54210,JUN|CCL3|CCL4|TREM1,-1.5
Protein_MCODE_ALL,GO Biological Processes,19,GO:0042744,hydrogen peroxide catabolic process,19_GO:0009987 cellular process,-4.1,23,8.2,795,3,34,3,8.8,4.9,5052|10935|25824,PRDX1|PRDX3|PRDX5,-1.4
Protein_MCODE_ALL,GO Biological Processes,19,GO:0043922,negative regulation by host of viral transcription,19_GO:0016032 viral process,-4.1,23,8.2,795,3,34,3,8.8,4.9,3725|6348|6351,JUN|CCL3|CCL4,-1.4
Protein_MCODE_ALL,GO Biological Processes,19,GO:0042743,hydrogen peroxide metabolic process,19_GO:0009987 cellular process,-3.6,18,7,795,4,34,3,8.8,4.9,5052|10935|25824,PRDX1|PRDX3|PRDX5,-1.1
Protein_MCODE_ALL,GO Biological Processes,19,GO:0098754,detoxification,19_GO:0098754 detoxification,-3.5,10,6,795,9,34,4,12,5.5,216|5052|10935|25824,ALDH1A1|PRDX1|PRDX3|PRDX5,-1
Protein_MCODE_ALL,GO Biological Processes,19,GO:1990748,cellular detoxification,19_GO:0098754 detoxification,-3.5,10,6,795,9,34,4,12,5.5,216|5052|10935|25824,ALDH1A1|PRDX1|PRDX3|PRDX5,-1
Protein_MCODE_ALL,GO Biological Processes,19,GO:0070555,response to interleukin-1,19_GO:0050896 response to stimulus,-3.3,6.9,5.2,795,17,34,5,15,6.1,958|3576|6347|6348|8792,CD40|CXCL8|CCL2|CCL3|TNFRSF11A,-1
Protein_MCODE_ALL,GO Biological Processes,19,GO:0097237,cellular response to toxic substance,19_GO:0050896 response to stimulus,-3.3,9.4,5.6,795,10,34,4,12,5.5,216|5052|10935|25824,ALDH1A1|PRDX1|PRDX3|PRDX5,-0.98
Protein_MCODE_ALL,GO Biological Processes,19,GO:2000501,regulation of natural killer cell chemotaxis,19_GO:0040011 locomotion,-3.2,14,6.2,795,5,34,3,8.8,4.9,6347|6348|6351,CCL2|CCL3|CCL4,-0.9
Protein_MCODE_ALL,GO Biological Processes,19,GO:0051851,modulation by host of symbiont process,19_GO:0044419 biological process involved in interspecies interaction between organisms,-3.2,14,6.2,795,5,34,3,8.8,4.9,3725|6348|6351,JUN|CCL3|CCL4,-0.9
Protein_MCODE_ALL,GO Biological Processes,19,GO:0071347,cellular response to interleukin-1,19_GO:0050896 response to stimulus,-3.1,8.5,5.3,795,11,34,4,12,5.5,958|3576|6347|6348,CD40|CXCL8|CCL2|CCL3,-0.86
Protein_MCODE_ALL,GO Biological Processes,19,GO:0019725,cellular homeostasis,19_GO:0042592 homeostatic process,-3.1,3.7,4.2,795,51,34,8,24,7.3,958|1639|5052|5213|6347|6348|10935|25824,CD40|DCTN1|PRDX1|PFKM|CCL2|CCL3|PRDX3|PRDX5,-0.83
Protein_MCODE_ALL,GO Biological Processes,19,GO:0002443,leukocyte mediated immunity,19_GO:0002376 immune system process,-3,4.1,4.2,795,40,34,7,21,6.9,867|958|3606|4067|5052|6348|54210,CBL|CD40|IL18|LYN|PRDX1|CCL3|TREM1,-0.8
Protein_MCODE_ALL,GO Biological Processes,19,GO:0045454,cell redox homeostasis,19_GO:0042592 homeostatic process,-2.9,12,5.6,795,6,34,3,8.8,4.9,5052|10935|25824,PRDX1|PRDX3|PRDX5,-0.7
Protein_MCODE_ALL,GO Biological Processes,19,GO:0044403,biological process involved in symbiotic interaction,19_GO:0044419 biological process involved in interspecies interaction between organisms,-2.8,4.4,4.1,795,32,34,6,18,6.5,867|3725|6348|6351|11060|54210,CBL|JUN|CCL3|CCL4|WWP2|TREM1,-0.65
Protein_MCODE_ALL,GO Biological Processes,19,GO:0034614,cellular response to reactive oxygen species,19_GO:0050896 response to stimulus,-2.7,6.7,4.5,795,14,34,4,12,5.5,5052|7155|10935|25824,PRDX1|TOP2B|PRDX3|PRDX5,-0.58
Protein_MCODE_ALL,GO Biological Processes,19,GO:0002444,myeloid leukocyte mediated immunity,19_GO:0002376 immune system process,-2.6,6.2,4.3,795,15,34,4,12,5.5,867|4067|6348|54210,CBL|LYN|CCL3|TREM1,-0.56
Protein_MCODE_ALL,GO Biological Processes,19,GO:0098869,cellular oxidant detoxification,19_GO:0098754 detoxification,-2.5,8.8,4.7,795,8,34,3,8.8,4.9,5052|10935|25824,PRDX1|PRDX3|PRDX5,-0.49
Protein_MCODE_ALL,GO Biological Processes,19,GO:0071621,granulocyte chemotaxis,19_GO:0040011 locomotion,-2.4,4.5,3.8,795,26,34,5,15,6.1,3576|6347|6348|6351|54210,CXCL8|CCL2|CCL3|CCL4|TREM1,-0.48
Protein_MCODE_ALL,GO Biological Processes,19,GO:0071356,cellular response to tumor necrosis factor,19_GO:0050896 response to stimulus,-2.4,4.5,3.8,795,26,34,5,15,6.1,958|3576|6347|6348|8792,CD40|CXCL8|CCL2|CCL3|TNFRSF11A,-0.48
Protein_MCODE_ALL,GO Biological Processes,19,GO:0097529,myeloid leukocyte migration,19_GO:0002376 immune system process,-2.4,3.7,3.6,795,38,34,6,18,6.5,3576|6347|6348|6351|8792|54210,CXCL8|CCL2|CCL3|CCL4|TNFRSF11A|TREM1,-0.46
Protein_MCODE_ALL,GO Biological Processes,19,GO:0032496,response to lipopolysaccharide,19_GO:0044419 biological process involved in interspecies interaction between organisms,-2.4,3.2,3.4,795,51,34,7,21,6.9,958|3576|3606|4067|6347|8792|10935,CD40|CXCL8|IL18|LYN|CCL2|TNFRSF11A|PRDX3,-0.45
Protein_MCODE_ALL,GO Biological Processes,19,GO:0002237,response to molecule of bacterial origin,19_GO:0044419 biological process involved in interspecies interaction between organisms,-2.3,3.1,3.4,795,52,34,7,21,6.9,958|3576|3606|4067|6347|8792|10935,CD40|CXCL8|IL18|LYN|CCL2|TNFRSF11A|PRDX3,-0.42
Protein_MCODE_ALL,GO Biological Processes,19,GO:0050900,leukocyte migration,19_GO:0002376 immune system process,-2.3,2.8,3.3,795,66,34,8,24,7.3,1399|3576|4067|6347|6348|6351|8792|54210,CRKL|CXCL8|LYN|CCL2|CCL3|CCL4|TNFRSF11A|TREM1,-0.42
Protein_MCODE_ALL,GO Biological Processes,19,GO:0036230,granulocyte activation,19_GO:0002376 immune system process,-2.3,7.8,4.3,795,9,34,3,8.8,4.9,3576|3606|6348,CXCL8|IL18|CCL3,-0.42
Protein_MCODE_ALL,GO Biological Processes,19,GO:0019362,pyridine nucleotide metabolic process,19_GO:0009987 cellular process,-2.3,7.8,4.3,795,9,34,3,8.8,4.9,2026|5213|25824,ENO2|PFKM|PRDX5,-0.42
Protein_MCODE_ALL,GO Biological Processes,19,GO:0043299,leukocyte degranulation,19_GO:0002376 immune system process,-2.3,7.8,4.3,795,9,34,3,8.8,4.9,867|4067|6348,CBL|LYN|CCL3,-0.42
Protein_MCODE_ALL,GO Biological Processes,19,GO:0045055,regulated exocytosis,19_GO:0051179 localization,-2.3,7.8,4.3,795,9,34,3,8.8,4.9,867|4067|6348,CBL|LYN|CCL3,-0.42
Protein_MCODE_ALL,GO Biological Processes,19,GO:1901623,regulation of lymphocyte chemotaxis,19_GO:0040011 locomotion,-2.3,7.8,4.3,795,9,34,3,8.8,4.9,6347|6348|6351,CCL2|CCL3|CCL4,-0.42
Protein_MCODE_ALL,GO Biological Processes,19,GO:0072524,pyridine-containing compound metabolic process,19_GO:0009987 cellular process,-2.3,7.8,4.3,795,9,34,3,8.8,4.9,2026|5213|25824,ENO2|PFKM|PRDX5,-0.42
Protein_MCODE_ALL,GO Biological Processes,19,GO:0072678,T cell migration,19_GO:0002376 immune system process,-2.3,7.8,4.3,795,9,34,3,8.8,4.9,1399|6347|6348,CRKL|CCL2|CCL3,-0.42
Protein_MCODE_ALL,GO Biological Processes,19,GO:0046496,nicotinamide nucleotide metabolic process,19_GO:0009987 cellular process,-2.3,7.8,4.3,795,9,34,3,8.8,4.9,2026|5213|25824,ENO2|PFKM|PRDX5,-0.42
Protein_MCODE_ALL,GO Biological Processes,19,GO:0097530,granulocyte migration,19_GO:0002376 immune system process,-2.3,4.2,3.6,795,28,34,5,15,6.1,3576|6347|6348|6351|54210,CXCL8|CCL2|CCL3|CCL4|TREM1,-0.41
Protein_MCODE_ALL,GO Biological Processes,19,GO:0060326,cell chemotaxis,19_GO:0040011 locomotion,-2.3,3.1,3.3,795,53,34,7,21,6.9,1399|3576|6347|6348|6351|8792|54210,CRKL|CXCL8|CCL2|CCL3|CCL4|TNFRSF11A|TREM1,-0.41
Protein_MCODE_ALL,GO Biological Processes,19,GO:2000401,regulation of lymphocyte migration,19_GO:0040011 locomotion,-2.3,5.2,3.8,795,18,34,4,12,5.5,1399|6347|6348|6351,CRKL|CCL2|CCL3|CCL4,-0.38
Protein_MCODE_ALL,GO Biological Processes,19,GO:0002688,regulation of leukocyte chemotaxis,19_GO:0040011 locomotion,-2.2,4,3.5,795,29,34,5,15,6.1,3576|4067|6347|6348|6351,CXCL8|LYN|CCL2|CCL3|CCL4,-0.36
Protein_MCODE_ALL,GO Biological Processes,19,GO:0034612,response to tumor necrosis factor,19_GO:0050896 response to stimulus,-2.2,3.9,3.4,795,30,34,5,15,6.1,958|3576|6347|6348|8792,CD40|CXCL8|CCL2|CCL3|TNFRSF11A,-0.32
Protein_MCODE_ALL,GO Biological Processes,19,GO:0048245,eosinophil chemotaxis,19_GO:0040011 locomotion,-2.2,7,4,795,10,34,3,8.8,4.9,6347|6348|6351,CCL2|CCL3|CCL4,-0.32
Protein_MCODE_ALL,GO Biological Processes,19,GO:0072593,reactive oxygen species metabolic process,19_GO:0009987 cellular process,-2.2,7,4,795,10,34,3,8.8,4.9,5052|10935|25824,PRDX1|PRDX3|PRDX5,-0.32
Protein_MCODE_ALL,GO Biological Processes,19,GO:0072677,eosinophil migration,19_GO:0002376 immune system process,-2.2,7,4,795,10,34,3,8.8,4.9,6347|6348|6351,CCL2|CCL3|CCL4,-0.32
Protein_MCODE_ALL,GO Biological Processes,19,GO:0007163,establishment or maintenance of cell polarity,19_GO:0009987 cellular process,-2.2,7,4,795,10,34,3,8.8,4.9,1399|1639|6351,CRKL|DCTN1|CCL4,-0.32
Protein_MCODE_ALL,GO Biological Processes,19,GO:0000302,response to reactive oxygen species,19_GO:0050896 response to stimulus,-2.1,4.7,3.5,795,20,34,4,12,5.5,5052|7155|10935|25824,PRDX1|TOP2B|PRDX3|PRDX5,-0.27
Protein_MCODE_ALL,GO Biological Processes,19,GO:0070098,chemokine-mediated signaling pathway,19_GO:0050896 response to stimulus,-2.1,4.7,3.5,795,20,34,4,12,5.5,4067|6347|6348|6351,LYN|CCL2|CCL3|CCL4,-0.27
Protein_MCODE_ALL,GO Biological Processes,19,GO:1990868,response to chemokine,19_GO:0050896 response to stimulus,-2.1,4.7,3.5,795,20,34,4,12,5.5,4067|6347|6348|6351,LYN|CCL2|CCL3|CCL4,-0.27
Protein_MCODE_ALL,GO Biological Processes,19,GO:0034599,cellular response to oxidative stress,19_GO:0050896 response to stimulus,-2.1,4.7,3.5,795,20,34,4,12,5.5,5052|7155|10935|25824,PRDX1|TOP2B|PRDX3|PRDX5,-0.27
Protein_MCODE_ALL,GO Biological Processes,19,GO:1990869,cellular response to chemokine,19_GO:0050896 response to stimulus,-2.1,4.7,3.5,795,20,34,4,12,5.5,4067|6347|6348|6351,LYN|CCL2|CCL3|CCL4,-0.27
Protein_MCODE_ALL,GO Biological Processes,19,GO:0030595,leukocyte chemotaxis,19_GO:0040011 locomotion,-2.1,3.2,3.2,795,44,34,6,18,6.5,3576|6347|6348|6351|8792|54210,CXCL8|CCL2|CCL3|CCL4|TNFRSF11A|TREM1,-0.26
Protein_MCODE_ALL,GO Biological Processes,19,GO:0002548,monocyte chemotaxis,19_GO:0040011 locomotion,-2,6.4,3.8,795,11,34,3,8.8,4.9,6347|6348|8792,CCL2|CCL3|TNFRSF11A,-0.25
Protein_MCODE_ALL,GO Biological Processes,19,GO:0006887,exocytosis,19_GO:0051179 localization,-2,6.4,3.8,795,11,34,3,8.8,4.9,867|4067|6348,CBL|LYN|CCL3,-0.25
Protein_SUB1_MCODE_1,GO Biological Processes,19,GO:0019362,pyridine nucleotide metabolic process,19_GO:0009987 cellular process,-3.8,24,8.2,795,9,11,3,27,13,2026|5213|25824,ENO2|PFKM|PRDX5,-1.2
Protein_SUB1_MCODE_1,GO Biological Processes,19,GO:0046496,nicotinamide nucleotide metabolic process,19_GO:0009987 cellular process,-3.8,24,8.2,795,9,11,3,27,13,2026|5213|25824,ENO2|PFKM|PRDX5,-1.2
Protein_SUB1_MCODE_1,GO Biological Processes,19,GO:0072524,pyridine-containing compound metabolic process,19_GO:0009987 cellular process,-3.8,24,8.2,795,9,11,3,27,13,2026|5213|25824,ENO2|PFKM|PRDX5,-1.2
Protein_SUB1_MCODE_1,GO Biological Processes,19,GO:0055086,nucleobase-containing small molecule metabolic process,19_GO:0009987 cellular process,-3.4,10,5.8,795,29,11,4,36,15,2026|2745|5213|25824,ENO2|GLRX|PFKM|PRDX5,-1
Protein_SUB1_MCODE_1,GO Biological Processes,19,GO:1901136,carbohydrate derivative catabolic process,19_GO:0009987 cellular process,-2.9,13,5.8,795,17,11,3,27,13,216|2026|5213,ALDH1A1|ENO2|PFKM,-0.71
Protein_SUB1_MCODE_1,GO Biological Processes,19,GO:0006163,purine nucleotide metabolic process,19_GO:0009987 cellular process,-2.7,11,5.3,795,20,11,3,27,13,2026|5213|25824,ENO2|PFKM|PRDX5,-0.59
Protein_SUB1_MCODE_1,GO Biological Processes,19,GO:0009117,nucleotide metabolic process,19_GO:0009987 cellular process,-2.5,9.4,4.9,795,23,11,3,27,13,2026|5213|25824,ENO2|PFKM|PRDX5,-0.53
Protein_SUB1_MCODE_1,GO Biological Processes,19,GO:0032787,monocarboxylic acid metabolic process,19_GO:0009987 cellular process,-2.5,9.4,4.9,795,23,11,3,27,13,216|2026|5213,ALDH1A1|ENO2|PFKM,-0.53
Protein_SUB1_MCODE_1,GO Biological Processes,19,GO:0072521,purine-containing compound metabolic process,19_GO:0009987 cellular process,-2.5,9.4,4.9,795,23,11,3,27,13,2026|5213|25824,ENO2|PFKM|PRDX5,-0.53
Protein_SUB1_MCODE_1,GO Biological Processes,19,GO:0006753,nucleoside phosphate metabolic process,19_GO:0009987 cellular process,-2.3,8,4.4,795,27,11,3,27,13,2026|5213|25824,ENO2|PFKM|PRDX5,-0.42
Protein_SUB1_MCODE_2,GO Biological Processes,19,GO:0043922,negative regulation by host of viral transcription,19_GO:0016032 viral process,-6.4,1.1e+02,18,795,3,7,3,43,19,3725|6348|6351,JUN|CCL3|CCL4,-2.2
Protein_SUB1_MCODE_2,GO Biological Processes,19,GO:0061844,antimicrobial humoral immune response mediated by antimicrobial peptide,19_GO:0044419 biological process involved in interspecies interaction between organisms,-5.7,17,9,795,33,7,5,71,17,2919|3576|6347|6348|6351,CXCL1|CXCL8|CCL2|CCL3|CCL4,-1.9
Protein_SUB1_MCODE_2,GO Biological Processes,19,GO:0019730,antimicrobial humoral response,19_GO:0044419 biological process involved in interspecies interaction between organisms,-5.6,16,8.7,795,35,7,5,71,17,2919|3576|6347|6348|6351,CXCL1|CXCL8|CCL2|CCL3|CCL4,-1.9
Protein_SUB1_MCODE_2,GO Biological Processes,19,GO:2000501,regulation of natural killer cell chemotaxis,19_GO:0040011 locomotion,-5.4,68,14,795,5,7,3,43,19,6347|6348|6351,CCL2|CCL3|CCL4,-1.9
Protein_SUB1_MCODE_2,GO Biological Processes,19,GO:0051851,modulation by host of symbiont process,19_GO:0044419 biological process involved in interspecies interaction between organisms,-5.4,68,14,795,5,7,3,43,19,3725|6348|6351,JUN|CCL3|CCL4,-1.9
Protein_SUB1_MCODE_2,GO Biological Processes,19,GO:0051702,biological process involved in interaction with symbiont,19_GO:0044419 biological process involved in interspecies interaction between organisms,-5.1,57,13,795,6,7,3,43,19,3725|6348|6351,JUN|CCL3|CCL4,-1.9
Protein_SUB1_MCODE_2,GO Biological Processes,19,GO:0006959,humoral immune response,19_GO:0002376 immune system process,-4.9,12,7.4,795,47,7,5,71,17,2919|3576|6347|6348|6351,CXCL1|CXCL8|CCL2|CCL3|CCL4,-1.8
Protein_SUB1_MCODE_2,GO Biological Processes,19,GO:0071621,granulocyte chemotaxis,19_GO:0040011 locomotion,-4.5,17,8,795,26,7,4,57,19,3576|6347|6348|6351,CXCL8|CCL2|CCL3|CCL4,-1.5
Protein_SUB1_MCODE_2,GO Biological Processes,19,GO:0036230,granulocyte activation,19_GO:0002376 immune system process,-4.5,38,10,795,9,7,3,43,19,3576|3606|6348,CXCL8|IL18|CCL3,-1.5
Protein_SUB1_MCODE_2,GO Biological Processes,19,GO:1901623,regulation of lymphocyte chemotaxis,19_GO:0040011 locomotion,-4.5,38,10,795,9,7,3,43,19,6347|6348|6351,CCL2|CCL3|CCL4,-1.5
Protein_SUB1_MCODE_2,GO Biological Processes,19,GO:0097530,granulocyte migration,19_GO:0002376 immune system process,-4.4,16,7.7,795,28,7,4,57,19,3576|6347|6348|6351,CXCL8|CCL2|CCL3|CCL4,-1.5
Protein_SUB1_MCODE_2,GO Biological Processes,19,GO:0002688,regulation of leukocyte chemotaxis,19_GO:0040011 locomotion,-4.3,16,7.6,795,29,7,4,57,19,3576|6347|6348|6351,CXCL8|CCL2|CCL3|CCL4,-1.5
Protein_SUB1_MCODE_2,GO Biological Processes,19,GO:0048245,eosinophil chemotaxis,19_GO:0040011 locomotion,-4.3,34,9.9,795,10,7,3,43,19,6347|6348|6351,CCL2|CCL3|CCL4,-1.5
Protein_SUB1_MCODE_2,GO Biological Processes,19,GO:0072677,eosinophil migration,19_GO:0002376 immune system process,-4.3,34,9.9,795,10,7,3,43,19,6347|6348|6351,CCL2|CCL3|CCL4,-1.5
Protein_SUB1_MCODE_2,GO Biological Processes,19,GO:0071347,cellular response to interleukin-1,19_GO:0050896 response to stimulus,-4.2,31,9.4,795,11,7,3,43,19,3576|6347|6348,CXCL8|CCL2|CCL3,-1.4
Protein_SUB1_MCODE_2,GO Biological Processes,19,GO:0097529,myeloid leukocyte migration,19_GO:0002376 immune system process,-3.9,12,6.5,795,38,7,4,57,19,3576|6347|6348|6351,CXCL8|CCL2|CCL3|CCL4,-1.2
Protein_SUB1_MCODE_2,GO Biological Processes,19,GO:0042330,taxis,19_GO:0040011 locomotion,-3.8,7.2,5.5,795,79,7,5,71,17,2919|3576|6347|6348|6351,CXCL1|CXCL8|CCL2|CCL3|CCL4,-1.2
Protein_SUB1_MCODE_2,GO Biological Processes,19,GO:0006935,chemotaxis,19_GO:0040011 locomotion,-3.8,7.2,5.5,795,79,7,5,71,17,2919|3576|6347|6348|6351,CXCL1|CXCL8|CCL2|CCL3|CCL4,-1.2
Protein_SUB1_MCODE_2,GO Biological Processes,19,GO:0040011,locomotion,19_GO:0040011 locomotion,-3.8,7,5.4,795,81,7,5,71,17,2919|3576|6347|6348|6351,CXCL1|CXCL8|CCL2|CCL3|CCL4,-1.2
Protein_SUB1_MCODE_2,GO Biological Processes,19,GO:0030595,leukocyte chemotaxis,19_GO:0040011 locomotion,-3.6,10,6,795,44,7,4,57,19,3576|6347|6348|6351,CXCL8|CCL2|CCL3|CCL4,-1.1
Protein_SUB1_MCODE_2,GO Biological Processes,19,GO:0070555,response to interleukin-1,19_GO:0050896 response to stimulus,-3.6,20,7.5,795,17,7,3,43,19,3576|6347|6348,CXCL8|CCL2|CCL3,-1.1
Protein_SUB1_MCODE_2,GO Biological Processes,19,GO:2000401,regulation of lymphocyte migration,19_GO:0040011 locomotion,-3.5,19,7.2,795,18,7,3,43,19,6347|6348|6351,CCL2|CCL3|CCL4,-1
Protein_SUB1_MCODE_2,GO Biological Processes,19,GO:0050920,regulation of chemotaxis,19_GO:0040011 locomotion,-3.5,9.7,5.8,795,47,7,4,57,19,3576|6347|6348|6351,CXCL8|CCL2|CCL3|CCL4,-1
Protein_SUB1_MCODE_2,GO Biological Processes,19,GO:0051928,positive regulation of calcium ion transport,19_GO:0051179 localization,-3.4,18,7,795,19,7,3,43,19,6347|6348|6351,CCL2|CCL3|CCL4,-1
Protein_SUB1_MCODE_2,GO Biological Processes,19,GO:0006954,inflammatory response,19_GO:0050896 response to stimulus,-3.4,5.9,4.8,795,97,7,5,71,17,3576|3606|6347|6348|6351,CXCL8|IL18|CCL2|CCL3|CCL4,-1
Protein_SUB1_MCODE_2,GO Biological Processes,19,GO:0070098,chemokine-mediated signaling pathway,19_GO:0050896 response to stimulus,-3.3,17,6.8,795,20,7,3,43,19,6347|6348|6351,CCL2|CCL3|CCL4,-1
Protein_SUB1_MCODE_2,GO Biological Processes,19,GO:1990868,response to chemokine,19_GO:0050896 response to stimulus,-3.3,17,6.8,795,20,7,3,43,19,6347|6348|6351,CCL2|CCL3|CCL4,-1
Protein_SUB1_MCODE_2,GO Biological Processes,19,GO:1990869,cellular response to chemokine,19_GO:0050896 response to stimulus,-3.3,17,6.8,795,20,7,3,43,19,6347|6348|6351,CCL2|CCL3|CCL4,-1
Protein_SUB1_MCODE_2,GO Biological Processes,19,GO:0002685,regulation of leukocyte migration,19_GO:0040011 locomotion,-3.3,8.6,5.4,795,53,7,4,57,19,3576|6347|6348|6351,CXCL8|CCL2|CCL3|CCL4,-0.95
Protein_SUB1_MCODE_2,GO Biological Processes,19,GO:0060326,cell chemotaxis,19_GO:0040011 locomotion,-3.3,8.6,5.4,795,53,7,4,57,19,3576|6347|6348|6351,CXCL8|CCL2|CCL3|CCL4,-0.95
Protein_SUB1_MCODE_2,GO Biological Processes,19,GO:0002690,positive regulation of leukocyte chemotaxis,19_GO:0040011 locomotion,-3.2,15,6.3,795,23,7,3,43,19,3576|6348|6351,CXCL8|CCL3|CCL4,-0.89
Protein_SUB1_MCODE_2,GO Biological Processes,19,GO:0043270,positive regulation of monoatomic ion transport,19_GO:0051179 localization,-3.1,14,6,795,25,7,3,43,19,6347|6348|6351,CCL2|CCL3|CCL4,-0.81
Protein_SUB1_MCODE_2,GO Biological Processes,19,GO:0071356,cellular response to tumor necrosis factor,19_GO:0050896 response to stimulus,-3,13,5.9,795,26,7,3,43,19,3576|6347|6348,CXCL8|CCL2|CCL3,-0.79
Protein_SUB1_MCODE_2,GO Biological Processes,19,GO:0050900,leukocyte migration,19_GO:0002376 immune system process,-2.9,6.9,4.7,795,66,7,4,57,19,3576|6347|6348|6351,CXCL8|CCL2|CCL3|CCL4,-0.7
Protein_SUB1_MCODE_2,GO Biological Processes,19,GO:0034612,response to tumor necrosis factor,19_GO:0050896 response to stimulus,-2.8,11,5.4,795,30,7,3,43,19,3576|6347|6348,CXCL8|CCL2|CCL3,-0.65
Protein_SUB1_MCODE_2,GO Biological Processes,19,GO:0051924,regulation of calcium ion transport,19_GO:0051179 localization,-2.8,11,5.4,795,30,7,3,43,19,6347|6348|6351,CCL2|CCL3|CCL4,-0.65
Protein_SUB1_MCODE_2,GO Biological Processes,19,GO:0044403,biological process involved in symbiotic interaction,19_GO:0044419 biological process involved in interspecies interaction between organisms,-2.7,11,5.2,795,32,7,3,43,19,3725|6348|6351,JUN|CCL3|CCL4,-0.6
Protein_SUB1_MCODE_2,GO Biological Processes,19,GO:0002274,myeloid leukocyte activation,19_GO:0002376 immune system process,-2.7,10,5.2,795,33,7,3,43,19,3576|3606|6348,CXCL8|IL18|CCL3,-0.59
Protein_SUB1_MCODE_2,GO Biological Processes,19,GO:0071345,cellular response to cytokine stimulus,19_GO:0050896 response to stimulus,-2.7,4.2,3.8,795,136,7,5,71,17,3576|3606|6347|6348|6351,CXCL8|IL18|CCL2|CCL3|CCL4,-0.58
Protein_SUB1_MCODE_2,GO Biological Processes,19,GO:0071222,cellular response to lipopolysaccharide,19_GO:0044419 biological process involved in interspecies interaction between organisms,-2.7,10,5.1,795,34,7,3,43,19,3576|3606|6347,CXCL8|IL18|CCL2,-0.58
Protein_SUB1_MCODE_2,GO Biological Processes,19,GO:0071675,regulation of mononuclear cell migration,19_GO:0040011 locomotion,-2.6,9.7,5,795,35,7,3,43,19,6347|6348|6351,CCL2|CCL3|CCL4,-0.57
Protein_SUB1_MCODE_2,GO Biological Processes,19,GO:0071219,cellular response to molecule of bacterial origin,19_GO:0044419 biological process involved in interspecies interaction between organisms,-2.6,9.7,5,795,35,7,3,43,19,3576|3606|6347,CXCL8|IL18|CCL2,-0.57
Protein_SUB1_MCODE_2,GO Biological Processes,19,GO:0002687,positive regulation of leukocyte migration,19_GO:0040011 locomotion,-2.6,9.5,4.9,795,36,7,3,43,19,3576|6348|6351,CXCL8|CCL3|CCL4,-0.57
Protein_SUB1_MCODE_2,GO Biological Processes,19,GO:0050921,positive regulation of chemotaxis,19_GO:0040011 locomotion,-2.6,9.5,4.9,795,36,7,3,43,19,3576|6348|6351,CXCL8|CCL3|CCL4,-0.57
Protein_SUB1_MCODE_2,GO Biological Processes,19,GO:0071216,cellular response to biotic stimulus,19_GO:0050896 response to stimulus,-2.5,9,4.7,795,38,7,3,43,19,3576|3606|6347,CXCL8|IL18|CCL2,-0.53
Protein_SUB1_MCODE_2,GO Biological Processes,19,GO:0010959,regulation of metal ion transport,19_GO:0051179 localization,-2.5,9,4.7,795,38,7,3,43,19,6347|6348|6351,CCL2|CCL3|CCL4,-0.53
Protein_SUB1_MCODE_2,GO Biological Processes,19,GO:0001906,cell killing,19_GO:0009987 cellular process,-2.5,8.7,4.7,795,39,7,3,43,19,2919|3576|3606,CXCL1|CXCL8|IL18,-0.51
Protein_SUB1_MCODE_2,GO Biological Processes,19,GO:0043269,regulation of monoatomic ion transport,19_GO:0051179 localization,-2.4,8.5,4.6,795,40,7,3,43,19,6347|6348|6351,CCL2|CCL3|CCL4,-0.48
Protein_SUB1_MCODE_2,GO Biological Processes,19,GO:0032103,positive regulation of response to external stimulus,19_GO:0048518 positive regulation of biological process,-2.3,4.9,3.8,795,93,7,4,57,19,3576|3606|6348|6351,CXCL8|IL18|CCL3|CCL4,-0.42
Protein_SUB1_MCODE_2,GO Biological Processes,19,GO:0030335,positive regulation of cell migration,19_GO:0040011 locomotion,-2.2,4.6,3.6,795,98,7,4,57,19,3576|6347|6348|6351,CXCL8|CCL2|CCL3|CCL4,-0.38
Protein_SUB1_MCODE_2,GO Biological Processes,19,GO:2000147,positive regulation of cell motility,19_GO:0040011 locomotion,-2.2,4.6,3.6,795,98,7,4,57,19,3576|6347|6348|6351,CXCL8|CCL2|CCL3|CCL4,-0.38
Protein_SUB1_MCODE_2,GO Biological Processes,19,GO:0040017,positive regulation of locomotion,19_GO:0040011 locomotion,-2.2,4.5,3.6,795,100,7,4,57,19,3576|6347|6348|6351,CXCL8|CCL2|CCL3|CCL4,-0.35
Protein_SUB1_MCODE_2,GO Biological Processes,19,GO:0032496,response to lipopolysaccharide,19_GO:0044419 biological process involved in interspecies interaction between organisms,-2.1,6.7,3.9,795,51,7,3,43,19,3576|3606|6347,CXCL8|IL18|CCL2,-0.3
Protein_SUB1_MCODE_2,GO Biological Processes,19,GO:0019221,cytokine-mediated signaling pathway,19_GO:0050896 response to stimulus,-2.1,4.3,3.4,795,105,7,4,57,19,3606|6347|6348|6351,IL18|CCL2|CCL3|CCL4,-0.3
Protein_SUB1_MCODE_2,GO Biological Processes,19,GO:0002237,response to molecule of bacterial origin,19_GO:0044419 biological process involved in interspecies interaction between organisms,-2.1,6.6,3.9,795,52,7,3,43,19,3576|3606|6347,CXCL8|IL18|CCL2,-0.29
Protein_SUB1_MCODE_4,GO Biological Processes,19,GO:0071345,cellular response to cytokine stimulus,19_GO:0050896 response to stimulus,-2.3,5.8,3.8,795,136,3,3,1e+02,27,867|1399|4067,CBL|CRKL|LYN,-0.42
