Cluster,Score,Type,Gene,Symbol,Network
2,3.0,Clustered,3725,JUN,Protein_SUB1
2,3.0,Clustered,3606,IL18,Protein_SUB1
2,3.0,Clustered,3576,CXCL8,Protein_SUB1
2,3.0,Clustered,2919,CXCL1,Protein_SUB1
2,3.0,Clustered,6351,CCL4,Protein_SUB1
2,3.0,Seed,6348,CCL3,Protein_SUB1
2,3.0,Clustered,6347,CCL2,Protein_SUB1
1,1.4545454545454546,Clustered,216,ALDH1A1,Protein_SUB1
1,1.4545454545454546,Seed,51330,TNFRSF12A,Protein_SUB1
1,1.4545454545454546,Clustered,2745,GLRX,Protein_SUB1
1,1.4545454545454546,Clustered,2026,ENO2,Protein_SUB1
1,1.4545454545454546,Clustered,5720,PSME1,Protein_SUB1
1,1.4545454545454546,Clustered,5213,PFKM,Protein_SUB1
1,1.4545454545454546,Clustered,8792,TNFRSF11A,Protein_SUB1
1,1.4545454545454546,Clustered,958,CD40,Protein_SUB1
1,1.4545454545454546,Clustered,7155,TOP2B,Protein_SUB1
1,1.4545454545454546,Clustered,25824,PRDX5,Protein_SUB1
1,1.4545454545454546,Clustered,11060,WWP2,Protein_SUB1
3,1.25,Clustered,10614,HEXIM1,Protein_SUB1
3,1.25,Seed,191,AHCY,Protein_SUB1
3,1.25,Clustered,10935,PRDX3,Protein_SUB1
3,1.25,Clustered,5052,PRDX1,Protein_SUB1
4,1.0,Seed,1399,CRKL,Protein_SUB1
4,1.0,Clustered,4067,LYN,Protein_SUB1
4,1.0,Clustered,867,CBL,Protein_SUB1
5,1.0,Clustered,10540,DCTN2,Protein_SUB1
5,1.0,Clustered,1639,DCTN1,Protein_SUB1
5,1.0,Seed,2288,FKBP4,Protein_SUB1
6,1.0,Clustered,27180,SIGLEC9,Protein_SUB1
6,1.0,Clustered,89790,SIGLEC10,Protein_SUB1
6,1.0,Seed,27036,SIGLEC7,Protein_SUB1
7,1.0,Seed,10871,CD300C,Protein_SUB2
7,1.0,Clustered,146722,CD300LF,Protein_SUB2
7,1.0,Clustered,54210,TREM1,Protein_SUB2
