_MEMBER_Protein,_LogP_Protein,GO,_PATTERN_,_RANK_,GiniIndex,Category,CategoryID,Description,PARENT_GO,LogP,Enrichment,Z-score,#TotalGeneInLibrary,#GeneInGO,#GeneInHitList,#GeneInGOAndHitList,%InGO,STDV %InGO,GeneID,Hits,Log(q-value),EvidenceCutoff,GROUP_ID,FirstInGroupByEnrichment,FirstInGroupByLogP,BestLogPInGroup,BestEnrichmentInGroup,URL
1,-5.495253407979082,GO:0002009,M1,1,0,GO Biological Processes,19,morphogenesis of an epithelium,19_GO:0032502 developmental process,-5.495253407979082,3.837931034482758,5.8116467301471,795,50,58,14,24.137931034482758,5.618861997959885,634|1969|2066|2348|3491|3685|3693|3791|5420|5979|7048|28514|43847|84870,CEACAM1|EPHA2|ERBB4|FOLR1|CCN1|ITGAV|ITGB5|KDR|PODXL|RET|TGFBR2|DLL1|KLK14|RSPO3,-1.323176151009601,0,1,1,1,-5.495253407979082,13.706896551724137,
1,-4.296493574600433,GO:0048729,M1,1,0,GO Biological Processes,19,tissue morphogenesis,19_GO:0032502 developmental process,-4.296493574600433,3.095105672969966,4.8165968166027415,795,62,58,14,24.137931034482758,5.618861997959885,634|1969|2066|2348|3491|3685|3693|3791|5420|5979|7048|28514|43847|84870,CEACAM1|EPHA2|ERBB4|FOLR1|CCN1|ITGAV|ITGB5|KDR|PODXL|RET|TGFBR2|DLL1|KLK14|RSPO3,-0.532151912235545,0,1,0,0,-5.495253407979082,13.706896551724137,
1,-3.4319699421598666,GO:0001947,M1,1,0,GO Biological Processes,19,heart looping,19_GO:0032502 developmental process,-3.4319699421598666,13.706896551724137,6.181986252248423,795,3,58,3,5.172413793103448,2.9080373606172647,2348|7048|28514,FOLR1|TGFBR2|DLL1,-0.2822621618682931,0,1,0,0,-5.495253407979082,13.706896551724137,
1,-3.4319699421598666,GO:0003143,M1,1,0,GO Biological Processes,19,embryonic heart tube morphogenesis,19_GO:0032502 developmental process,-3.4319699421598666,13.706896551724137,6.181986252248423,795,3,58,3,5.172413793103448,2.9080373606172647,2348|7048|28514,FOLR1|TGFBR2|DLL1,-0.2822621618682931,0,1,0,0,-5.495253407979082,13.706896551724137,
1,-3.4319699421598666,GO:0061371,M1,1,0,GO Biological Processes,19,determination of heart left/right asymmetry,19_GO:0032502 developmental process,-3.4319699421598666,13.706896551724137,6.181986252248423,795,3,58,3,5.172413793103448,2.9080373606172647,2348|7048|28514,FOLR1|TGFBR2|DLL1,-0.2822621618682931,0,1,0,0,-5.495253407979082,13.706896551724137,
1,-3.429449637269564,GO:0048598,M1,1,0,GO Biological Processes,19,embryonic morphogenesis,19_GO:0032502 developmental process,-3.429449637269564,3.3431455004205217,4.319127424562244,795,41,58,10,17.24137931034483,4.9599651877798365,1969|2348|3491|3685|3693|5979|6678|7048|28514|84870,EPHA2|FOLR1|CCN1|ITGAV|ITGB5|RET|SPARC|TGFBR2|DLL1|RSPO3,-0.2822621618682931,0,1,0,0,-5.495253407979082,13.706896551724137,
1,-2.6115637704674275,GO:0048592,M1,1,0,GO Biological Processes,19,eye morphogenesis,19_GO:0032502 developmental process,-2.6115637704674275,6.091954022988506,4.30710004232392,795,9,58,4,6.896551724137931,3.327245797772467,356|1969|3791|28514,FASLG|EPHA2|KDR|DLL1,-0.013831621773922368,0,1,0,0,-5.495253407979082,13.706896551724137,
1,-2.527610487561103,GO:0048562,M1,1,0,GO Biological Processes,19,embryonic organ morphogenesis,19_GO:0032502 developmental process,-2.527610487561103,4.56896551724138,3.912291302503225,795,15,58,5,8.620689655172415,3.6853687304090257,1969|2348|6678|7048|28514,EPHA2|FOLR1|SPARC|TGFBR2|DLL1,0.0,0,1,0,0,-5.495253407979082,13.706896551724137,
1,-2.4783659122807884,GO:0035050,M1,1,0,GO Biological Processes,19,embryonic heart tube development,19_GO:0032502 developmental process,-2.4783659122807884,8.224137931034482,4.543054951947341,795,5,58,3,5.172413793103448,2.9080373606172647,2348|7048|28514,FOLR1|TGFBR2|DLL1,0.0,0,1,0,0,-5.495253407979082,13.706896551724137,
1,-2.4045887034580904,GO:0035239,M1,1,0,GO Biological Processes,19,tube morphogenesis,19_GO:0032502 developmental process,-2.4045887034580904,2.085832083958021,3.1050559146283376,795,92,58,14,24.137931034482758,5.618861997959885,634|1969|2348|3491|3685|3791|5420|5979|6678|7048|11082|11126|28514|84870,CEACAM1|EPHA2|FOLR1|CCN1|ITGAV|KDR|PODXL|RET|SPARC|TGFBR2|ESM1|CD160|DLL1|RSPO3,0.0,0,1,0,0,-5.495253407979082,13.706896551724137,
1,-2.3538128126579236,GO:0001654,M1,1,0,GO Biological Processes,19,eye development,19_GO:0032502 developmental process,-2.3538128126579236,3.575712143928036,3.514334512238331,795,23,58,6,10.344827586206897,3.9988517766469047,356|1969|3791|5979|7048|28514,FASLG|EPHA2|KDR|RET|TGFBR2|DLL1,0.0,0,1,0,0,-5.495253407979082,13.706896551724137,
1,-2.3538128126579236,GO:0048880,M1,1,0,GO Biological Processes,19,sensory system development,19_GO:0032502 developmental process,-2.3538128126579236,3.575712143928036,3.514334512238331,795,23,58,6,10.344827586206897,3.9988517766469047,356|1969|3791|5979|7048|28514,FASLG|EPHA2|KDR|RET|TGFBR2|DLL1,0.0,0,1,0,0,-5.495253407979082,13.706896551724137,
1,-2.3538128126579236,GO:0150063,M1,1,0,GO Biological Processes,19,visual system development,19_GO:0032502 developmental process,-2.3538128126579236,3.575712143928036,3.514334512238331,795,23,58,6,10.344827586206897,3.9988517766469047,356|1969|3791|5979|7048|28514,FASLG|EPHA2|KDR|RET|TGFBR2|DLL1,0.0,0,1,0,0,-5.495253407979082,13.706896551724137,
1,-2.2631786806047485,GO:0002040,M1,1,0,GO Biological Processes,19,sprouting angiogenesis,19_GO:0032502 developmental process,-2.2631786806047485,4.031440162271806,3.5422088710327775,795,17,58,5,8.620689655172415,3.6853687304090257,1969|3791|11082|28514|84870,EPHA2|KDR|ESM1|DLL1|RSPO3,0.0,0,1,0,0,-5.495253407979082,13.706896551724137,
1,-2.1561860179653283,GO:0048568,M1,1,0,GO Biological Processes,19,embryonic organ development,19_GO:0032502 developmental process,-2.1561860179653283,2.674516400336417,3.086641314538201,795,41,58,8,13.793103448275861,4.527808029645605,1969|2348|3491|3791|6678|7048|28514|84870,EPHA2|FOLR1|CCN1|KDR|SPARC|TGFBR2|DLL1|RSPO3,0.0,0,1,0,0,-5.495253407979082,13.706896551724137,
1,-2.146595144261642,GO:0090596,M1,1,0,GO Biological Processes,19,sensory organ morphogenesis,19_GO:0032502 developmental process,-2.146595144261642,3.8074712643678166,3.3777816107427387,795,18,58,5,8.620689655172415,3.6853687304090257,356|1969|3791|6678|28514,FASLG|EPHA2|KDR|SPARC|DLL1,0.0,0,1,0,0,-5.495253407979082,13.706896551724137,
1,-2.1067110124382795,GO:0048514,M1,1,0,GO Biological Processes,19,blood vessel morphogenesis,19_GO:0032502 developmental process,-2.1067110124382795,2.185157421289355,2.8881701786569134,795,69,58,11,18.96551724137931,5.147582090425587,634|1969|2348|3491|3685|3791|7048|11082|11126|28514|84870,CEACAM1|EPHA2|FOLR1|CCN1|ITGAV|KDR|TGFBR2|ESM1|CD160|DLL1|RSPO3,0.0,0,1,0,0,-5.495253407979082,13.706896551724137,
1,-2.0386901197090976,GO:0002064,M1,1,0,GO Biological Processes,19,epithelial cell development,19_GO:0032502 developmental process,-2.0386901197090976,3.607078039927405,3.2247085967235796,795,19,58,5,8.620689655172415,3.6853687304090257,1969|3791|5420|6382|28514,EPHA2|KDR|PODXL|SDC1|DLL1,0.0,0,1,0,0,-5.495253407979082,13.706896551724137,
1,-4.227107914485363,GO:0045765,M1,1,0,GO Biological Processes,19,regulation of angiogenesis,19_GO:0032502 developmental process,-4.227107914485363,3.2398119122257056,4.8268915251385724,795,55,58,13,22.413793103448278,5.475653305472801,356|634|1969|2064|3627|3791|4192|6678|7048|7098|10563|11126|28514,FASLG|CEACAM1|EPHA2|ERBB2|CXCL10|KDR|MDK|SPARC|TGFBR2|TLR3|CXCL13|CD160|DLL1,-0.532151912235545,0,2,1,1,-4.227107914485363,3.8074712643678166,
1,-3.9640307301506086,GO:1901342,M1,1,0,GO Biological Processes,19,regulation of vasculature development,19_GO:0032502 developmental process,-3.9640307301506086,3.0722354340071347,4.595257499833109,795,58,58,13,22.413793103448278,5.475653305472801,356|634|1969|2064|3627|3791|4192|6678|7048|7098|10563|11126|28514,FASLG|CEACAM1|EPHA2|ERBB2|CXCL10|KDR|MDK|SPARC|TGFBR2|TLR3|CXCL13|CD160|DLL1,-0.39401346450909036,0,2,0,0,-4.227107914485363,3.8074712643678166,
1,-2.146595144261642,GO:0016525,M1,1,0,GO Biological Processes,19,negative regulation of angiogenesis,19_GO:0032502 developmental process,-2.146595144261642,3.8074712643678166,3.3777816107427387,795,18,58,5,8.620689655172415,3.6853687304090257,356|1969|3627|6678|11126,FASLG|EPHA2|CXCL10|SPARC|CD160,0.0,0,2,0,0,-4.227107914485363,3.8074712643678166,
1,-2.146595144261642,GO:2000181,M1,1,0,GO Biological Processes,19,negative regulation of blood vessel morphogenesis,19_GO:0032502 developmental process,-2.146595144261642,3.8074712643678166,3.3777816107427387,795,18,58,5,8.620689655172415,3.6853687304090257,356|1969|3627|6678|11126,FASLG|EPHA2|CXCL10|SPARC|CD160,0.0,0,2,0,0,-4.227107914485363,3.8074712643678166,
1,-2.0386901197090976,GO:1901343,M1,1,0,GO Biological Processes,19,negative regulation of vasculature development,19_GO:0032502 developmental process,-2.0386901197090976,3.607078039927405,3.2247085967235796,795,19,58,5,8.620689655172415,3.6853687304090257,356|1969|3627|6678|11126,FASLG|EPHA2|CXCL10|SPARC|CD160,0.0,0,2,0,0,-4.227107914485363,3.8074712643678166,
1,-3.2782481597820925,GO:0031547,M1,1,0,GO Biological Processes,19,brain-derived neurotrophic factor receptor signaling pathway,19_GO:0050896 response to stimulus,-3.2782481597820925,5.140086206896552,4.690197716139205,795,16,58,6,10.344827586206897,3.9988517766469047,1969|2064|2066|3480|3791|5979,EPHA2|ERBB2|ERBB4|IGF1R|KDR|RET,-0.2822621618682931,0,3,1,1,-3.2782481597820925,5.140086206896552,
1,-3.2782481597820925,GO:0035790,M1,1,0,GO Biological Processes,19,platelet-derived growth factor receptor-alpha signaling pathway,19_GO:0050896 response to stimulus,-3.2782481597820925,5.140086206896552,4.690197716139205,795,16,58,6,10.344827586206897,3.9988517766469047,1969|2064|2066|3480|3791|5979,EPHA2|ERBB2|ERBB4|IGF1R|KDR|RET,-0.2822621618682931,0,3,0,0,-3.2782481597820925,5.140086206896552,
1,-3.2782481597820925,GO:0036215,M1,1,0,GO Biological Processes,19,response to stem cell factor,19_GO:0050896 response to stimulus,-3.2782481597820925,5.140086206896552,4.690197716139205,795,16,58,6,10.344827586206897,3.9988517766469047,1969|2064|2066|3480|3791|5979,EPHA2|ERBB2|ERBB4|IGF1R|KDR|RET,-0.2822621618682931,0,3,0,0,-3.2782481597820925,5.140086206896552,
1,-3.2782481597820925,GO:0036216,M1,1,0,GO Biological Processes,19,cellular response to stem cell factor stimulus,19_GO:0050896 response to stimulus,-3.2782481597820925,5.140086206896552,4.690197716139205,795,16,58,6,10.344827586206897,3.9988517766469047,1969|2064|2066|3480|3791|5979,EPHA2|ERBB2|ERBB4|IGF1R|KDR|RET,-0.2822621618682931,0,3,0,0,-3.2782481597820925,5.140086206896552,
1,-3.2782481597820925,GO:0036323,M1,1,0,GO Biological Processes,19,vascular endothelial growth factor receptor-1 signaling pathway,19_GO:0050896 response to stimulus,-3.2782481597820925,5.140086206896552,4.690197716139205,795,16,58,6,10.344827586206897,3.9988517766469047,1969|2064|2066|3480|3791|5979,EPHA2|ERBB2|ERBB4|IGF1R|KDR|RET,-0.2822621618682931,0,3,0,0,-3.2782481597820925,5.140086206896552,
1,-3.2782481597820925,GO:0038109,M1,1,0,GO Biological Processes,19,Kit signaling pathway,19_GO:0050896 response to stimulus,-3.2782481597820925,5.140086206896552,4.690197716139205,795,16,58,6,10.344827586206897,3.9988517766469047,1969|2064|2066|3480|3791|5979,EPHA2|ERBB2|ERBB4|IGF1R|KDR|RET,-0.2822621618682931,0,3,0,0,-3.2782481597820925,5.140086206896552,
1,-3.2782481597820925,GO:0048009,M1,1,0,GO Biological Processes,19,insulin-like growth factor receptor signaling pathway,19_GO:0050896 response to stimulus,-3.2782481597820925,5.140086206896552,4.690197716139205,795,16,58,6,10.344827586206897,3.9988517766469047,1969|2064|2066|3480|3791|5979,EPHA2|ERBB2|ERBB4|IGF1R|KDR|RET,-0.2822621618682931,0,3,0,0,-3.2782481597820925,5.140086206896552,
1,-3.114384300991695,GO:0036006,M1,1,0,GO Biological Processes,19,cellular response to macrophage colony-stimulating factor stimulus,19_GO:0050896 response to stimulus,-3.114384300991695,4.837728194726166,4.484348734689873,795,17,58,6,10.344827586206897,3.9988517766469047,1969|2064|2066|3480|3791|5979,EPHA2|ERBB2|ERBB4|IGF1R|KDR|RET,-0.22106064497504327,0,3,0,0,-3.2782481597820925,5.140086206896552,
1,-3.114384300991695,GO:0038063,M1,1,0,GO Biological Processes,19,collagen-activated tyrosine kinase receptor signaling pathway,19_GO:0050896 response to stimulus,-3.114384300991695,4.837728194726166,4.484348734689873,795,17,58,6,10.344827586206897,3.9988517766469047,1969|2064|2066|3480|3791|5979,EPHA2|ERBB2|ERBB4|IGF1R|KDR|RET,-0.22106064497504327,0,3,0,0,-3.2782481597820925,5.140086206896552,
1,-3.114384300991695,GO:0038145,M1,1,0,GO Biological Processes,19,macrophage colony-stimulating factor signaling pathway,19_GO:0050896 response to stimulus,-3.114384300991695,4.837728194726166,4.484348734689873,795,17,58,6,10.344827586206897,3.9988517766469047,1969|2064|2066|3480|3791|5979,EPHA2|ERBB2|ERBB4|IGF1R|KDR|RET,-0.22106064497504327,0,3,0,0,-3.2782481597820925,5.140086206896552,
1,-3.114384300991695,GO:0048012,M1,1,0,GO Biological Processes,19,hepatocyte growth factor receptor signaling pathway,19_GO:0050896 response to stimulus,-3.114384300991695,4.837728194726166,4.484348734689873,795,17,58,6,10.344827586206897,3.9988517766469047,1969|2064|2066|3480|3791|5979,EPHA2|ERBB2|ERBB4|IGF1R|KDR|RET,-0.22106064497504327,0,3,0,0,-3.2782481597820925,5.140086206896552,
1,-3.002086258328239,GO:0032869,M1,1,0,GO Biological Processes,19,cellular response to insulin stimulus,19_GO:0050896 response to stimulus,-3.002086258328239,3.9978448275862064,4.180979954315371,795,24,58,7,12.068965517241379,4.277520678657319,634|1969|2064|2066|3480|3791|5979,CEACAM1|EPHA2|ERBB2|ERBB4|IGF1R|KDR|RET,-0.17161025937106458,0,3,0,0,-3.2782481597820925,5.140086206896552,
1,-3.002086258328239,GO:0035924,M1,1,0,GO Biological Processes,19,cellular response to vascular endothelial growth factor stimulus,19_GO:0050896 response to stimulus,-3.002086258328239,3.9978448275862064,4.180979954315371,795,24,58,7,12.068965517241379,4.277520678657319,301|1969|2064|2066|3480|3791|5979,ANXA1|EPHA2|ERBB2|ERBB4|IGF1R|KDR|RET,-0.17161025937106458,0,3,0,0,-3.2782481597820925,5.140086206896552,
1,-2.963476274628939,GO:0008286,M1,1,0,GO Biological Processes,19,insulin receptor signaling pathway,19_GO:0050896 response to stimulus,-2.963476274628939,4.568965517241379,4.29396597803734,795,18,58,6,10.344827586206897,3.9988517766469047,1969|2064|2066|3480|3791|5979,EPHA2|ERBB2|ERBB4|IGF1R|KDR|RET,-0.17161025937106458,0,3,0,0,-3.2782481597820925,5.140086206896552,
1,-2.963476274628939,GO:0036005,M1,1,0,GO Biological Processes,19,response to macrophage colony-stimulating factor,19_GO:0050896 response to stimulus,-2.963476274628939,4.568965517241379,4.29396597803734,795,18,58,6,10.344827586206897,3.9988517766469047,1969|2064|2066|3480|3791|5979,EPHA2|ERBB2|ERBB4|IGF1R|KDR|RET,-0.17161025937106458,0,3,0,0,-3.2782481597820925,5.140086206896552,
1,-2.823839534814627,GO:0035791,M1,1,0,GO Biological Processes,19,platelet-derived growth factor receptor-beta signaling pathway,19_GO:0050896 response to stimulus,-2.823839534814627,4.328493647912886,4.117031372357149,795,19,58,6,10.344827586206897,3.9988517766469047,1969|2064|2066|3480|3791|5979,EPHA2|ERBB2|ERBB4|IGF1R|KDR|RET,-0.1569122561650522,0,3,0,0,-3.2782481597820925,5.140086206896552,
1,-2.823839534814627,GO:0038065,M1,1,0,GO Biological Processes,19,collagen-activated signaling pathway,19_GO:0050896 response to stimulus,-2.823839534814627,4.328493647912886,4.117031372357149,795,19,58,6,10.344827586206897,3.9988517766469047,1969|2064|2066|3480|3791|5979,EPHA2|ERBB2|ERBB4|IGF1R|KDR|RET,-0.1569122561650522,0,3,0,0,-3.2782481597820925,5.140086206896552,
1,-2.694100771347463,GO:0038084,M1,1,0,GO Biological Processes,19,vascular endothelial growth factor signaling pathway,19_GO:0050896 response to stimulus,-2.694100771347463,4.112068965517241,3.9518810435999727,795,20,58,6,10.344827586206897,3.9988517766469047,1969|2064|2066|3480|3791|5979,EPHA2|ERBB2|ERBB4|IGF1R|KDR|RET,-0.05350243142023751,0,3,0,0,-3.2782481597820925,5.140086206896552,
1,-2.668880393988236,GO:0038127,M1,1,0,GO Biological Processes,19,ERBB signaling pathway,19_GO:0050896 response to stimulus,-2.668880393988236,3.5536398467432946,3.7848739677947516,795,27,58,7,12.068965517241379,4.277520678657319,1969|2064|2065|2066|3480|3791|5979,EPHA2|ERBB2|ERBB3|ERBB4|IGF1R|KDR|RET,-0.045823265555274544,0,3,0,0,-3.2782481597820925,5.140086206896552,
1,-2.5731250220236674,GO:0048010,M1,1,0,GO Biological Processes,19,vascular endothelial growth factor receptor signaling pathway,19_GO:0050896 response to stimulus,-2.5731250220236674,3.916256157635468,3.7971288969021386,795,21,58,6,10.344827586206897,3.9988517766469047,1969|2064|2066|3480|3791|5979,EPHA2|ERBB2|ERBB4|IGF1R|KDR|RET,-0.013831621773922368,0,3,0,0,-3.2782481597820925,5.140086206896552,
1,-2.459963092735947,GO:0048013,M1,1,0,GO Biological Processes,19,ephrin receptor signaling pathway,19_GO:0050896 response to stimulus,-2.459963092735947,3.738244514106583,3.651609462286613,795,22,58,6,10.344827586206897,3.9988517766469047,1969|2064|2066|3480|3791|5979,EPHA2|ERBB2|ERBB4|IGF1R|KDR|RET,0.0,0,3,0,0,-3.2782481597820925,5.140086206896552,
1,-2.429973000948431,GO:0007507,M1,1,0,GO Biological Processes,19,heart development,19_GO:0032502 developmental process,-2.429973000948431,2.538314176245211,3.282640491726795,795,54,58,10,17.24137931034483,4.9599651877798365,1363|2064|2065|2066|2348|3480|3491|3791|7048|28514,CPE|ERBB2|ERBB3|ERBB4|FOLR1|IGF1R|CCN1|KDR|TGFBR2|DLL1,0.0,0,3,0,0,-3.2782481597820925,5.140086206896552,
1,-2.3538128126579236,GO:0048008,M1,1,0,GO Biological Processes,19,platelet-derived growth factor receptor signaling pathway,19_GO:0050896 response to stimulus,-2.3538128126579236,3.575712143928036,3.514334512238331,795,23,58,6,10.344827586206897,3.9988517766469047,1969|2064|2066|3480|3791|5979,EPHA2|ERBB2|ERBB4|IGF1R|KDR|RET,0.0,0,3,0,0,-3.2782481597820925,5.140086206896552,
1,-2.1385985102789093,GO:0071375,M1,1,0,GO Biological Processes,19,cellular response to peptide hormone stimulus,19_GO:0050896 response to stimulus,-2.1385985102789093,2.9075235109717865,3.137905698316052,795,33,58,7,12.068965517241379,4.277520678657319,634|1969|2064|2066|3480|3791|5979,CEACAM1|EPHA2|ERBB2|ERBB4|IGF1R|KDR|RET,0.0,0,3,0,0,-3.2782481597820925,5.140086206896552,
1,-2.0710511013739175,GO:0007173,M1,1,0,GO Biological Processes,19,epidermal growth factor receptor signaling pathway,19_GO:0050896 response to stimulus,-2.0710511013739175,3.163129973474801,3.1441019744833762,795,26,58,6,10.344827586206897,3.9988517766469047,1969|2064|2066|3480|3791|5979,EPHA2|ERBB2|ERBB4|IGF1R|KDR|RET,0.0,0,3,0,0,-3.2782481597820925,5.140086206896552,
1,-2.0637852416930786,GO:0044344,M1,1,0,GO Biological Processes,19,cellular response to fibroblast growth factor stimulus,19_GO:0050896 response to stimulus,-2.0637852416930786,2.8220081135902633,3.0443034566631013,795,34,58,7,12.068965517241379,4.277520678657319,1969|2064|2066|3480|3791|5979|10563,EPHA2|ERBB2|ERBB4|IGF1R|KDR|RET|CXCL13,0.0,0,3,0,0,-3.2782481597820925,5.140086206896552,
1,-2.0637852416930786,GO:0071774,M1,1,0,GO Biological Processes,19,response to fibroblast growth factor,19_GO:0050896 response to stimulus,-2.0637852416930786,2.8220081135902633,3.0443034566631013,795,34,58,7,12.068965517241379,4.277520678657319,1969|2064|2066|3480|3791|5979|10563,EPHA2|ERBB2|ERBB4|IGF1R|KDR|RET|CXCL13,0.0,0,3,0,0,-3.2782481597820925,5.140086206896552,
1,-2.9898644441306383,GO:0045785,M1,1,0,GO Biological Processes,19,positive regulation of cell adhesion,19_GO:0048518 positive regulation of biological process,-2.9898644441306383,2.28448275862069,3.627817901272604,795,90,58,15,25.862068965517242,5.749603112801239,301|939|2064|3491|3685|3791|3956|4192|5420|5979|6370|7048|10563|11126|23308,ANXA1|CD27|ERBB2|CCN1|ITGAV|KDR|LGALS1|MDK|PODXL|RET|CCL25|TGFBR2|CXCL13|CD160|ICOSLG,-0.17161025937106458,0,4,1,1,-2.9898644441306383,2.28448275862069,
1,-2.5876036164929324,GO:0030335,M1,1,0,GO Biological Processes,19,positive regulation of cell migration,19_GO:0040011 locomotion,-2.5876036164929324,2.097994370161858,3.2545224087542546,795,98,58,15,25.862068965517242,5.749603112801239,301|1969|3480|3491|3627|3685|3791|4192|5420|5979|6370|6678|7048|8840|10563,ANXA1|EPHA2|IGF1R|CCN1|CXCL10|ITGAV|KDR|MDK|PODXL|RET|CCL25|SPARC|TGFBR2|CCN4|CXCL13,-0.013831621773922368,0,4,0,0,-2.9898644441306383,2.28448275862069,
1,-2.5876036164929324,GO:2000147,M1,1,0,GO Biological Processes,19,positive regulation of cell motility,19_GO:0040011 locomotion,-2.5876036164929324,2.097994370161858,3.2545224087542546,795,98,58,15,25.862068965517242,5.749603112801239,301|1969|3480|3491|3627|3685|3791|4192|5420|5979|6370|6678|7048|8840|10563,ANXA1|EPHA2|IGF1R|CCN1|CXCL10|ITGAV|KDR|MDK|PODXL|RET|CCL25|SPARC|TGFBR2|CCN4|CXCL13,-0.013831621773922368,0,4,0,0,-2.9898644441306383,2.28448275862069,
1,-2.4955431377036836,GO:0040017,M1,1,0,GO Biological Processes,19,positive regulation of locomotion,19_GO:0040011 locomotion,-2.4955431377036836,2.056034482758621,3.166476004093724,795,100,58,15,25.862068965517242,5.749603112801239,301|1969|3480|3491|3627|3685|3791|4192|5420|5979|6370|6678|7048|8840|10563,ANXA1|EPHA2|IGF1R|CCN1|CXCL10|ITGAV|KDR|MDK|PODXL|RET|CCL25|SPARC|TGFBR2|CCN4|CXCL13,0.0,0,4,0,0,-2.9898644441306383,2.28448275862069,
1,-2.85313979154978,GO:0033690,M1,1,0,GO Biological Processes,19,positive regulation of osteoblast proliferation,19_GO:0048518 positive regulation of biological process,-2.85313979154978,10.280172413793103,5.216609199443624,795,4,58,3,5.172413793103448,2.9080373606172647,3480|3491|3685,IGF1R|CCN1|ITGAV,-0.1569122561650522,0,5,1,1,-2.85313979154978,10.280172413793103,
1,-2.842588592394594,GO:0002011,M1,1,0,GO Biological Processes,19,morphogenesis of an epithelial sheet,19_GO:0032502 developmental process,-2.842588592394594,6.8534482758620685,4.665088815850783,795,8,58,4,6.896551724137931,3.327245797772467,634|3491|3685|3693,CEACAM1|CCN1|ITGAV|ITGB5,-0.1569122561650522,0,5,0,0,-2.85313979154978,10.280172413793103,
1,-2.842588592394594,GO:0044319,M1,1,0,GO Biological Processes,19,"wound healing, spreading of cells",19_GO:0032502 developmental process,-2.842588592394594,6.8534482758620685,4.665088815850783,795,8,58,4,6.896551724137931,3.327245797772467,634|3491|3685|3693,CEACAM1|CCN1|ITGAV|ITGB5,-0.1569122561650522,0,5,0,0,-2.85313979154978,10.280172413793103,
1,-2.842588592394594,GO:0090504,M1,1,0,GO Biological Processes,19,epiboly,19_GO:0032502 developmental process,-2.842588592394594,6.8534482758620685,4.665088815850783,795,8,58,4,6.896551724137931,3.327245797772467,634|3491|3685|3693,CEACAM1|CCN1|ITGAV|ITGB5,-0.1569122561650522,0,5,0,0,-2.85313979154978,10.280172413793103,
1,-2.842588592394594,GO:0090505,M1,1,0,GO Biological Processes,19,epiboly involved in wound healing,19_GO:0032502 developmental process,-2.842588592394594,6.8534482758620685,4.665088815850783,795,8,58,4,6.896551724137931,3.327245797772467,634|3491|3685|3693,CEACAM1|CCN1|ITGAV|ITGB5,-0.1569122561650522,0,5,0,0,-2.85313979154978,10.280172413793103,
1,-2.661598021757468,GO:0009611,M1,1,0,GO Biological Processes,19,response to wounding,19_GO:0050896 response to stimulus,-2.661598021757468,2.418864097363083,3.4301929858326954,795,68,58,12,20.689655172413794,5.318970094255658,634|2064|2065|2348|3491|3685|3693|3791|4192|7098|7980|11202,CEACAM1|ERBB2|ERBB3|FOLR1|CCN1|ITGAV|ITGB5|KDR|MDK|TLR3|TFPI2|KLK8,-0.045823265555274544,0,5,0,0,-2.85313979154978,10.280172413793103,
1,-2.85313979154978,GO:0010656,M1,1,0,GO Biological Processes,19,negative regulation of muscle cell apoptotic process,19_GO:0048519 negative regulation of biological process,-2.85313979154978,10.280172413793103,5.216609199443624,795,4,58,3,5.172413793103448,2.9080373606172647,3480|4192|27076,IGF1R|MDK|LYPD3,-0.1569122561650522,0,6,1,1,-2.85313979154978,10.280172413793103,
1,-2.694100771347463,GO:1902106,M1,1,0,GO Biological Processes,19,negative regulation of leukocyte differentiation,19_GO:0002376 immune system process,-2.694100771347463,4.112068965517241,3.9518810435999727,795,20,58,6,10.344827586206897,3.9988517766469047,301|634|2064|3956|4192|7098,ANXA1|CEACAM1|ERBB2|LGALS1|MDK|TLR3,-0.05350243142023751,0,7,1,1,-2.694100771347463,4.984326018808777,
1,-2.5731250220236674,GO:1903707,M1,1,0,GO Biological Processes,19,negative regulation of hemopoiesis,19_GO:0002376 immune system process,-2.5731250220236674,3.916256157635468,3.7971288969021386,795,21,58,6,10.344827586206897,3.9988517766469047,301|634|2064|3956|4192|7098,ANXA1|CEACAM1|ERBB2|LGALS1|MDK|TLR3,-0.013831621773922368,0,7,0,0,-2.694100771347463,4.984326018808777,
1,-2.241799404162834,GO:0045581,M1,1,0,GO Biological Processes,19,negative regulation of T cell differentiation,19_GO:0002376 immune system process,-2.241799404162834,4.984326018808777,3.7306429237932752,795,11,58,4,6.896551724137931,3.327245797772467,301|2064|3956|4192,ANXA1|ERBB2|LGALS1|MDK,0.0,0,7,0,0,-2.694100771347463,4.984326018808777,
1,-2.0898373546640987,GO:0045620,M1,1,0,GO Biological Processes,19,negative regulation of lymphocyte differentiation,19_GO:0002376 immune system process,-2.0898373546640987,4.568965517241379,3.492549724021808,795,12,58,4,6.896551724137931,3.327245797772467,301|2064|3956|4192,ANXA1|ERBB2|LGALS1|MDK,0.0,0,7,0,0,-2.694100771347463,4.984326018808777,
1,-2.4783659122807884,GO:0033630,M1,1,0,GO Biological Processes,19,positive regulation of cell adhesion mediated by integrin,19_GO:0048518 positive regulation of biological process,-2.4783659122807884,8.224137931034482,4.543054951947341,795,5,58,3,5.172413793103448,2.9080373606172647,5420|5979|10563,PODXL|RET|CXCL13,0.0,0,8,1,1,-2.4783659122807884,8.224137931034482,
1,-2.241799404162834,GO:0033628,M1,1,0,GO Biological Processes,19,regulation of cell adhesion mediated by integrin,19_GO:0050789 regulation of biological process,-2.241799404162834,4.984326018808777,3.7306429237932752,795,11,58,4,6.896551724137931,3.327245797772467,1969|5420|5979|10563,EPHA2|PODXL|RET|CXCL13,0.0,0,8,0,0,-2.4783659122807884,8.224137931034482,
