Gene,_SCORE_GRP4_,_SCORE_GRP2_,_SCORE_GRP3_,_SCORE_GRP1_,_SCORE_GRP8_,_SCORE_GRP5_,_SCORE_GRP7_,_SCORE_GRP6_,GRP1|19_GO:0048729|-4.296|tissue morphogenesis,GRP1|19_GO:0002009|-5.495|morphogenesis of an epithelium,GRP1|19_GO:0035239|-2.405|tube morphogenesis,GRP1|19_GO:0048514|-2.107|blood vessel morphogenesis,GRP1|19_GO:0048598|-3.429|embryonic morphogenesis,GRP1|19_GO:0048568|-2.156|embryonic organ development,GRP1|19_GO:0048880|-2.354|sensory system development,GRP1|19_GO:0001654|-2.354|eye development,GRP1|19_GO:0150063|-2.354|visual system development,GRP1|19_GO:0090596|-2.147|sensory organ morphogenesis,GRP1|19_GO:0048592|-2.612|eye morphogenesis,GRP1|19_GO:0002064|-2.039|epithelial cell development,GRP1|19_GO:0002040|-2.263|sprouting angiogenesis,GRP1|19_GO:0048562|-2.528|embryonic organ morphogenesis,GRP1|19_GO:0003143|-3.432|embryonic heart tube morphogenesis,GRP1|19_GO:0001947|-3.432|heart looping,GRP1|19_GO:0061371|-3.432|determination of heart left/right asymmetry,GRP1|19_GO:0035050|-2.478|embryonic heart tube development,GRP2|19_GO:1901342|-3.964|regulation of vasculature development,GRP2|19_GO:0045765|-4.227|regulation of angiogenesis,GRP2|19_GO:2000181|-2.147|negative regulation of blood vessel morphogenesis,GRP2|19_GO:0016525|-2.147|negative regulation of angiogenesis,GRP2|19_GO:1901343|-2.039|negative regulation of vasculature development,GRP3|19_GO:0007507|-2.430|heart development,GRP3|19_GO:0071774|-2.064|response to fibroblast growth factor,GRP3|19_GO:0044344|-2.064|cellular response to fibroblast growth factor stimulus,GRP3|19_GO:0071375|-2.139|cellular response to peptide hormone stimulus,GRP3|19_GO:0032869|-3.002|cellular response to insulin stimulus,GRP3|19_GO:0038127|-2.669|ERBB signaling pathway,GRP3|19_GO:0035924|-3.002|cellular response to vascular endothelial growth factor stimulus,GRP3|19_GO:0035790|-3.278|platelet-derived growth factor receptor-alpha signaling pathway,GRP3|19_GO:0031547|-3.278|brain-derived neurotrophic factor receptor signaling pathway,GRP3|19_GO:0036215|-3.278|response to stem cell factor,GRP3|19_GO:0036216|-3.278|cellular response to stem cell factor stimulus,GRP3|19_GO:0036323|-3.278|vascular endothelial growth factor receptor-1 signaling pathway,GRP3|19_GO:0038109|-3.278|Kit signaling pathway,GRP3|19_GO:0048009|-3.278|insulin-like growth factor receptor signaling pathway,GRP3|19_GO:0036006|-3.114|cellular response to macrophage colony-stimulating factor stimulus,GRP3|19_GO:0038063|-3.114|collagen-activated tyrosine kinase receptor signaling pathway,GRP3|19_GO:0038145|-3.114|macrophage colony-stimulating factor signaling pathway,GRP3|19_GO:0048012|-3.114|hepatocyte growth factor receptor signaling pathway,GRP3|19_GO:0008286|-2.963|insulin receptor signaling pathway,GRP3|19_GO:0036005|-2.963|response to macrophage colony-stimulating factor,GRP3|19_GO:0035791|-2.824|platelet-derived growth factor receptor-beta signaling pathway,GRP3|19_GO:0038065|-2.824|collagen-activated signaling pathway,GRP3|19_GO:0038084|-2.694|vascular endothelial growth factor signaling pathway,GRP3|19_GO:0048010|-2.573|vascular endothelial growth factor receptor signaling pathway,GRP3|19_GO:0048013|-2.460|ephrin receptor signaling pathway,GRP3|19_GO:0048008|-2.354|platelet-derived growth factor receptor signaling pathway,GRP3|19_GO:0007173|-2.071|epidermal growth factor receptor signaling pathway,GRP4|19_GO:2000147|-2.588|positive regulation of cell motility,GRP4|19_GO:0030335|-2.588|positive regulation of cell migration,GRP4|19_GO:0040017|-2.496|positive regulation of locomotion,GRP4|19_GO:0045785|-2.990|positive regulation of cell adhesion,GRP5|19_GO:0009611|-2.662|response to wounding,"GRP5|19_GO:0044319|-2.843|wound healing, spreading of cells",GRP5|19_GO:0002011|-2.843|morphogenesis of an epithelial sheet,GRP5|19_GO:0090504|-2.843|epiboly,GRP5|19_GO:0090505|-2.843|epiboly involved in wound healing,GRP5|19_GO:0033690|-2.853|positive regulation of osteoblast proliferation,GRP6|19_GO:0010656|-2.853|negative regulation of muscle cell apoptotic process,GRP7|19_GO:1903707|-2.573|negative regulation of hemopoiesis,GRP7|19_GO:1902106|-2.694|negative regulation of leukocyte differentiation,GRP7|19_GO:0045620|-2.090|negative regulation of lymphocyte differentiation,GRP7|19_GO:0045581|-2.242|negative regulation of T cell differentiation,GRP8|19_GO:0033628|-2.242|regulation of cell adhesion mediated by integrin,GRP8|19_GO:0033630|-2.478|positive regulation of cell adhesion mediated by integrin,_SORT_,_SORT_GRP1_,_SORT_GRP2_,_SORT_GRP3_,_SORT_GRP4_,_SORT_GRP5_,_SORT_GRP6_,_SORT_GRP7_,_SORT_GRP8_
3791,1.0,0.4,1.0,0.6666666666666666,0.0,0.16666666666666666,0.0,0.0,0.3,0.3,0.1,0.1,0.0,0.1,0.1,0.1,0.1,0.1,0.1,0.1,0.1,0.0,0.0,0.0,0.0,0.0,0.2,0.3,0.0,0.0,0.0,0.1,0.1,0.1,0.1,0.2,0.1,0.2,0.2,0.2,0.2,0.2,0.2,0.2,0.2,0.2,0.2,0.2,0.2,0.1,0.1,0.1,0.1,0.1,0.1,0.1,0.1,0.1,0.1,0.1,0.1,0.1,0.1,0.0,0.0,0.0,0.0,0.0,0.0,0.0,0.0,0.0,0.0,0.0,0.0,3,3,7,2,2,6,0,0,0
11126,0.25,1.0,0.0,0.1111111111111111,0.0,0.0,0.0,0.0,0.0,0.0,0.1,0.1,0.0,0.0,0.0,0.0,0.0,0.0,0.0,0.0,0.0,0.0,0.0,0.0,0.0,0.0,0.2,0.3,0.1,0.1,0.1,0.0,0.0,0.0,0.0,0.0,0.0,0.0,0.0,0.0,0.0,0.0,0.0,0.0,0.0,0.0,0.0,0.0,0.0,0.0,0.0,0.0,0.0,0.0,0.0,0.0,0.0,0.0,0.0,0.0,0.0,0.1,0.0,0.0,0.0,0.0,0.0,0.0,0.0,0.0,0.0,0.0,0.0,0.0,0.0,17,14,2,0,17,0,0,0,0
11202,0.0,0.0,0.0,0.0,0.0,0.16666666666666666,0.0,0.0,0.0,0.0,0.0,0.0,0.0,0.0,0.0,0.0,0.0,0.0,0.0,0.0,0.0,0.0,0.0,0.0,0.0,0.0,0.0,0.0,0.0,0.0,0.0,0.0,0.0,0.0,0.0,0.0,0.0,0.0,0.0,0.0,0.0,0.0,0.0,0.0,0.0,0.0,0.0,0.0,0.0,0.0,0.0,0.0,0.0,0.0,0.0,0.0,0.0,0.0,0.0,0.0,0.0,0.0,0.1,0.0,0.0,0.0,0.0,0.0,0.0,0.0,0.0,0.0,0.0,0.0,0.0,32,0,0,0,0,5,0,0,0
28514,0.0,0.4,0.037037037037037035,1.0,0.0,0.0,0.0,0.0,0.3,0.3,0.1,0.1,0.2,0.1,0.1,0.1,0.1,0.1,0.1,0.1,0.1,0.1,0.2,0.2,0.2,0.1,0.2,0.3,0.0,0.0,0.0,0.1,0.0,0.0,0.0,0.0,0.0,0.0,0.0,0.0,0.0,0.0,0.0,0.0,0.0,0.0,0.0,0.0,0.0,0.0,0.0,0.0,0.0,0.0,0.0,0.0,0.0,0.0,0.0,0.0,0.0,0.0,0.0,0.0,0.0,0.0,0.0,0.0,0.0,0.0,0.0,0.0,0.0,0.0,0.0,14,1,6,11,0,0,0,0,0
3491,1.0,0.0,0.037037037037037035,0.3333333333333333,0.0,1.0,0.0,0.0,0.3,0.3,0.1,0.1,0.2,0.1,0.0,0.0,0.0,0.0,0.0,0.0,0.0,0.0,0.0,0.0,0.0,0.0,0.0,0.0,0.0,0.0,0.0,0.1,0.0,0.0,0.0,0.0,0.0,0.0,0.0,0.0,0.0,0.0,0.0,0.0,0.0,0.0,0.0,0.0,0.0,0.0,0.0,0.0,0.0,0.0,0.0,0.0,0.0,0.0,0.1,0.1,0.1,0.1,0.1,0.1,0.1,0.1,0.1,0.1,0.0,0.0,0.0,0.0,0.0,0.0,0.0,11,10,0,10,1,2,0,0,0
23308,0.25,0.0,0.0,0.0,0.0,0.0,0.0,0.0,0.0,0.0,0.0,0.0,0.0,0.0,0.0,0.0,0.0,0.0,0.0,0.0,0.0,0.0,0.0,0.0,0.0,0.0,0.0,0.0,0.0,0.0,0.0,0.0,0.0,0.0,0.0,0.0,0.0,0.0,0.0,0.0,0.0,0.0,0.0,0.0,0.0,0.0,0.0,0.0,0.0,0.0,0.0,0.0,0.0,0.0,0.0,0.0,0.0,0.0,0.0,0.0,0.0,0.1,0.0,0.0,0.0,0.0,0.0,0.0,0.0,0.0,0.0,0.0,0.0,0.0,0.0,29,0,0,0,16,0,0,0,0
8840,0.75,0.0,0.0,0.0,0.0,0.0,0.0,0.0,0.0,0.0,0.0,0.0,0.0,0.0,0.0,0.0,0.0,0.0,0.0,0.0,0.0,0.0,0.0,0.0,0.0,0.0,0.0,0.0,0.0,0.0,0.0,0.0,0.0,0.0,0.0,0.0,0.0,0.0,0.0,0.0,0.0,0.0,0.0,0.0,0.0,0.0,0.0,0.0,0.0,0.0,0.0,0.0,0.0,0.0,0.0,0.0,0.0,0.0,0.1,0.1,0.1,0.0,0.0,0.0,0.0,0.0,0.0,0.0,0.0,0.0,0.0,0.0,0.0,0.0,0.0,24,0,0,0,12,0,0,0,0
3627,0.75,1.0,0.0,0.0,0.0,0.0,0.0,0.0,0.0,0.0,0.0,0.0,0.0,0.0,0.0,0.0,0.0,0.0,0.0,0.0,0.0,0.0,0.0,0.0,0.0,0.0,0.2,0.3,0.1,0.1,0.1,0.0,0.0,0.0,0.0,0.0,0.0,0.0,0.0,0.0,0.0,0.0,0.0,0.0,0.0,0.0,0.0,0.0,0.0,0.0,0.0,0.0,0.0,0.0,0.0,0.0,0.0,0.0,0.1,0.1,0.1,0.0,0.0,0.0,0.0,0.0,0.0,0.0,0.0,0.0,0.0,0.0,0.0,0.0,0.0,16,0,1,0,11,0,0,0,0
3956,0.25,0.0,0.0,0.0,0.0,0.0,1.0,0.0,0.0,0.0,0.0,0.0,0.0,0.0,0.0,0.0,0.0,0.0,0.0,0.0,0.0,0.0,0.0,0.0,0.0,0.0,0.0,0.0,0.0,0.0,0.0,0.0,0.0,0.0,0.0,0.0,0.0,0.0,0.0,0.0,0.0,0.0,0.0,0.0,0.0,0.0,0.0,0.0,0.0,0.0,0.0,0.0,0.0,0.0,0.0,0.0,0.0,0.0,0.0,0.0,0.0,0.1,0.0,0.0,0.0,0.0,0.0,0.0,0.0,0.1,0.1,0.1,0.1,0.0,0.0,10,0,0,0,18,0,0,2,0
1363,0.0,0.0,0.037037037037037035,0.0,0.0,0.0,0.0,0.0,0.0,0.0,0.0,0.0,0.0,0.0,0.0,0.0,0.0,0.0,0.0,0.0,0.0,0.0,0.0,0.0,0.0,0.0,0.0,0.0,0.0,0.0,0.0,0.1,0.0,0.0,0.0,0.0,0.0,0.0,0.0,0.0,0.0,0.0,0.0,0.0,0.0,0.0,0.0,0.0,0.0,0.0,0.0,0.0,0.0,0.0,0.0,0.0,0.0,0.0,0.0,0.0,0.0,0.0,0.0,0.0,0.0,0.0,0.0,0.0,0.0,0.0,0.0,0.0,0.0,0.0,0.0,36,0,0,12,0,0,0,0,0
11082,0.0,0.0,0.0,0.16666666666666666,0.0,0.0,0.0,0.0,0.0,0.0,0.1,0.1,0.0,0.0,0.0,0.0,0.0,0.0,0.0,0.0,0.1,0.0,0.0,0.0,0.0,0.0,0.0,0.0,0.0,0.0,0.0,0.0,0.0,0.0,0.0,0.0,0.0,0.0,0.0,0.0,0.0,0.0,0.0,0.0,0.0,0.0,0.0,0.0,0.0,0.0,0.0,0.0,0.0,0.0,0.0,0.0,0.0,0.0,0.0,0.0,0.0,0.0,0.0,0.0,0.0,0.0,0.0,0.0,0.0,0.0,0.0,0.0,0.0,0.0,0.0,33,13,0,0,0,0,0,0,0
356,0.0,1.0,0.0,0.2777777777777778,0.0,0.0,0.0,0.0,0.0,0.0,0.0,0.0,0.0,0.0,0.1,0.1,0.1,0.1,0.1,0.0,0.0,0.0,0.0,0.0,0.0,0.0,0.2,0.3,0.1,0.1,0.1,0.0,0.0,0.0,0.0,0.0,0.0,0.0,0.0,0.0,0.0,0.0,0.0,0.0,0.0,0.0,0.0,0.0,0.0,0.0,0.0,0.0,0.0,0.0,0.0,0.0,0.0,0.0,0.0,0.0,0.0,0.0,0.0,0.0,0.0,0.0,0.0,0.0,0.0,0.0,0.0,0.0,0.0,0.0,0.0,18,6,3,0,0,0,0,0,0
301,1.0,0.0,0.037037037037037035,0.0,0.0,0.0,1.0,0.0,0.0,0.0,0.0,0.0,0.0,0.0,0.0,0.0,0.0,0.0,0.0,0.0,0.0,0.0,0.0,0.0,0.0,0.0,0.0,0.0,0.0,0.0,0.0,0.0,0.0,0.0,0.0,0.0,0.0,0.2,0.0,0.0,0.0,0.0,0.0,0.0,0.0,0.0,0.0,0.0,0.0,0.0,0.0,0.0,0.0,0.0,0.0,0.0,0.0,0.0,0.1,0.1,0.1,0.1,0.0,0.0,0.0,0.0,0.0,0.0,0.0,0.1,0.1,0.1,0.1,0.0,0.0,9,0,0,15,3,0,0,1,0
84870,0.0,0.0,0.0,0.3888888888888889,0.0,0.0,0.0,0.0,0.3,0.3,0.1,0.1,0.2,0.1,0.0,0.0,0.0,0.0,0.0,0.0,0.1,0.0,0.0,0.0,0.0,0.0,0.0,0.0,0.0,0.0,0.0,0.0,0.0,0.0,0.0,0.0,0.0,0.0,0.0,0.0,0.0,0.0,0.0,0.0,0.0,0.0,0.0,0.0,0.0,0.0,0.0,0.0,0.0,0.0,0.0,0.0,0.0,0.0,0.0,0.0,0.0,0.0,0.0,0.0,0.0,0.0,0.0,0.0,0.0,0.0,0.0,0.0,0.0,0.0,0.0,27,9,0,0,0,0,0,0,0
6382,0.0,0.0,0.0,0.05555555555555555,0.0,0.0,0.0,0.0,0.0,0.0,0.0,0.0,0.0,0.0,0.0,0.0,0.0,0.0,0.0,0.1,0.0,0.0,0.0,0.0,0.0,0.0,0.0,0.0,0.0,0.0,0.0,0.0,0.0,0.0,0.0,0.0,0.0,0.0,0.0,0.0,0.0,0.0,0.0,0.0,0.0,0.0,0.0,0.0,0.0,0.0,0.0,0.0,0.0,0.0,0.0,0.0,0.0,0.0,0.0,0.0,0.0,0.0,0.0,0.0,0.0,0.0,0.0,0.0,0.0,0.0,0.0,0.0,0.0,0.0,0.0,35,19,0,0,0,0,0,0,0
2064,0.25,0.4,1.0,0.0,0.0,0.16666666666666666,1.0,0.0,0.0,0.0,0.0,0.0,0.0,0.0,0.0,0.0,0.0,0.0,0.0,0.0,0.0,0.0,0.0,0.0,0.0,0.0,0.2,0.3,0.0,0.0,0.0,0.1,0.1,0.1,0.1,0.2,0.1,0.2,0.2,0.2,0.2,0.2,0.2,0.2,0.2,0.2,0.2,0.2,0.2,0.1,0.1,0.1,0.1,0.1,0.1,0.1,0.1,0.1,0.0,0.0,0.0,0.1,0.1,0.0,0.0,0.0,0.0,0.0,0.0,0.1,0.1,0.1,0.1,0.0,0.0,8,0,8,1,19,7,0,3,0
7098,0.0,0.4,0.0,0.0,0.0,0.16666666666666666,0.5,0.0,0.0,0.0,0.0,0.0,0.0,0.0,0.0,0.0,0.0,0.0,0.0,0.0,0.0,0.0,0.0,0.0,0.0,0.0,0.2,0.3,0.0,0.0,0.0,0.0,0.0,0.0,0.0,0.0,0.0,0.0,0.0,0.0,0.0,0.0,0.0,0.0,0.0,0.0,0.0,0.0,0.0,0.0,0.0,0.0,0.0,0.0,0.0,0.0,0.0,0.0,0.0,0.0,0.0,0.0,0.1,0.0,0.0,0.0,0.0,0.0,0.0,0.1,0.1,0.0,0.0,0.0,0.0,25,0,9,0,0,8,0,6,0
2066,0.0,0.0,1.0,0.1111111111111111,0.0,0.0,0.0,0.0,0.3,0.3,0.0,0.0,0.0,0.0,0.0,0.0,0.0,0.0,0.0,0.0,0.0,0.0,0.0,0.0,0.0,0.0,0.0,0.0,0.0,0.0,0.0,0.1,0.1,0.1,0.1,0.2,0.1,0.2,0.2,0.2,0.2,0.2,0.2,0.2,0.2,0.2,0.2,0.2,0.2,0.1,0.1,0.1,0.1,0.1,0.1,0.1,0.1,0.1,0.0,0.0,0.0,0.0,0.0,0.0,0.0,0.0,0.0,0.0,0.0,0.0,0.0,0.0,0.0,0.0,0.0,20,18,0,3,0,0,0,0,0
1969,0.75,1.0,0.9629629629629629,0.7777777777777778,0.5,0.0,0.0,0.0,0.3,0.3,0.1,0.1,0.2,0.1,0.1,0.1,0.1,0.1,0.1,0.1,0.1,0.1,0.0,0.0,0.0,0.0,0.2,0.3,0.1,0.1,0.1,0.0,0.1,0.1,0.1,0.2,0.1,0.2,0.2,0.2,0.2,0.2,0.2,0.2,0.2,0.2,0.2,0.2,0.2,0.1,0.1,0.1,0.1,0.1,0.1,0.1,0.1,0.1,0.1,0.1,0.1,0.0,0.0,0.0,0.0,0.0,0.0,0.0,0.0,0.0,0.0,0.0,0.0,0.1,0.0,2,2,4,6,13,0,0,0,4
2348,0.0,0.0,0.037037037037037035,0.6111111111111112,0.0,0.16666666666666666,0.0,0.0,0.3,0.3,0.1,0.1,0.2,0.1,0.0,0.0,0.0,0.0,0.0,0.0,0.0,0.1,0.2,0.2,0.2,0.1,0.0,0.0,0.0,0.0,0.0,0.1,0.0,0.0,0.0,0.0,0.0,0.0,0.0,0.0,0.0,0.0,0.0,0.0,0.0,0.0,0.0,0.0,0.0,0.0,0.0,0.0,0.0,0.0,0.0,0.0,0.0,0.0,0.0,0.0,0.0,0.0,0.1,0.0,0.0,0.0,0.0,0.0,0.0,0.0,0.0,0.0,0.0,0.0,0.0,26,5,0,13,0,9,0,0,0
2065,0.0,0.0,0.07407407407407407,0.0,0.0,0.16666666666666666,0.0,0.0,0.0,0.0,0.0,0.0,0.0,0.0,0.0,0.0,0.0,0.0,0.0,0.0,0.0,0.0,0.0,0.0,0.0,0.0,0.0,0.0,0.0,0.0,0.0,0.1,0.0,0.0,0.0,0.0,0.1,0.0,0.0,0.0,0.0,0.0,0.0,0.0,0.0,0.0,0.0,0.0,0.0,0.0,0.0,0.0,0.0,0.0,0.0,0.0,0.0,0.0,0.0,0.0,0.0,0.0,0.1,0.0,0.0,0.0,0.0,0.0,0.0,0.0,0.0,0.0,0.0,0.0,0.0,30,0,0,9,0,10,0,0,0
634,0.0,0.4,0.07407407407407407,0.2222222222222222,0.0,0.8333333333333334,0.5,0.0,0.3,0.3,0.1,0.1,0.0,0.0,0.0,0.0,0.0,0.0,0.0,0.0,0.0,0.0,0.0,0.0,0.0,0.0,0.2,0.3,0.0,0.0,0.0,0.0,0.0,0.0,0.1,0.2,0.0,0.0,0.0,0.0,0.0,0.0,0.0,0.0,0.0,0.0,0.0,0.0,0.0,0.0,0.0,0.0,0.0,0.0,0.0,0.0,0.0,0.0,0.0,0.0,0.0,0.0,0.1,0.1,0.1,0.1,0.1,0.0,0.0,0.1,0.1,0.0,0.0,0.0,0.0,21,12,10,8,0,4,0,5,0
3480,0.75,0.0,1.0,0.0,0.0,0.16666666666666666,0.0,1.0,0.0,0.0,0.0,0.0,0.0,0.0,0.0,0.0,0.0,0.0,0.0,0.0,0.0,0.0,0.0,0.0,0.0,0.0,0.0,0.0,0.0,0.0,0.0,0.1,0.1,0.1,0.1,0.2,0.1,0.2,0.2,0.2,0.2,0.2,0.2,0.2,0.2,0.2,0.2,0.2,0.2,0.1,0.1,0.1,0.1,0.1,0.1,0.1,0.1,0.1,0.1,0.1,0.1,0.0,0.0,0.0,0.0,0.0,0.0,0.1,0.1,0.0,0.0,0.0,0.0,0.0,0.0,1,0,0,4,14,13,2,0,0
3685,1.0,0.0,0.0,0.2777777777777778,0.0,1.0,0.0,0.0,0.3,0.3,0.1,0.1,0.2,0.0,0.0,0.0,0.0,0.0,0.0,0.0,0.0,0.0,0.0,0.0,0.0,0.0,0.0,0.0,0.0,0.0,0.0,0.0,0.0,0.0,0.0,0.0,0.0,0.0,0.0,0.0,0.0,0.0,0.0,0.0,0.0,0.0,0.0,0.0,0.0,0.0,0.0,0.0,0.0,0.0,0.0,0.0,0.0,0.0,0.1,0.1,0.1,0.1,0.1,0.1,0.1,0.1,0.1,0.1,0.0,0.0,0.0,0.0,0.0,0.0,0.0,12,11,0,0,4,1,0,0,0
6678,0.75,1.0,0.0,0.2777777777777778,0.0,0.0,0.0,0.0,0.0,0.0,0.1,0.0,0.2,0.1,0.0,0.0,0.0,0.1,0.0,0.0,0.0,0.1,0.0,0.0,0.0,0.0,0.2,0.3,0.1,0.1,0.1,0.0,0.0,0.0,0.0,0.0,0.0,0.0,0.0,0.0,0.0,0.0,0.0,0.0,0.0,0.0,0.0,0.0,0.0,0.0,0.0,0.0,0.0,0.0,0.0,0.0,0.0,0.0,0.1,0.1,0.1,0.0,0.0,0.0,0.0,0.0,0.0,0.0,0.0,0.0,0.0,0.0,0.0,0.0,0.0,15,7,5,0,15,0,0,0,0
10563,1.0,0.4,0.07407407407407407,0.0,1.0,0.0,0.0,0.0,0.0,0.0,0.0,0.0,0.0,0.0,0.0,0.0,0.0,0.0,0.0,0.0,0.0,0.0,0.0,0.0,0.0,0.0,0.2,0.3,0.0,0.0,0.0,0.0,0.1,0.1,0.0,0.0,0.0,0.0,0.0,0.0,0.0,0.0,0.0,0.0,0.0,0.0,0.0,0.0,0.0,0.0,0.0,0.0,0.0,0.0,0.0,0.0,0.0,0.0,0.1,0.1,0.1,0.1,0.0,0.0,0.0,0.0,0.0,0.0,0.0,0.0,0.0,0.0,0.0,0.1,0.1,5,0,11,7,5,0,0,0,2
43847,0.0,0.0,0.0,0.1111111111111111,0.0,0.0,0.0,0.0,0.3,0.3,0.0,0.0,0.0,0.0,0.0,0.0,0.0,0.0,0.0,0.0,0.0,0.0,0.0,0.0,0.0,0.0,0.0,0.0,0.0,0.0,0.0,0.0,0.0,0.0,0.0,0.0,0.0,0.0,0.0,0.0,0.0,0.0,0.0,0.0,0.0,0.0,0.0,0.0,0.0,0.0,0.0,0.0,0.0,0.0,0.0,0.0,0.0,0.0,0.0,0.0,0.0,0.0,0.0,0.0,0.0,0.0,0.0,0.0,0.0,0.0,0.0,0.0,0.0,0.0,0.0,34,17,0,0,0,0,0,0,0
3693,0.0,0.0,0.0,0.16666666666666666,0.0,0.8333333333333334,0.0,0.0,0.3,0.3,0.0,0.0,0.2,0.0,0.0,0.0,0.0,0.0,0.0,0.0,0.0,0.0,0.0,0.0,0.0,0.0,0.0,0.0,0.0,0.0,0.0,0.0,0.0,0.0,0.0,0.0,0.0,0.0,0.0,0.0,0.0,0.0,0.0,0.0,0.0,0.0,0.0,0.0,0.0,0.0,0.0,0.0,0.0,0.0,0.0,0.0,0.0,0.0,0.0,0.0,0.0,0.0,0.1,0.1,0.1,0.1,0.1,0.0,0.0,0.0,0.0,0.0,0.0,0.0,0.0,22,16,0,0,0,3,0,0,0
7048,1.0,0.4,0.037037037037037035,0.7777777777777778,0.0,0.0,0.0,0.0,0.3,0.3,0.1,0.1,0.2,0.1,0.1,0.1,0.1,0.0,0.0,0.0,0.0,0.1,0.2,0.2,0.2,0.1,0.2,0.3,0.0,0.0,0.0,0.1,0.0,0.0,0.0,0.0,0.0,0.0,0.0,0.0,0.0,0.0,0.0,0.0,0.0,0.0,0.0,0.0,0.0,0.0,0.0,0.0,0.0,0.0,0.0,0.0,0.0,0.0,0.1,0.1,0.1,0.1,0.0,0.0,0.0,0.0,0.0,0.0,0.0,0.0,0.0,0.0,0.0,0.0,0.0,13,4,12,14,6,0,0,0,0
5420,1.0,0.0,0.0,0.2222222222222222,1.0,0.0,0.0,0.0,0.3,0.3,0.1,0.0,0.0,0.0,0.0,0.0,0.0,0.0,0.0,0.1,0.0,0.0,0.0,0.0,0.0,0.0,0.0,0.0,0.0,0.0,0.0,0.0,0.0,0.0,0.0,0.0,0.0,0.0,0.0,0.0,0.0,0.0,0.0,0.0,0.0,0.0,0.0,0.0,0.0,0.0,0.0,0.0,0.0,0.0,0.0,0.0,0.0,0.0,0.1,0.1,0.1,0.1,0.0,0.0,0.0,0.0,0.0,0.0,0.0,0.0,0.0,0.0,0.0,0.1,0.1,6,15,0,0,7,0,0,0,1
27076,0.0,0.0,0.0,0.0,0.0,0.0,0.0,1.0,0.0,0.0,0.0,0.0,0.0,0.0,0.0,0.0,0.0,0.0,0.0,0.0,0.0,0.0,0.0,0.0,0.0,0.0,0.0,0.0,0.0,0.0,0.0,0.0,0.0,0.0,0.0,0.0,0.0,0.0,0.0,0.0,0.0,0.0,0.0,0.0,0.0,0.0,0.0,0.0,0.0,0.0,0.0,0.0,0.0,0.0,0.0,0.0,0.0,0.0,0.0,0.0,0.0,0.0,0.0,0.0,0.0,0.0,0.0,0.0,0.1,0.0,0.0,0.0,0.0,0.0,0.0,19,0,0,0,0,0,1,0,0
4192,1.0,0.4,0.0,0.0,0.0,0.16666666666666666,1.0,1.0,0.0,0.0,0.0,0.0,0.0,0.0,0.0,0.0,0.0,0.0,0.0,0.0,0.0,0.0,0.0,0.0,0.0,0.0,0.2,0.3,0.0,0.0,0.0,0.0,0.0,0.0,0.0,0.0,0.0,0.0,0.0,0.0,0.0,0.0,0.0,0.0,0.0,0.0,0.0,0.0,0.0,0.0,0.0,0.0,0.0,0.0,0.0,0.0,0.0,0.0,0.1,0.1,0.1,0.1,0.1,0.0,0.0,0.0,0.0,0.0,0.1,0.1,0.1,0.1,0.1,0.0,0.0,7,0,13,0,8,11,3,4,0
939,0.25,0.0,0.0,0.0,0.0,0.0,0.0,0.0,0.0,0.0,0.0,0.0,0.0,0.0,0.0,0.0,0.0,0.0,0.0,0.0,0.0,0.0,0.0,0.0,0.0,0.0,0.0,0.0,0.0,0.0,0.0,0.0,0.0,0.0,0.0,0.0,0.0,0.0,0.0,0.0,0.0,0.0,0.0,0.0,0.0,0.0,0.0,0.0,0.0,0.0,0.0,0.0,0.0,0.0,0.0,0.0,0.0,0.0,0.0,0.0,0.0,0.1,0.0,0.0,0.0,0.0,0.0,0.0,0.0,0.0,0.0,0.0,0.0,0.0,0.0,28,0,0,0,20,0,0,0,0
6370,1.0,0.0,0.0,0.0,0.0,0.0,0.0,0.0,0.0,0.0,0.0,0.0,0.0,0.0,0.0,0.0,0.0,0.0,0.0,0.0,0.0,0.0,0.0,0.0,0.0,0.0,0.0,0.0,0.0,0.0,0.0,0.0,0.0,0.0,0.0,0.0,0.0,0.0,0.0,0.0,0.0,0.0,0.0,0.0,0.0,0.0,0.0,0.0,0.0,0.0,0.0,0.0,0.0,0.0,0.0,0.0,0.0,0.0,0.1,0.1,0.1,0.1,0.0,0.0,0.0,0.0,0.0,0.0,0.0,0.0,0.0,0.0,0.0,0.0,0.0,23,0,0,0,9,0,0,0,0
7980,0.0,0.0,0.0,0.0,0.0,0.16666666666666666,0.0,0.0,0.0,0.0,0.0,0.0,0.0,0.0,0.0,0.0,0.0,0.0,0.0,0.0,0.0,0.0,0.0,0.0,0.0,0.0,0.0,0.0,0.0,0.0,0.0,0.0,0.0,0.0,0.0,0.0,0.0,0.0,0.0,0.0,0.0,0.0,0.0,0.0,0.0,0.0,0.0,0.0,0.0,0.0,0.0,0.0,0.0,0.0,0.0,0.0,0.0,0.0,0.0,0.0,0.0,0.0,0.1,0.0,0.0,0.0,0.0,0.0,0.0,0.0,0.0,0.0,0.0,0.0,0.0,31,0,0,0,0,12,0,0,0
5979,1.0,0.0,0.9629629629629629,0.3888888888888889,1.0,0.0,0.0,0.0,0.3,0.3,0.1,0.0,0.2,0.0,0.1,0.1,0.1,0.0,0.0,0.0,0.0,0.0,0.0,0.0,0.0,0.0,0.0,0.0,0.0,0.0,0.0,0.0,0.1,0.1,0.1,0.2,0.1,0.2,0.2,0.2,0.2,0.2,0.2,0.2,0.2,0.2,0.2,0.2,0.2,0.1,0.1,0.1,0.1,0.1,0.1,0.1,0.1,0.1,0.1,0.1,0.1,0.1,0.0,0.0,0.0,0.0,0.0,0.0,0.0,0.0,0.0,0.0,0.0,0.1,0.1,4,8,0,5,10,0,0,0,3
