Category,CategoryID,GO,Description,PARENT_GO,LogP,Enrichment,Z-score,#TotalGeneInLibrary,#GeneInGO,#GeneInHitList,#GeneInGOAndHitList,%InGO,STDV %InGO,GeneID,Hits,Log(q-value),GeneList
GO Biological Processes,19,GO:0002009,morphogenesis of an epithelium,19_GO:0032502 developmental process,-5.5,3.8,5.8,795,50,58,14,24,5.6,634|1969|2066|2348|3491|3685|3693|3791|5420|5979|7048|28514|43847|84870,CEACAM1|EPHA2|ERBB4|FOLR1|CCN1|ITGAV|ITGB5|KDR|PODXL|RET|TGFBR2|DLL1|KLK14|RSPO3,-1.3,Protein
GO Biological Processes,19,GO:0048729,tissue morphogenesis,19_GO:0032502 developmental process,-4.3,3.1,4.8,795,62,58,14,24,5.6,634|1969|2066|2348|3491|3685|3693|3791|5420|5979|7048|28514|43847|84870,CEACAM1|EPHA2|ERBB4|FOLR1|CCN1|ITGAV|ITGB5|KDR|PODXL|RET|TGFBR2|DLL1|KLK14|RSPO3,-0.53,Protein
GO Biological Processes,19,GO:0045765,regulation of angiogenesis,19_GO:0032502 developmental process,-4.2,3.2,4.8,795,55,58,13,22,5.5,356|634|1969|2064|3627|3791|4192|6678|7048|7098|10563|11126|28514,FASLG|CEACAM1|EPHA2|ERBB2|CXCL10|KDR|MDK|SPARC|TGFBR2|TLR3|CXCL13|CD160|DLL1,-0.53,Protein
GO Biological Processes,19,GO:1901342,regulation of vasculature development,19_GO:0032502 developmental process,-4,3.1,4.6,795,58,58,13,22,5.5,356|634|1969|2064|3627|3791|4192|6678|7048|7098|10563|11126|28514,FASLG|CEACAM1|EPHA2|ERBB2|CXCL10|KDR|MDK|SPARC|TGFBR2|TLR3|CXCL13|CD160|DLL1,-0.39,Protein
GO Biological Processes,19,GO:0001947,heart looping,19_GO:0032502 developmental process,-3.4,14,6.2,795,3,58,3,5.2,2.9,2348|7048|28514,FOLR1|TGFBR2|DLL1,-0.28,Protein
GO Biological Processes,19,GO:0003143,embryonic heart tube morphogenesis,19_GO:0032502 developmental process,-3.4,14,6.2,795,3,58,3,5.2,2.9,2348|7048|28514,FOLR1|TGFBR2|DLL1,-0.28,Protein
GO Biological Processes,19,GO:0061371,determination of heart left/right asymmetry,19_GO:0032502 developmental process,-3.4,14,6.2,795,3,58,3,5.2,2.9,2348|7048|28514,FOLR1|TGFBR2|DLL1,-0.28,Protein
GO Biological Processes,19,GO:0048598,embryonic morphogenesis,19_GO:0032502 developmental process,-3.4,3.3,4.3,795,41,58,10,17,5,1969|2348|3491|3685|3693|5979|6678|7048|28514|84870,EPHA2|FOLR1|CCN1|ITGAV|ITGB5|RET|SPARC|TGFBR2|DLL1|RSPO3,-0.28,Protein
GO Biological Processes,19,GO:0031547,brain-derived neurotrophic factor receptor signaling pathway,19_GO:0050896 response to stimulus,-3.3,5.1,4.7,795,16,58,6,10,4,1969|2064|2066|3480|3791|5979,EPHA2|ERBB2|ERBB4|IGF1R|KDR|RET,-0.28,Protein
GO Biological Processes,19,GO:0036323,vascular endothelial growth factor receptor-1 signaling pathway,19_GO:0050896 response to stimulus,-3.3,5.1,4.7,795,16,58,6,10,4,1969|2064|2066|3480|3791|5979,EPHA2|ERBB2|ERBB4|IGF1R|KDR|RET,-0.28,Protein
GO Biological Processes,19,GO:0038109,Kit signaling pathway,19_GO:0050896 response to stimulus,-3.3,5.1,4.7,795,16,58,6,10,4,1969|2064|2066|3480|3791|5979,EPHA2|ERBB2|ERBB4|IGF1R|KDR|RET,-0.28,Protein
GO Biological Processes,19,GO:0048009,insulin-like growth factor receptor signaling pathway,19_GO:0050896 response to stimulus,-3.3,5.1,4.7,795,16,58,6,10,4,1969|2064|2066|3480|3791|5979,EPHA2|ERBB2|ERBB4|IGF1R|KDR|RET,-0.28,Protein
GO Biological Processes,19,GO:0036216,cellular response to stem cell factor stimulus,19_GO:0050896 response to stimulus,-3.3,5.1,4.7,795,16,58,6,10,4,1969|2064|2066|3480|3791|5979,EPHA2|ERBB2|ERBB4|IGF1R|KDR|RET,-0.28,Protein
GO Biological Processes,19,GO:0036215,response to stem cell factor,19_GO:0050896 response to stimulus,-3.3,5.1,4.7,795,16,58,6,10,4,1969|2064|2066|3480|3791|5979,EPHA2|ERBB2|ERBB4|IGF1R|KDR|RET,-0.28,Protein
GO Biological Processes,19,GO:0035790,platelet-derived growth factor receptor-alpha signaling pathway,19_GO:0050896 response to stimulus,-3.3,5.1,4.7,795,16,58,6,10,4,1969|2064|2066|3480|3791|5979,EPHA2|ERBB2|ERBB4|IGF1R|KDR|RET,-0.28,Protein
GO Biological Processes,19,GO:0038145,macrophage colony-stimulating factor signaling pathway,19_GO:0050896 response to stimulus,-3.1,4.8,4.5,795,17,58,6,10,4,1969|2064|2066|3480|3791|5979,EPHA2|ERBB2|ERBB4|IGF1R|KDR|RET,-0.22,Protein
GO Biological Processes,19,GO:0038063,collagen-activated tyrosine kinase receptor signaling pathway,19_GO:0050896 response to stimulus,-3.1,4.8,4.5,795,17,58,6,10,4,1969|2064|2066|3480|3791|5979,EPHA2|ERBB2|ERBB4|IGF1R|KDR|RET,-0.22,Protein
GO Biological Processes,19,GO:0036006,cellular response to macrophage colony-stimulating factor stimulus,19_GO:0050896 response to stimulus,-3.1,4.8,4.5,795,17,58,6,10,4,1969|2064|2066|3480|3791|5979,EPHA2|ERBB2|ERBB4|IGF1R|KDR|RET,-0.22,Protein
GO Biological Processes,19,GO:0048012,hepatocyte growth factor receptor signaling pathway,19_GO:0050896 response to stimulus,-3.1,4.8,4.5,795,17,58,6,10,4,1969|2064|2066|3480|3791|5979,EPHA2|ERBB2|ERBB4|IGF1R|KDR|RET,-0.22,Protein
GO Biological Processes,19,GO:0035924,cellular response to vascular endothelial growth factor stimulus,19_GO:0050896 response to stimulus,-3,4,4.2,795,24,58,7,12,4.3,301|1969|2064|2066|3480|3791|5979,ANXA1|EPHA2|ERBB2|ERBB4|IGF1R|KDR|RET,-0.17,Protein
GO Biological Processes,19,GO:0032869,cellular response to insulin stimulus,19_GO:0050896 response to stimulus,-3,4,4.2,795,24,58,7,12,4.3,634|1969|2064|2066|3480|3791|5979,CEACAM1|EPHA2|ERBB2|ERBB4|IGF1R|KDR|RET,-0.17,Protein
GO Biological Processes,19,GO:0045785,positive regulation of cell adhesion,19_GO:0048518 positive regulation of biological process,-3,2.3,3.6,795,90,58,15,26,5.7,301|939|2064|3491|3685|3791|3956|4192|5420|5979|6370|7048|10563|11126|23308,ANXA1|CD27|ERBB2|CCN1|ITGAV|KDR|LGALS1|MDK|PODXL|RET|CCL25|TGFBR2|CXCL13|CD160|ICOSLG,-0.17,Protein
GO Biological Processes,19,GO:0036005,response to macrophage colony-stimulating factor,19_GO:0050896 response to stimulus,-3,4.6,4.3,795,18,58,6,10,4,1969|2064|2066|3480|3791|5979,EPHA2|ERBB2|ERBB4|IGF1R|KDR|RET,-0.17,Protein
GO Biological Processes,19,GO:0008286,insulin receptor signaling pathway,19_GO:0050896 response to stimulus,-3,4.6,4.3,795,18,58,6,10,4,1969|2064|2066|3480|3791|5979,EPHA2|ERBB2|ERBB4|IGF1R|KDR|RET,-0.17,Protein
GO Biological Processes,19,GO:0010656,negative regulation of muscle cell apoptotic process,19_GO:0048519 negative regulation of biological process,-2.9,10,5.2,795,4,58,3,5.2,2.9,3480|4192|27076,IGF1R|MDK|LYPD3,-0.16,Protein
GO Biological Processes,19,GO:0033690,positive regulation of osteoblast proliferation,19_GO:0048518 positive regulation of biological process,-2.9,10,5.2,795,4,58,3,5.2,2.9,3480|3491|3685,IGF1R|CCN1|ITGAV,-0.16,Protein
GO Biological Processes,19,GO:0090505,epiboly involved in wound healing,19_GO:0032502 developmental process,-2.8,6.9,4.7,795,8,58,4,6.9,3.3,634|3491|3685|3693,CEACAM1|CCN1|ITGAV|ITGB5,-0.16,Protein
GO Biological Processes,19,GO:0090504,epiboly,19_GO:0032502 developmental process,-2.8,6.9,4.7,795,8,58,4,6.9,3.3,634|3491|3685|3693,CEACAM1|CCN1|ITGAV|ITGB5,-0.16,Protein
GO Biological Processes,19,GO:0044319,"wound healing, spreading of cells",19_GO:0032502 developmental process,-2.8,6.9,4.7,795,8,58,4,6.9,3.3,634|3491|3685|3693,CEACAM1|CCN1|ITGAV|ITGB5,-0.16,Protein
GO Biological Processes,19,GO:0002011,morphogenesis of an epithelial sheet,19_GO:0032502 developmental process,-2.8,6.9,4.7,795,8,58,4,6.9,3.3,634|3491|3685|3693,CEACAM1|CCN1|ITGAV|ITGB5,-0.16,Protein
GO Biological Processes,19,GO:0035791,platelet-derived growth factor receptor-beta signaling pathway,19_GO:0050896 response to stimulus,-2.8,4.3,4.1,795,19,58,6,10,4,1969|2064|2066|3480|3791|5979,EPHA2|ERBB2|ERBB4|IGF1R|KDR|RET,-0.16,Protein
GO Biological Processes,19,GO:0038065,collagen-activated signaling pathway,19_GO:0050896 response to stimulus,-2.8,4.3,4.1,795,19,58,6,10,4,1969|2064|2066|3480|3791|5979,EPHA2|ERBB2|ERBB4|IGF1R|KDR|RET,-0.16,Protein
GO Biological Processes,19,GO:0038084,vascular endothelial growth factor signaling pathway,19_GO:0050896 response to stimulus,-2.7,4.1,4,795,20,58,6,10,4,1969|2064|2066|3480|3791|5979,EPHA2|ERBB2|ERBB4|IGF1R|KDR|RET,-0.054,Protein
GO Biological Processes,19,GO:1902106,negative regulation of leukocyte differentiation,19_GO:0002376 immune system process,-2.7,4.1,4,795,20,58,6,10,4,301|634|2064|3956|4192|7098,ANXA1|CEACAM1|ERBB2|LGALS1|MDK|TLR3,-0.054,Protein
GO Biological Processes,19,GO:0038127,ERBB signaling pathway,19_GO:0050896 response to stimulus,-2.7,3.6,3.8,795,27,58,7,12,4.3,1969|2064|2065|2066|3480|3791|5979,EPHA2|ERBB2|ERBB3|ERBB4|IGF1R|KDR|RET,-0.046,Protein
GO Biological Processes,19,GO:0009611,response to wounding,19_GO:0050896 response to stimulus,-2.7,2.4,3.4,795,68,58,12,21,5.3,634|2064|2065|2348|3491|3685|3693|3791|4192|7098|7980|11202,CEACAM1|ERBB2|ERBB3|FOLR1|CCN1|ITGAV|ITGB5|KDR|MDK|TLR3|TFPI2|KLK8,-0.046,Protein
GO Biological Processes,19,GO:0048592,eye morphogenesis,19_GO:0032502 developmental process,-2.6,6.1,4.3,795,9,58,4,6.9,3.3,356|1969|3791|28514,FASLG|EPHA2|KDR|DLL1,-0.014,Protein
GO Biological Processes,19,GO:0030335,positive regulation of cell migration,19_GO:0040011 locomotion,-2.6,2.1,3.3,795,98,58,15,26,5.7,301|1969|3480|3491|3627|3685|3791|4192|5420|5979|6370|6678|7048|8840|10563,ANXA1|EPHA2|IGF1R|CCN1|CXCL10|ITGAV|KDR|MDK|PODXL|RET|CCL25|SPARC|TGFBR2|CCN4|CXCL13,-0.014,Protein
GO Biological Processes,19,GO:2000147,positive regulation of cell motility,19_GO:0040011 locomotion,-2.6,2.1,3.3,795,98,58,15,26,5.7,301|1969|3480|3491|3627|3685|3791|4192|5420|5979|6370|6678|7048|8840|10563,ANXA1|EPHA2|IGF1R|CCN1|CXCL10|ITGAV|KDR|MDK|PODXL|RET|CCL25|SPARC|TGFBR2|CCN4|CXCL13,-0.014,Protein
GO Biological Processes,19,GO:0048010,vascular endothelial growth factor receptor signaling pathway,19_GO:0050896 response to stimulus,-2.6,3.9,3.8,795,21,58,6,10,4,1969|2064|2066|3480|3791|5979,EPHA2|ERBB2|ERBB4|IGF1R|KDR|RET,-0.014,Protein
GO Biological Processes,19,GO:1903707,negative regulation of hemopoiesis,19_GO:0002376 immune system process,-2.6,3.9,3.8,795,21,58,6,10,4,301|634|2064|3956|4192|7098,ANXA1|CEACAM1|ERBB2|LGALS1|MDK|TLR3,-0.014,Protein
GO Biological Processes,19,GO:0048562,embryonic organ morphogenesis,19_GO:0032502 developmental process,-2.5,4.6,3.9,795,15,58,5,8.6,3.7,1969|2348|6678|7048|28514,EPHA2|FOLR1|SPARC|TGFBR2|DLL1,0,Protein
GO Biological Processes,19,GO:0040017,positive regulation of locomotion,19_GO:0040011 locomotion,-2.5,2.1,3.2,795,100,58,15,26,5.7,301|1969|3480|3491|3627|3685|3791|4192|5420|5979|6370|6678|7048|8840|10563,ANXA1|EPHA2|IGF1R|CCN1|CXCL10|ITGAV|KDR|MDK|PODXL|RET|CCL25|SPARC|TGFBR2|CCN4|CXCL13,0,Protein
GO Biological Processes,19,GO:0035050,embryonic heart tube development,19_GO:0032502 developmental process,-2.5,8.2,4.5,795,5,58,3,5.2,2.9,2348|7048|28514,FOLR1|TGFBR2|DLL1,0,Protein
GO Biological Processes,19,GO:0033630,positive regulation of cell adhesion mediated by integrin,19_GO:0048518 positive regulation of biological process,-2.5,8.2,4.5,795,5,58,3,5.2,2.9,5420|5979|10563,PODXL|RET|CXCL13,0,Protein
GO Biological Processes,19,GO:0048013,ephrin receptor signaling pathway,19_GO:0050896 response to stimulus,-2.5,3.7,3.7,795,22,58,6,10,4,1969|2064|2066|3480|3791|5979,EPHA2|ERBB2|ERBB4|IGF1R|KDR|RET,0,Protein
GO Biological Processes,19,GO:0007507,heart development,19_GO:0032502 developmental process,-2.4,2.5,3.3,795,54,58,10,17,5,1363|2064|2065|2066|2348|3480|3491|3791|7048|28514,CPE|ERBB2|ERBB3|ERBB4|FOLR1|IGF1R|CCN1|KDR|TGFBR2|DLL1,0,Protein
GO Biological Processes,19,GO:0035239,tube morphogenesis,19_GO:0032502 developmental process,-2.4,2.1,3.1,795,92,58,14,24,5.6,634|1969|2348|3491|3685|3791|5420|5979|6678|7048|11082|11126|28514|84870,CEACAM1|EPHA2|FOLR1|CCN1|ITGAV|KDR|PODXL|RET|SPARC|TGFBR2|ESM1|CD160|DLL1|RSPO3,0,Protein
GO Biological Processes,19,GO:0150063,visual system development,19_GO:0032502 developmental process,-2.4,3.6,3.5,795,23,58,6,10,4,356|1969|3791|5979|7048|28514,FASLG|EPHA2|KDR|RET|TGFBR2|DLL1,0,Protein
GO Biological Processes,19,GO:0048880,sensory system development,19_GO:0032502 developmental process,-2.4,3.6,3.5,795,23,58,6,10,4,356|1969|3791|5979|7048|28514,FASLG|EPHA2|KDR|RET|TGFBR2|DLL1,0,Protein
GO Biological Processes,19,GO:0001654,eye development,19_GO:0032502 developmental process,-2.4,3.6,3.5,795,23,58,6,10,4,356|1969|3791|5979|7048|28514,FASLG|EPHA2|KDR|RET|TGFBR2|DLL1,0,Protein
GO Biological Processes,19,GO:0048008,platelet-derived growth factor receptor signaling pathway,19_GO:0050896 response to stimulus,-2.4,3.6,3.5,795,23,58,6,10,4,1969|2064|2066|3480|3791|5979,EPHA2|ERBB2|ERBB4|IGF1R|KDR|RET,0,Protein
GO Biological Processes,19,GO:0002040,sprouting angiogenesis,19_GO:0032502 developmental process,-2.3,4,3.5,795,17,58,5,8.6,3.7,1969|3791|11082|28514|84870,EPHA2|KDR|ESM1|DLL1|RSPO3,0,Protein
GO Biological Processes,19,GO:0045581,negative regulation of T cell differentiation,19_GO:0002376 immune system process,-2.2,5,3.7,795,11,58,4,6.9,3.3,301|2064|3956|4192,ANXA1|ERBB2|LGALS1|MDK,0,Protein
GO Biological Processes,19,GO:0033628,regulation of cell adhesion mediated by integrin,19_GO:0050789 regulation of biological process,-2.2,5,3.7,795,11,58,4,6.9,3.3,1969|5420|5979|10563,EPHA2|PODXL|RET|CXCL13,0,Protein
GO Biological Processes,19,GO:0048568,embryonic organ development,19_GO:0032502 developmental process,-2.2,2.7,3.1,795,41,58,8,14,4.5,1969|2348|3491|3791|6678|7048|28514|84870,EPHA2|FOLR1|CCN1|KDR|SPARC|TGFBR2|DLL1|RSPO3,0,Protein
GO Biological Processes,19,GO:0090596,sensory organ morphogenesis,19_GO:0032502 developmental process,-2.1,3.8,3.4,795,18,58,5,8.6,3.7,356|1969|3791|6678|28514,FASLG|EPHA2|KDR|SPARC|DLL1,0,Protein
GO Biological Processes,19,GO:0016525,negative regulation of angiogenesis,19_GO:0032502 developmental process,-2.1,3.8,3.4,795,18,58,5,8.6,3.7,356|1969|3627|6678|11126,FASLG|EPHA2|CXCL10|SPARC|CD160,0,Protein
GO Biological Processes,19,GO:2000181,negative regulation of blood vessel morphogenesis,19_GO:0032502 developmental process,-2.1,3.8,3.4,795,18,58,5,8.6,3.7,356|1969|3627|6678|11126,FASLG|EPHA2|CXCL10|SPARC|CD160,0,Protein
GO Biological Processes,19,GO:0071375,cellular response to peptide hormone stimulus,19_GO:0050896 response to stimulus,-2.1,2.9,3.1,795,33,58,7,12,4.3,634|1969|2064|2066|3480|3791|5979,CEACAM1|EPHA2|ERBB2|ERBB4|IGF1R|KDR|RET,0,Protein
GO Biological Processes,19,GO:0048514,blood vessel morphogenesis,19_GO:0032502 developmental process,-2.1,2.2,2.9,795,69,58,11,19,5.1,634|1969|2348|3491|3685|3791|7048|11082|11126|28514|84870,CEACAM1|EPHA2|FOLR1|CCN1|ITGAV|KDR|TGFBR2|ESM1|CD160|DLL1|RSPO3,0,Protein
GO Biological Processes,19,GO:0045620,negative regulation of lymphocyte differentiation,19_GO:0002376 immune system process,-2.1,4.6,3.5,795,12,58,4,6.9,3.3,301|2064|3956|4192,ANXA1|ERBB2|LGALS1|MDK,0,Protein
GO Biological Processes,19,GO:0007173,epidermal growth factor receptor signaling pathway,19_GO:0050896 response to stimulus,-2.1,3.2,3.1,795,26,58,6,10,4,1969|2064|2066|3480|3791|5979,EPHA2|ERBB2|ERBB4|IGF1R|KDR|RET,0,Protein
GO Biological Processes,19,GO:0044344,cellular response to fibroblast growth factor stimulus,19_GO:0050896 response to stimulus,-2.1,2.8,3,795,34,58,7,12,4.3,1969|2064|2066|3480|3791|5979|10563,EPHA2|ERBB2|ERBB4|IGF1R|KDR|RET|CXCL13,0,Protein
GO Biological Processes,19,GO:0071774,response to fibroblast growth factor,19_GO:0050896 response to stimulus,-2.1,2.8,3,795,34,58,7,12,4.3,1969|2064|2066|3480|3791|5979|10563,EPHA2|ERBB2|ERBB4|IGF1R|KDR|RET|CXCL13,0,Protein
GO Biological Processes,19,GO:0002064,epithelial cell development,19_GO:0032502 developmental process,-2,3.6,3.2,795,19,58,5,8.6,3.7,1969|3791|5420|6382|28514,EPHA2|KDR|PODXL|SDC1|DLL1,0,Protein
GO Biological Processes,19,GO:1901343,negative regulation of vasculature development,19_GO:0032502 developmental process,-2,3.6,3.2,795,19,58,5,8.6,3.7,356|1969|3627|6678|11126,FASLG|EPHA2|CXCL10|SPARC|CD160,0,Protein
