_MEMBER_Protein,_LogP_Protein,GO,Description,_PATTERN_,_RANK_,GiniIndex
1,-2.1,GO:0045620,negative regulation of lymphocyte differentiation,M1,1,0
1,-2.8,GO:0035791,platelet-derived growth factor receptor-beta signaling pathway,M1,1,0
1,-3.1,GO:0038063,collagen-activated tyrosine kinase receptor signaling pathway,M1,1,0
1,-3,GO:0032869,cellular response to insulin stimulus,M1,1,0
1,-3.3,GO:0038109,Kit signaling pathway,M1,1,0
1,-2.8,GO:0038065,collagen-activated signaling pathway,M1,1,0
1,-3.4,GO:0048598,embryonic morphogenesis,M1,1,0
1,-3,GO:0036005,response to macrophage colony-stimulating factor,M1,1,0
1,-3.3,GO:0036215,response to stem cell factor,M1,1,0
1,-3.1,GO:0036006,cellular response to macrophage colony-stimulating factor stimulus,M1,1,0
1,-2.6,GO:0030335,positive regulation of cell migration,M1,1,0
1,-2.4,GO:0007507,heart development,M1,1,0
1,-2.2,GO:0033628,regulation of cell adhesion mediated by integrin,M1,1,0
1,-2.6,GO:0048592,eye morphogenesis,M1,1,0
1,-2.4,GO:0150063,visual system development,M1,1,0
1,-2.4,GO:0048880,sensory system development,M1,1,0
1,-2.4,GO:0001654,eye development,M1,1,0
1,-2.1,GO:0016525,negative regulation of angiogenesis,M1,1,0
1,-2.1,GO:0007173,epidermal growth factor receptor signaling pathway,M1,1,0
1,-3.3,GO:0048009,insulin-like growth factor receptor signaling pathway,M1,1,0
1,-2.6,GO:0048010,vascular endothelial growth factor receptor signaling pathway,M1,1,0
1,-2.5,GO:0033630,positive regulation of cell adhesion mediated by integrin,M1,1,0
1,-3,GO:0035924,cellular response to vascular endothelial growth factor stimulus,M1,1,0
1,-3.4,GO:0001947,heart looping,M1,1,0
1,-2,GO:0002064,epithelial cell development,M1,1,0
1,-2.6,GO:2000147,positive regulation of cell motility,M1,1,0
1,-2.8,GO:0002011,morphogenesis of an epithelial sheet,M1,1,0
1,-2.7,GO:0038084,vascular endothelial growth factor signaling pathway,M1,1,0
1,-2.5,GO:0035050,embryonic heart tube development,M1,1,0
1,-3.3,GO:0035790,platelet-derived growth factor receptor-alpha signaling pathway,M1,1,0
1,-2.8,GO:0090505,epiboly involved in wound healing,M1,1,0
1,-2.7,GO:0038127,ERBB signaling pathway,M1,1,0
1,-3,GO:0008286,insulin receptor signaling pathway,M1,1,0
1,-2.8,GO:0090504,epiboly,M1,1,0
1,-3.1,GO:0048012,hepatocyte growth factor receptor signaling pathway,M1,1,0
1,-2.1,GO:0071774,response to fibroblast growth factor,M1,1,0
1,-5.5,GO:0002009,morphogenesis of an epithelium,M1,1,0
1,-3.4,GO:0003143,embryonic heart tube morphogenesis,M1,1,0
1,-2.9,GO:0010656,negative regulation of muscle cell apoptotic process,M1,1,0
1,-2.9,GO:0033690,positive regulation of osteoblast proliferation,M1,1,0
1,-2.4,GO:0035239,tube morphogenesis,M1,1,0
1,-2.4,GO:0048008,platelet-derived growth factor receptor signaling pathway,M1,1,0
1,-2.2,GO:0048568,embryonic organ development,M1,1,0
1,-4.3,GO:0048729,tissue morphogenesis,M1,1,0
1,-2.1,GO:2000181,negative regulation of blood vessel morphogenesis,M1,1,0
1,-2.6,GO:1903707,negative regulation of hemopoiesis,M1,1,0
1,-2.3,GO:0002040,sprouting angiogenesis,M1,1,0
1,-2.1,GO:0044344,cellular response to fibroblast growth factor stimulus,M1,1,0
1,-4.2,GO:0045765,regulation of angiogenesis,M1,1,0
1,-3,GO:0045785,positive regulation of cell adhesion,M1,1,0
1,-2,GO:1901343,negative regulation of vasculature development,M1,1,0
1,-2.5,GO:0048013,ephrin receptor signaling pathway,M1,1,0
1,-3.3,GO:0036323,vascular endothelial growth factor receptor-1 signaling pathway,M1,1,0
1,-2.5,GO:0040017,positive regulation of locomotion,M1,1,0
1,-3.3,GO:0036216,cellular response to stem cell factor stimulus,M1,1,0
1,-2.1,GO:0071375,cellular response to peptide hormone stimulus,M1,1,0
1,-2.2,GO:0045581,negative regulation of T cell differentiation,M1,1,0
1,-2.8,GO:0044319,"wound healing, spreading of cells",M1,1,0
1,-2.1,GO:0090596,sensory organ morphogenesis,M1,1,0
1,-2.5,GO:0048562,embryonic organ morphogenesis,M1,1,0
1,-3.1,GO:0038145,macrophage colony-stimulating factor signaling pathway,M1,1,0
1,-3.3,GO:0031547,brain-derived neurotrophic factor receptor signaling pathway,M1,1,0
1,-2.7,GO:1902106,negative regulation of leukocyte differentiation,M1,1,0
1,-2.7,GO:0009611,response to wounding,M1,1,0
1,-2.1,GO:0048514,blood vessel morphogenesis,M1,1,0
1,-4,GO:1901342,regulation of vasculature development,M1,1,0
1,-3.4,GO:0061371,determination of heart left/right asymmetry,M1,1,0
