_MEMBER_Protein,_LogP_Protein,GO,Description,_PATTERN_,_RANK_,CHILD_GO_Protein
1,-5.495253407979082,GO:0032502,developmental process,M1,1,GO:0002009 morphogenesis of an epithelium
1,-3.2782481597820925,GO:0050896,response to stimulus,M1,1,GO:0031547 brain-derived neurotrophic factor receptor signaling pathway
1,-2.9898644441306383,GO:0048518,positive regulation of biological process,M1,1,GO:0045785 positive regulation of cell adhesion
1,-2.85313979154978,GO:0048519,negative regulation of biological process,M1,1,GO:0010656 negative regulation of muscle cell apoptotic process
1,-2.694100771347463,GO:0002376,immune system process,M1,1,GO:1902106 negative regulation of leukocyte differentiation
1,-2.5876036164929324,GO:0040011,locomotion,M1,1,GO:0030335 positive regulation of cell migration
1,-2.241799404162834,GO:0050789,regulation of biological process,M1,1,GO:0033628 regulation of cell adhesion mediated by integrin
